osgb4000000074576314,http://data.ordnancesurvey.co.uk/id/osgb4000000074576314,Ceann Hurnavay,,,,populatedPlace,Hamlet,139733.000,926673.000,5000,25000,139569.398,926011.521,140343.568,926951.592,HS2,http://data.ordnancesurvey.co.uk/id/postcodedistrict/HS2,,,,,,,Na h-Eileanan an Iar,http://data.ordnancesurvey.co.uk/id/7000000000030022,http://data.ordnancesurvey.co.uk/ontology/admingeo/UnitaryAuthority,Scotland,http://data.ordnancesurvey.co.uk/id/7000000000041429,Scotland,http://data.ordnancesurvey.co.uk/id/country/scotland,,,
osgb4000000074575761,http://data.ordnancesurvey.co.uk/id/osgb4000000074575761,Keose Glebe,eng,Glib Cheois,gla,populatedPlace,Hamlet,136362.000,921894.000,5000,25000,135914.527,921575.640,136583.127,922075.640,HS2,http://data.ordnancesurvey.co.uk/id/postcodedistrict/HS2,,,,,,,Na h-Eileanan an Iar,http://data.ordnancesurvey.co.uk/id/7000000000030022,http://data.ordnancesurvey.co.uk/ontology/admingeo/UnitaryAuthority,Scotland,http://data.ordnancesurvey.co.uk/id/7000000000041429,Scotland,http://data.ordnancesurvey.co.uk/id/country/scotland,,,
osgb4000000074336911,http://data.ordnancesurvey.co.uk/id/osgb4000000074336911,Cearsiadair,,,,populatedPlace,Hamlet,134036.580,920168.170,5000,25000,133590.005,919753.233,134258.020,920469.927,HS2,http://data.ordnancesurvey.co.uk/id/postcodedistrict/HS2,,,,,,,Na h-Eileanan an Iar,http://data.ordnancesurvey.co.uk/id/7000000000030022,http://data.ordnancesurvey.co.uk/ontology/admingeo/UnitaryAuthority,Scotland,http://data.ordnancesurvey.co.uk/id/7000000000041429,Scotland,http://data.ordnancesurvey.co.uk/id/country/scotland,,,
osgb4000000074336739,http://data.ordnancesurvey.co.uk/id/osgb4000000074336739,Ceòs,,,,populatedPlace,Hamlet,135309.000,921566.000,5000,25000,135004.618,921229.930,135949.717,921943.776,HS2,http://data.ordnancesurvey.co.uk/id/postcodedistrict/HS2,,,,,,,Na h-Eileanan an Iar,http://data.ordnancesurvey.co.uk/id/7000000000030022,http://data.ordnancesurvey.co.uk/ontology/admingeo/UnitaryAuthority,Scotland,http://data.ordnancesurvey.co.uk/id/7000000000041429,Scotland,http://data.ordnancesurvey.co.uk/id/country/scotland,,,
osgb4000000074336728,http://data.ordnancesurvey.co.uk/id/osgb4000000074336728,Lacasaidh,,,,populatedPlace,Village,132895.000,921789.000,14000,250000,131774.640,921262.021,133981.530,922212.139,HS2,http://data.ordnancesurvey.co.uk/id/postcodedistrict/HS2,,,,,,,Na h-Eileanan an Iar,http://data.ordnancesurvey.co.uk/id/7000000000030022,http://data.ordnancesurvey.co.uk/ontology/admingeo/UnitaryAuthority,Scotland,http://data.ordnancesurvey.co.uk/id/7000000000041429,Scotland,http://data.ordnancesurvey.co.uk/id/country/scotland,,,
osgb4000000074543207,http://data.ordnancesurvey.co.uk/id/osgb4000000074543207,Achamore,eng,Acha Mòr,gla,populatedPlace,Village,131812.230,928908.540,19000,250000,130161.849,928431.219,133112.748,929662.856,HS2,http://data.ordnancesurvey.co.uk/id/postcodedistrict/HS2,,,,,,,Na h-Eileanan an Iar,http://data.ordnancesurvey.co.uk/id/7000000000030022,http://data.ordnancesurvey.co.uk/ontology/admingeo/UnitaryAuthority,Scotland,http://data.ordnancesurvey.co.uk/id/7000000000041429,Scotland,http://data.ordnancesurvey.co.uk/id/country/scotland,,,
osgb4000000074575470,http://data.ordnancesurvey.co.uk/id/osgb4000000074575470,Crosbost,,,,populatedPlace,Village,139077.000,924657.000,11000,250000,138483.366,924251.215,140152.365,925417.501,HS2,http://data.ordnancesurvey.co.uk/id/postcodedistrict/HS2,,,,,,,Na h-Eileanan an Iar,http://data.ordnancesurvey.co.uk/id/7000000000030022,http://data.ordnancesurvey.co.uk/ontology/admingeo/UnitaryAuthority,Scotland,http://data.ordnancesurvey.co.uk/id/7000000000041429,Scotland,http://data.ordnancesurvey.co.uk/id/country/scotland,,http://dbpedia.org/resource/Crossbost,
osgb4000000074574381,http://data.ordnancesurvey.co.uk/id/osgb4000000074574381,Breascleit,gla,Breasclete,eng,populatedPlace,Village,121791.000,935434.000,12000,250000,120545.016,934674.871,122193.904,936459.491,HS2,http://data.ordnancesurvey.co.uk/id/postcodedistrict/HS2,,,,,,,Na h-Eileanan an Iar,http://data.ordnancesurvey.co.uk/id/7000000000030022,http://data.ordnancesurvey.co.uk/ontology/admingeo/UnitaryAuthority,Scotland,http://data.ordnancesurvey.co.uk/id/7000000000041429,Scotland,http://data.ordnancesurvey.co.uk/id/country/scotland,,,http://sws.geonames.org/2654827
osgb4000000074577362,http://data.ordnancesurvey.co.uk/id/osgb4000000074577362,Liurbost,,,,populatedPlace,Village,136101.740,925938.020,22000,250000,135140.349,924985.165,138503.476,927750.074,HS2,http://data.ordnancesurvey.co.uk/id/postcodedistrict/HS2,,,,,,,Na h-Eileanan an Iar,http://data.ordnancesurvey.co.uk/id/7000000000030022,http://data.ordnancesurvey.co.uk/ontology/admingeo/UnitaryAuthority,Scotland,http://data.ordnancesurvey.co.uk/id/7000000000041429,Scotland,http://data.ordnancesurvey.co.uk/id/country/scotland,,http://dbpedia.org/resource/Leurbost,http://sws.geonames.org/2644580
osgb4000000074576027,http://data.ordnancesurvey.co.uk/id/osgb4000000074576027,Baile Ailein,,,,populatedPlace,Village,128545.000,920742.000,26000,250000,126486.135,919970.051,130527.921,921448.018,HS2,http://data.ordnancesurvey.co.uk/id/postcodedistrict/HS2,,,,,,,Na h-Eileanan an Iar,http://data.ordnancesurvey.co.uk/id/7000000000030022,http://data.ordnancesurvey.co.uk/ontology/admingeo/UnitaryAuthority,Scotland,http://data.ordnancesurvey.co.uk/id/7000000000041429,Scotland,http://data.ordnancesurvey.co.uk/id/country/scotland,,http://dbpedia.org/resource/Balallan,
osgb4000000074543272,http://data.ordnancesurvey.co.uk/id/osgb4000000074543272,Gearraidh na h-Aibhne,,Garynahine,eng,populatedPlace,Other Settlement,123501.260,931438.540,15000,25000,123093.754,931387.152,123872.953,932387.546,HS2,http://data.ordnancesurvey.co.uk/id/postcodedistrict/HS2,,,,,,,Na h-Eileanan an Iar,http://data.ordnancesurvey.co.uk/id/7000000000030022,http://data.ordnancesurvey.co.uk/ontology/admingeo/UnitaryAuthority,Scotland,http://data.ordnancesurvey.co.uk/id/7000000000041429,Scotland,http://data.ordnancesurvey.co.uk/id/country/scotland,,,
osgb4000000074575468,http://data.ordnancesurvey.co.uk/id/osgb4000000074575468,Cromor,gla,Cromore,eng,populatedPlace,Village,139840.000,921153.000,12000,250000,139177.106,919932.941,140162.415,921727.607,HS2,http://data.ordnancesurvey.co.uk/id/postcodedistrict/HS2,,,,,,,Na h-Eileanan an Iar,http://data.ordnancesurvey.co.uk/id/7000000000030022,http://data.ordnancesurvey.co.uk/ontology/admingeo/UnitaryAuthority,Scotland,http://data.ordnancesurvey.co.uk/id/7000000000041429,Scotland,http://data.ordnancesurvey.co.uk/id/country/scotland,,http://dbpedia.org/resource/Cromore,http://sws.geonames.org/2651923
osgb4000000074543273,http://data.ordnancesurvey.co.uk/id/osgb4000000074543273,Calanais,gla,Callanish,eng,populatedPlace,Village,121356.000,933653.000,14000,250000,121213.624,932664.037,122721.753,934780.441,HS2,http://data.ordnancesurvey.co.uk/id/postcodedistrict/HS2,,,,,,,Na h-Eileanan an Iar,http://data.ordnancesurvey.co.uk/id/7000000000030022,http://data.ordnancesurvey.co.uk/ontology/admingeo/UnitaryAuthority,Scotland,http://data.ordnancesurvey.co.uk/id/7000000000041429,Scotland,http://data.ordnancesurvey.co.uk/id/country/scotland,,http://dbpedia.org/resource/Callanish,
osgb4000000074574118,http://data.ordnancesurvey.co.uk/id/osgb4000000074574118,Linsiadar,gla,Linshader,eng,populatedPlace,Hamlet,120967.430,932017.760,5000,25000,120539.994,931688.776,121198.544,932256.844,HS2,http://data.ordnancesurvey.co.uk/id/postcodedistrict/HS2,,,,,,,Na h-Eileanan an Iar,http://data.ordnancesurvey.co.uk/id/7000000000030022,http://data.ordnancesurvey.co.uk/ontology/admingeo/UnitaryAuthority,Scotland,http://data.ordnancesurvey.co.uk/id/7000000000041429,Scotland,http://data.ordnancesurvey.co.uk/id/country/scotland,,,
osgb4000000074578035,http://data.ordnancesurvey.co.uk/id/osgb4000000074578035,Loch a' Ghainmhich,,,,populatedPlace,Hamlet,129213.390,929843.160,5000,25000,128769.340,929552.258,129664.169,930095.192,HS2,http://data.ordnancesurvey.co.uk/id/postcodedistrict/HS2,,,,,,,Na h-Eileanan an Iar,http://data.ordnancesurvey.co.uk/id/7000000000030022,http://data.ordnancesurvey.co.uk/ontology/admingeo/UnitaryAuthority,Scotland,http://data.ordnancesurvey.co.uk/id/7000000000041429,Scotland,http://data.ordnancesurvey.co.uk/id/country/scotland,,,
HS29NP,http://data.ordnancesurvey.co.uk/id/postcodeunit/HS29NP,HS2 9NP,,,,other,Postcode,139359.703,924580.409,3500,18000,,,,,,,Crosbost,http://data.ordnancesurvey.co.uk/id/4000000074575470,http://www.ordnancesurvey.co.uk/xml/codelists/localtype.xml#village,,,,Na h-Eileanan an Iar,http://data.ordnancesurvey.co.uk/id/7000000000030022,http://data.ordnancesurvey.co.uk/ontology/admingeo/UnitaryAuthority,Scotland,http://data.ordnancesurvey.co.uk/id/7000000000041429,Scotland,http://data.ordnancesurvey.co.uk/id/country/scotland,,,
HS29DR,http://data.ordnancesurvey.co.uk/id/postcodeunit/HS29DR,HS2 9DR,,,,other,Postcode,120937.580,931970.120,3500,18000,,,,,,,Linsiadar / Linshader,http://data.ordnancesurvey.co.uk/id/4000000074574118,http://www.ordnancesurvey.co.uk/xml/codelists/localtype.xml#hamlet,,,,Na h-Eileanan an Iar,http://data.ordnancesurvey.co.uk/id/7000000000030022,http://data.ordnancesurvey.co.uk/ontology/admingeo/UnitaryAuthority,Scotland,http://data.ordnancesurvey.co.uk/id/7000000000041429,Scotland,http://data.ordnancesurvey.co.uk/id/country/scotland,,,
HS29NR,http://data.ordnancesurvey.co.uk/id/postcodeunit/HS29NR,HS2 9NR,,,,other,Postcode,136903.200,925965.300,3500,18000,,,,,,,Liurbost,http://data.ordnancesurvey.co.uk/id/4000000074577362,http://www.ordnancesurvey.co.uk/xml/codelists/localtype.xml#village,,,,Na h-Eileanan an Iar,http://data.ordnancesurvey.co.uk/id/7000000000030022,http://data.ordnancesurvey.co.uk/ontology/admingeo/UnitaryAuthority,Scotland,http://data.ordnancesurvey.co.uk/id/7000000000041429,Scotland,http://data.ordnancesurvey.co.uk/id/country/scotland,,,
HS29NF,http://data.ordnancesurvey.co.uk/id/postcodeunit/HS29NF,HS2 9NF,,,,other,Postcode,136971.900,929031.500,3500,18000,,,,,,,,,,,,,Na h-Eileanan an Iar,http://data.ordnancesurvey.co.uk/id/7000000000030022,http://data.ordnancesurvey.co.uk/ontology/admingeo/UnitaryAuthority,Scotland,http://data.ordnancesurvey.co.uk/id/7000000000041429,Scotland,http://data.ordnancesurvey.co.uk/id/country/scotland,,,
HS29DX,http://data.ordnancesurvey.co.uk/id/postcodeunit/HS29DX,HS2 9DX,,,,other,Postcode,121850.700,933593.300,3500,18000,,,,,,,Calanais / Callanish,http://data.ordnancesurvey.co.uk/id/4000000074543273,http://www.ordnancesurvey.co.uk/xml/codelists/localtype.xml#village,,,,Na h-Eileanan an Iar,http://data.ordnancesurvey.co.uk/id/7000000000030022,http://data.ordnancesurvey.co.uk/ontology/admingeo/UnitaryAuthority,Scotland,http://data.ordnancesurvey.co.uk/id/7000000000041429,Scotland,http://data.ordnancesurvey.co.uk/id/country/scotland,,,
HS29QH,http://data.ordnancesurvey.co.uk/id/postcodeunit/HS29QH,HS2 9QH,,,,other,Postcode,139954.572,921125.508,3500,18000,,,,,,,Cromor / Cromore,http://data.ordnancesurvey.co.uk/id/4000000074575468,http://www.ordnancesurvey.co.uk/xml/codelists/localtype.xml#village,,,,Na h-Eileanan an Iar,http://data.ordnancesurvey.co.uk/id/7000000000030022,http://data.ordnancesurvey.co.uk/ontology/admingeo/UnitaryAuthority,Scotland,http://data.ordnancesurvey.co.uk/id/7000000000041429,Scotland,http://data.ordnancesurvey.co.uk/id/country/scotland,,,
HS29ED,http://data.ordnancesurvey.co.uk/id/postcodeunit/HS29ED,HS2 9ED,,,,other,Postcode,121540.139,935160.961,3500,18000,,,,,,,Breascleit / Breasclete,http://data.ordnancesurvey.co.uk/id/4000000074574381,http://www.ordnancesurvey.co.uk/xml/codelists/localtype.xml#village,,,,Na h-Eileanan an Iar,http://data.ordnancesurvey.co.uk/id/7000000000030022,http://data.ordnancesurvey.co.uk/ontology/admingeo/UnitaryAuthority,Scotland,http://data.ordnancesurvey.co.uk/id/7000000000041429,Scotland,http://data.ordnancesurvey.co.uk/id/country/scotland,,,
HS29DT,http://data.ordnancesurvey.co.uk/id/postcodeunit/HS29DT,HS2 9DT,,,,other,Postcode,129203.300,929830.800,3500,18000,,,,,,,Loch a' Ghainmhich,http://data.ordnancesurvey.co.uk/id/4000000074578035,http://www.ordnancesurvey.co.uk/xml/codelists/localtype.xml#hamlet,,,,Na h-Eileanan an Iar,http://data.ordnancesurvey.co.uk/id/7000000000030022,http://data.ordnancesurvey.co.uk/ontology/admingeo/UnitaryAuthority,Scotland,http://data.ordnancesurvey.co.uk/id/7000000000041429,Scotland,http://data.ordnancesurvey.co.uk/id/country/scotland,,,
HS29JB,http://data.ordnancesurvey.co.uk/id/postcodeunit/HS29JB,HS2 9JB,,,,other,Postcode,139736.130,931361.686,3500,18000,,,,,,,,,,,,,Na h-Eileanan an Iar,http://data.ordnancesurvey.co.uk/id/7000000000030022,http://data.ordnancesurvey.co.uk/ontology/admingeo/UnitaryAuthority,Scotland,http://data.ordnancesurvey.co.uk/id/7000000000041429,Scotland,http://data.ordnancesurvey.co.uk/id/country/scotland,,,
HS29NT,http://data.ordnancesurvey.co.uk/id/postcodeunit/HS29NT,HS2 9NT,,,,other,Postcode,137847.700,925956.200,3500,18000,,,,,,,Liurbost,http://data.ordnancesurvey.co.uk/id/4000000074577362,http://www.ordnancesurvey.co.uk/xml/codelists/localtype.xml#village,,,,Na h-Eileanan an Iar,http://data.ordnancesurvey.co.uk/id/7000000000030022,http://data.ordnancesurvey.co.uk/ontology/admingeo/UnitaryAuthority,Scotland,http://data.ordnancesurvey.co.uk/id/7000000000041429,Scotland,http://data.ordnancesurvey.co.uk/id/country/scotland,,,
HS29PE,http://data.ordnancesurvey.co.uk/id/postcodeunit/HS29PE,HS2 9PE,,,,other,Postcode,135540.378,927459.039,3500,18000,,,,,,,Liurbost,http://data.ordnancesurvey.co.uk/id/4000000074577362,http://www.ordnancesurvey.co.uk/xml/codelists/localtype.xml#village,,,,Na h-Eileanan an Iar,http://data.ordnancesurvey.co.uk/id/7000000000030022,http://data.ordnancesurvey.co.uk/ontology/admingeo/UnitaryAuthority,Scotland,http://data.ordnancesurvey.co.uk/id/7000000000041429,Scotland,http://data.ordnancesurvey.co.uk/id/country/scotland,,,
HS29DS,http://data.ordnancesurvey.co.uk/id/postcodeunit/HS29DS,HS2 9DS,,,,other,Postcode,123475.722,931947.070,3500,18000,,,,,,,Gearraidh na h-Aibhne / Garynahine,http://data.ordnancesurvey.co.uk/id/4000000074543272,http://www.ordnancesurvey.co.uk/xml/codelists/localtype.xml#otherSettlement,,,,Na h-Eileanan an Iar,http://data.ordnancesurvey.co.uk/id/7000000000030022,http://data.ordnancesurvey.co.uk/ontology/admingeo/UnitaryAuthority,Scotland,http://data.ordnancesurvey.co.uk/id/7000000000041429,Scotland,http://data.ordnancesurvey.co.uk/id/country/scotland,,,
HS29NU,http://data.ordnancesurvey.co.uk/id/postcodeunit/HS29NU,HS2 9NU,,,,other,Postcode,137382.150,925829.019,3500,18000,,,,,,,Liurbost,http://data.ordnancesurvey.co.uk/id/4000000074577362,http://www.ordnancesurvey.co.uk/xml/codelists/localtype.xml#village,,,,Na h-Eileanan an Iar,http://data.ordnancesurvey.co.uk/id/7000000000030022,http://data.ordnancesurvey.co.uk/ontology/admingeo/UnitaryAuthority,Scotland,http://data.ordnancesurvey.co.uk/id/7000000000041429,Scotland,http://data.ordnancesurvey.co.uk/id/country/scotland,,,
HS29NX,http://data.ordnancesurvey.co.uk/id/postcodeunit/HS29NX,HS2 9NX,,,,other,Postcode,136045.510,926135.398,3500,18000,,,,,,,,,,,,,Na h-Eileanan an Iar,http://data.ordnancesurvey.co.uk/id/7000000000030022,http://data.ordnancesurvey.co.uk/ontology/admingeo/UnitaryAuthority,Scotland,http://data.ordnancesurvey.co.uk/id/7000000000041429,Scotland,http://data.ordnancesurvey.co.uk/id/country/scotland,,,
HS29PN,http://data.ordnancesurvey.co.uk/id/postcodeunit/HS29PN,HS2 9PN,,,,other,Postcode,129458.659,920781.843,3500,18000,,,,,,,Baile Ailein,http://data.ordnancesurvey.co.uk/id/4000000074576027,http://www.ordnancesurvey.co.uk/xml/codelists/localtype.xml#village,,,,Na h-Eileanan an Iar,http://data.ordnancesurvey.co.uk/id/7000000000030022,http://data.ordnancesurvey.co.uk/ontology/admingeo/UnitaryAuthority,Scotland,http://data.ordnancesurvey.co.uk/id/7000000000041429,Scotland,http://data.ordnancesurvey.co.uk/id/country/scotland,,,
HS29QE,http://data.ordnancesurvey.co.uk/id/postcodeunit/HS29QE,HS2 9QE,,,,other,Postcode,136574.100,920015.600,3500,18000,,,,,,,Cabharstadh,http://data.ordnancesurvey.co.uk/id/4000000074575760,http://www.ordnancesurvey.co.uk/xml/codelists/localtype.xml#hamlet,,,,Na h-Eileanan an Iar,http://data.ordnancesurvey.co.uk/id/7000000000030022,http://data.ordnancesurvey.co.uk/ontology/admingeo/UnitaryAuthority,Scotland,http://data.ordnancesurvey.co.uk/id/7000000000041429,Scotland,http://data.ordnancesurvey.co.uk/id/country/scotland,,,
HS29JW,http://data.ordnancesurvey.co.uk/id/postcodeunit/HS29JW,HS2 9JW,,,,other,Postcode,138345.500,930501.000,3500,18000,,,,,,,,,,,,,Na h-Eileanan an Iar,http://data.ordnancesurvey.co.uk/id/7000000000030022,http://data.ordnancesurvey.co.uk/ontology/admingeo/UnitaryAuthority,Scotland,http://data.ordnancesurvey.co.uk/id/7000000000041429,Scotland,http://data.ordnancesurvey.co.uk/id/country/scotland,,,
HS29QJ,http://data.ordnancesurvey.co.uk/id/postcodeunit/HS29QJ,HS2 9QJ,,,,other,Postcode,139440.400,920254.200,3500,18000,,,,,,,Cromor / Cromore,http://data.ordnancesurvey.co.uk/id/4000000074575468,http://www.ordnancesurvey.co.uk/xml/codelists/localtype.xml#village,,,,Na h-Eileanan an Iar,http://data.ordnancesurvey.co.uk/id/7000000000030022,http://data.ordnancesurvey.co.uk/ontology/admingeo/UnitaryAuthority,Scotland,http://data.ordnancesurvey.co.uk/id/7000000000041429,Scotland,http://data.ordnancesurvey.co.uk/id/country/scotland,,,
HS29PJ,http://data.ordnancesurvey.co.uk/id/postcodeunit/HS29PJ,HS2 9PJ,,,,other,Postcode,133179.453,921740.206,3500,18000,,,,,,,Lacasaidh,http://data.ordnancesurvey.co.uk/id/4000000074336728,http://www.ordnancesurvey.co.uk/xml/codelists/localtype.xml#village,,,,Na h-Eileanan an Iar,http://data.ordnancesurvey.co.uk/id/7000000000030022,http://data.ordnancesurvey.co.uk/ontology/admingeo/UnitaryAuthority,Scotland,http://data.ordnancesurvey.co.uk/id/7000000000041429,Scotland,http://data.ordnancesurvey.co.uk/id/country/scotland,,,
HS29EA,http://data.ordnancesurvey.co.uk/id/postcodeunit/HS29EA,HS2 9EA,,,,other,Postcode,121542.800,934953.400,3500,18000,,,,,,,Breascleit / Breasclete,http://data.ordnancesurvey.co.uk/id/4000000074574381,http://www.ordnancesurvey.co.uk/xml/codelists/localtype.xml#village,,,,Na h-Eileanan an Iar,http://data.ordnancesurvey.co.uk/id/7000000000030022,http://data.ordnancesurvey.co.uk/ontology/admingeo/UnitaryAuthority,Scotland,http://data.ordnancesurvey.co.uk/id/7000000000041429,Scotland,http://data.ordnancesurvey.co.uk/id/country/scotland,,,
HS29QA,http://data.ordnancesurvey.co.uk/id/postcodeunit/HS29QA,HS2 9QA,,,,other,Postcode,133919.718,920012.365,3500,18000,,,,,,,Cearsiadair,http://data.ordnancesurvey.co.uk/id/4000000074336911,http://www.ordnancesurvey.co.uk/xml/codelists/localtype.xml#hamlet,,,,Na h-Eileanan an Iar,http://data.ordnancesurvey.co.uk/id/7000000000030022,http://data.ordnancesurvey.co.uk/ontology/admingeo/UnitaryAuthority,Scotland,http://data.ordnancesurvey.co.uk/id/7000000000041429,Scotland,http://data.ordnancesurvey.co.uk/id/country/scotland,,,
HS29PS,http://data.ordnancesurvey.co.uk/id/postcodeunit/HS29PS,HS2 9PS,,,,other,Postcode,128558.200,920675.600,3500,18000,,,,,,,Baile Ailein,http://data.ordnancesurvey.co.uk/id/4000000074576027,http://www.ordnancesurvey.co.uk/xml/codelists/localtype.xml#village,,,,Na h-Eileanan an Iar,http://data.ordnancesurvey.co.uk/id/7000000000030022,http://data.ordnancesurvey.co.uk/ontology/admingeo/UnitaryAuthority,Scotland,http://data.ordnancesurvey.co.uk/id/7000000000041429,Scotland,http://data.ordnancesurvey.co.uk/id/country/scotland,,,
HS29EF,http://data.ordnancesurvey.co.uk/id/postcodeunit/HS29EF,HS2 9EF,,,,other,Postcode,121291.828,935573.521,3500,18000,,,,,,,Breascleit / Breasclete,http://data.ordnancesurvey.co.uk/id/4000000074574381,http://www.ordnancesurvey.co.uk/xml/codelists/localtype.xml#village,,,,Na h-Eileanan an Iar,http://data.ordnancesurvey.co.uk/id/7000000000030022,http://data.ordnancesurvey.co.uk/ontology/admingeo/UnitaryAuthority,Scotland,http://data.ordnancesurvey.co.uk/id/7000000000041429,Scotland,http://data.ordnancesurvey.co.uk/id/country/scotland,,,
HS29PA,http://data.ordnancesurvey.co.uk/id/postcodeunit/HS29PA,HS2 9PA,,,,other,Postcode,135308.600,926972.600,3500,18000,,,,,,,Liurbost,http://data.ordnancesurvey.co.uk/id/4000000074577362,http://www.ordnancesurvey.co.uk/xml/codelists/localtype.xml#village,,,,Na h-Eileanan an Iar,http://data.ordnancesurvey.co.uk/id/7000000000030022,http://data.ordnancesurvey.co.uk/ontology/admingeo/UnitaryAuthority,Scotland,http://data.ordnancesurvey.co.uk/id/7000000000041429,Scotland,http://data.ordnancesurvey.co.uk/id/country/scotland,,,
HS29JX,http://data.ordnancesurvey.co.uk/id/postcodeunit/HS29JX,HS2 9JX,,,,other,Postcode,136252.000,921870.200,3500,18000,,,,,,,Keose Glebe / Glib Cheois,http://data.ordnancesurvey.co.uk/id/4000000074575761,http://www.ordnancesurvey.co.uk/xml/codelists/localtype.xml#hamlet,,,,Na h-Eileanan an Iar,http://data.ordnancesurvey.co.uk/id/7000000000030022,http://data.ordnancesurvey.co.uk/ontology/admingeo/UnitaryAuthority,Scotland,http://data.ordnancesurvey.co.uk/id/7000000000041429,Scotland,http://data.ordnancesurvey.co.uk/id/country/scotland,,,
HS29EJ,http://data.ordnancesurvey.co.uk/id/postcodeunit/HS29EJ,HS2 9EJ,,,,other,Postcode,121530.300,929983.000,3500,18000,,,,,,,,,,,,,Na h-Eileanan an Iar,http://data.ordnancesurvey.co.uk/id/7000000000030022,http://data.ordnancesurvey.co.uk/ontology/admingeo/UnitaryAuthority,Scotland,http://data.ordnancesurvey.co.uk/id/7000000000041429,Scotland,http://data.ordnancesurvey.co.uk/id/country/scotland,,,
HS29JR,http://data.ordnancesurvey.co.uk/id/postcodeunit/HS29JR,HS2 9JR,,,,other,Postcode,134843.000,924719.167,3500,18000,,,,,,,,,,,,,Na h-Eileanan an Iar,http://data.ordnancesurvey.co.uk/id/7000000000030022,http://data.ordnancesurvey.co.uk/ontology/admingeo/UnitaryAuthority,Scotland,http://data.ordnancesurvey.co.uk/id/7000000000041429,Scotland,http://data.ordnancesurvey.co.uk/id/country/scotland,,,
HS29LA,http://data.ordnancesurvey.co.uk/id/postcodeunit/HS29LA,HS2 9LA,,,,other,Postcode,132062.000,922015.900,3500,18000,,,,,,,Lacasaidh,http://data.ordnancesurvey.co.uk/id/4000000074336728,http://www.ordnancesurvey.co.uk/xml/codelists/localtype.xml#village,,,,Na h-Eileanan an Iar,http://data.ordnancesurvey.co.uk/id/7000000000030022,http://data.ordnancesurvey.co.uk/ontology/admingeo/UnitaryAuthority,Scotland,http://data.ordnancesurvey.co.uk/id/7000000000041429,Scotland,http://data.ordnancesurvey.co.uk/id/country/scotland,,,
HS29NJ,http://data.ordnancesurvey.co.uk/id/postcodeunit/HS29NJ,HS2 9NJ,,,,other,Postcode,139305.000,927444.500,3500,18000,,,,,,,,,,,,,Na h-Eileanan an Iar,http://data.ordnancesurvey.co.uk/id/7000000000030022,http://data.ordnancesurvey.co.uk/ontology/admingeo/UnitaryAuthority,Scotland,http://data.ordnancesurvey.co.uk/id/7000000000041429,Scotland,http://data.ordnancesurvey.co.uk/id/country/scotland,,,
HS29JT,http://data.ordnancesurvey.co.uk/id/postcodeunit/HS29JT,HS2 9JT,,,,other,Postcode,135494.671,921600.159,3500,18000,,,,,,,Ceòs,http://data.ordnancesurvey.co.uk/id/4000000074336739,http://www.ordnancesurvey.co.uk/xml/codelists/localtype.xml#hamlet,,,,Na h-Eileanan an Iar,http://data.ordnancesurvey.co.uk/id/7000000000030022,http://data.ordnancesurvey.co.uk/ontology/admingeo/UnitaryAuthority,Scotland,http://data.ordnancesurvey.co.uk/id/7000000000041429,Scotland,http://data.ordnancesurvey.co.uk/id/country/scotland,,,
HS29JP,http://data.ordnancesurvey.co.uk/id/postcodeunit/HS29JP,HS2 9JP,,,,other,Postcode,135193.500,926952.500,3500,18000,,,,,,,Liurbost,http://data.ordnancesurvey.co.uk/id/4000000074577362,http://www.ordnancesurvey.co.uk/xml/codelists/localtype.xml#village,,,,Na h-Eileanan an Iar,http://data.ordnancesurvey.co.uk/id/7000000000030022,http://data.ordnancesurvey.co.uk/ontology/admingeo/UnitaryAuthority,Scotland,http://data.ordnancesurvey.co.uk/id/7000000000041429,Scotland,http://data.ordnancesurvey.co.uk/id/country/scotland,,,
HS29PP,http://data.ordnancesurvey.co.uk/id/postcodeunit/HS29PP,HS2 9PP,,,,other,Postcode,128556.000,920753.800,3500,18000,,,,,,,Baile Ailein,http://data.ordnancesurvey.co.uk/id/4000000074576027,http://www.ordnancesurvey.co.uk/xml/codelists/localtype.xml#village,,,,Na h-Eileanan an Iar,http://data.ordnancesurvey.co.uk/id/7000000000030022,http://data.ordnancesurvey.co.uk/ontology/admingeo/UnitaryAuthority,Scotland,http://data.ordnancesurvey.co.uk/id/7000000000041429,Scotland,http://data.ordnancesurvey.co.uk/id/country/scotland,,,
HS29DU,http://data.ordnancesurvey.co.uk/id/postcodeunit/HS29DU,HS2 9DU,,,,other,Postcode,131317.534,929210.899,3500,18000,,,,,,,Achamore / Acha Mòr,http://data.ordnancesurvey.co.uk/id/4000000074543207,http://www.ordnancesurvey.co.uk/xml/codelists/localtype.xml#village,,,,Na h-Eileanan an Iar,http://data.ordnancesurvey.co.uk/id/7000000000030022,http://data.ordnancesurvey.co.uk/ontology/admingeo/UnitaryAuthority,Scotland,http://data.ordnancesurvey.co.uk/id/7000000000041429,Scotland,http://data.ordnancesurvey.co.uk/id/country/scotland,,,
HS29NL,http://data.ordnancesurvey.co.uk/id/postcodeunit/HS29NL,HS2 9NL,,,,other,Postcode,139171.300,925309.700,3500,18000,,,,,,,Crosbost,http://data.ordnancesurvey.co.uk/id/4000000074575470,http://www.ordnancesurvey.co.uk/xml/codelists/localtype.xml#village,,,,Na h-Eileanan an Iar,http://data.ordnancesurvey.co.uk/id/7000000000030022,http://data.ordnancesurvey.co.uk/ontology/admingeo/UnitaryAuthority,Scotland,http://data.ordnancesurvey.co.uk/id/7000000000041429,Scotland,http://data.ordnancesurvey.co.uk/id/country/scotland,,,
HS29DZ,http://data.ordnancesurvey.co.uk/id/postcodeunit/HS29DZ,HS2 9DZ,,,,other,Postcode,121830.018,934448.899,3500,18000,,,,,,,Calanais / Callanish,http://data.ordnancesurvey.co.uk/id/4000000074543273,http://www.ordnancesurvey.co.uk/xml/codelists/localtype.xml#village,,,,Na h-Eileanan an Iar,http://data.ordnancesurvey.co.uk/id/7000000000030022,http://data.ordnancesurvey.co.uk/ontology/admingeo/UnitaryAuthority,Scotland,http://data.ordnancesurvey.co.uk/id/7000000000041429,Scotland,http://data.ordnancesurvey.co.uk/id/country/scotland,,,
HS29PR,http://data.ordnancesurvey.co.uk/id/postcodeunit/HS29PR,HS2 9PR,,,,other,Postcode,128685.500,920785.000,3500,18000,,,,,,,Baile Ailein,http://data.ordnancesurvey.co.uk/id/4000000074576027,http://www.ordnancesurvey.co.uk/xml/codelists/localtype.xml#village,,,,Na h-Eileanan an Iar,http://data.ordnancesurvey.co.uk/id/7000000000030022,http://data.ordnancesurvey.co.uk/ontology/admingeo/UnitaryAuthority,Scotland,http://data.ordnancesurvey.co.uk/id/7000000000041429,Scotland,http://data.ordnancesurvey.co.uk/id/country/scotland,,,
HS29DY,http://data.ordnancesurvey.co.uk/id/postcodeunit/HS29DY,HS2 9DY,,,,other,Postcode,121697.358,933260.312,3500,18000,,,,,,,Calanais / Callanish,http://data.ordnancesurvey.co.uk/id/4000000074543273,http://www.ordnancesurvey.co.uk/xml/codelists/localtype.xml#village,,,,Na h-Eileanan an Iar,http://data.ordnancesurvey.co.uk/id/7000000000030022,http://data.ordnancesurvey.co.uk/ontology/admingeo/UnitaryAuthority,Scotland,http://data.ordnancesurvey.co.uk/id/7000000000041429,Scotland,http://data.ordnancesurvey.co.uk/id/country/scotland,,,
HS29PW,http://data.ordnancesurvey.co.uk/id/postcodeunit/HS29PW,HS2 9PW,,,,other,Postcode,130199.800,921249.100,3500,18000,,,,,,,Baile Ailein,http://data.ordnancesurvey.co.uk/id/4000000074576027,http://www.ordnancesurvey.co.uk/xml/codelists/localtype.xml#village,,,,Na h-Eileanan an Iar,http://data.ordnancesurvey.co.uk/id/7000000000030022,http://data.ordnancesurvey.co.uk/ontology/admingeo/UnitaryAuthority,Scotland,http://data.ordnancesurvey.co.uk/id/7000000000041429,Scotland,http://data.ordnancesurvey.co.uk/id/country/scotland,,,
HS29NG,http://data.ordnancesurvey.co.uk/id/postcodeunit/HS29NG,HS2 9NG,,,,other,Postcode,137884.611,925771.096,3500,18000,,,,,,,Liurbost,http://data.ordnancesurvey.co.uk/id/4000000074577362,http://www.ordnancesurvey.co.uk/xml/codelists/localtype.xml#village,,,,Na h-Eileanan an Iar,http://data.ordnancesurvey.co.uk/id/7000000000030022,http://data.ordnancesurvey.co.uk/ontology/admingeo/UnitaryAuthority,Scotland,http://data.ordnancesurvey.co.uk/id/7000000000041429,Scotland,http://data.ordnancesurvey.co.uk/id/country/scotland,,,
HS29NY,http://data.ordnancesurvey.co.uk/id/postcodeunit/HS29NY,HS2 9NY,,,,other,Postcode,135463.618,926576.291,3500,18000,,,,,,,Liurbost,http://data.ordnancesurvey.co.uk/id/4000000074577362,http://www.ordnancesurvey.co.uk/xml/codelists/localtype.xml#village,,,,Na h-Eileanan an Iar,http://data.ordnancesurvey.co.uk/id/7000000000030022,http://data.ordnancesurvey.co.uk/ontology/admingeo/UnitaryAuthority,Scotland,http://data.ordnancesurvey.co.uk/id/7000000000041429,Scotland,http://data.ordnancesurvey.co.uk/id/country/scotland,,,
HS29NW,http://data.ordnancesurvey.co.uk/id/postcodeunit/HS29NW,HS2 9NW,,,,other,Postcode,139450.229,925193.700,3500,18000,,,,,,,Crosbost,http://data.ordnancesurvey.co.uk/id/4000000074575470,http://www.ordnancesurvey.co.uk/xml/codelists/localtype.xml#village,,,,Na h-Eileanan an Iar,http://data.ordnancesurvey.co.uk/id/7000000000030022,http://data.ordnancesurvey.co.uk/ontology/admingeo/UnitaryAuthority,Scotland,http://data.ordnancesurvey.co.uk/id/7000000000041429,Scotland,http://data.ordnancesurvey.co.uk/id/country/scotland,,,
HS29PB,http://data.ordnancesurvey.co.uk/id/postcodeunit/HS29PB,HS2 9PB,,,,other,Postcode,135417.000,927344.000,3500,18000,,,,,,,Liurbost,http://data.ordnancesurvey.co.uk/id/4000000074577362,http://www.ordnancesurvey.co.uk/xml/codelists/localtype.xml#village,,,,Na h-Eileanan an Iar,http://data.ordnancesurvey.co.uk/id/7000000000030022,http://data.ordnancesurvey.co.uk/ontology/admingeo/UnitaryAuthority,Scotland,http://data.ordnancesurvey.co.uk/id/7000000000041429,Scotland,http://data.ordnancesurvey.co.uk/id/country/scotland,,,
osgb4000000003307748,http://data.ordnancesurvey.co.uk/id/osgb4000000003307748,Tomair,,,,transportNetwork,Named Road,128520.000,920768.000,1000,20000,128464.535,920656.000,128585.000,920876.652,HS2,http://data.ordnancesurvey.co.uk/id/postcodedistrict/HS2,Baile Ailein,http://data.ordnancesurvey.co.uk/id/4000000074576027,http://www.ordnancesurvey.co.uk/xml/codelists/localtype.xml#village,,,,Na h-Eileanan an Iar,http://data.ordnancesurvey.co.uk/id/7000000000030022,http://data.ordnancesurvey.co.uk/ontology/admingeo/UnitaryAuthority,Scotland,http://data.ordnancesurvey.co.uk/id/7000000000041429,Scotland,http://data.ordnancesurvey.co.uk/id/country/scotland,,,
osgb4000000003309377,http://data.ordnancesurvey.co.uk/id/osgb4000000003309377,Liurbost,,,,transportNetwork,Named Road,136842.106,925915.223,20000,20000,135303.800,925094.289,138431.222,927040.191,HS2,http://data.ordnancesurvey.co.uk/id/postcodedistrict/HS2,Liurbost,http://data.ordnancesurvey.co.uk/id/4000000074577362,http://www.ordnancesurvey.co.uk/xml/codelists/localtype.xml#village,,,,Na h-Eileanan an Iar,http://data.ordnancesurvey.co.uk/id/7000000000030022,http://data.ordnancesurvey.co.uk/ontology/admingeo/UnitaryAuthority,Scotland,http://data.ordnancesurvey.co.uk/id/7000000000041429,Scotland,http://data.ordnancesurvey.co.uk/id/country/scotland,,,
osgb4000000003307678,http://data.ordnancesurvey.co.uk/id/osgb4000000003307678,Pentland Road,,,,transportNetwork,Named Road,127854.000,935826.000,20000,102000,120607.000,933787.000,136361.000,942596.000,HS2,http://data.ordnancesurvey.co.uk/id/postcodedistrict/HS2,,,,,,,Na h-Eileanan an Iar,http://data.ordnancesurvey.co.uk/id/7000000000030022,http://data.ordnancesurvey.co.uk/ontology/admingeo/UnitaryAuthority,Scotland,http://data.ordnancesurvey.co.uk/id/7000000000041429,Scotland,http://data.ordnancesurvey.co.uk/id/country/scotland,,,
osgb4000000003308263,http://data.ordnancesurvey.co.uk/id/osgb4000000003308263,A858,,,,transportNetwork,Numbered Road,121781.000,934803.000,141000,1000000,119477.000,927280.627,135705.000,949043.000,HS2,http://data.ordnancesurvey.co.uk/id/postcodedistrict/HS2,Breascleit / Breasclete,http://data.ordnancesurvey.co.uk/id/4000000074574381,http://www.ordnancesurvey.co.uk/xml/codelists/localtype.xml#village,,,,Na h-Eileanan an Iar,http://data.ordnancesurvey.co.uk/id/7000000000030022,http://data.ordnancesurvey.co.uk/ontology/admingeo/UnitaryAuthority,Scotland,http://data.ordnancesurvey.co.uk/id/7000000000041429,Scotland,http://data.ordnancesurvey.co.uk/id/country/scotland,,,
265e8f47-797d-4c7a-a77e-41d8f992647c,http://data.ordnancesurvey.co.uk/id/265e8f47-797d-4c7a-a77e-41d8f992647c,Tomair,,,,transportNetwork,Section Of Named Road,128549.000,920734.000,1000,25000,128490.406,920656.000,128585.000,920802.991,HS2,http://data.ordnancesurvey.co.uk/id/postcodedistrict/HS2,Baile Ailein,http://data.ordnancesurvey.co.uk/id/4000000074576027,http://www.ordnancesurvey.co.uk/xml/codelists/localtype.xml#village,,,,Na h-Eileanan an Iar,http://data.ordnancesurvey.co.uk/id/7000000000030022,http://data.ordnancesurvey.co.uk/ontology/admingeo/UnitaryAuthority,Scotland,http://data.ordnancesurvey.co.uk/id/7000000000041429,Scotland,http://data.ordnancesurvey.co.uk/id/country/scotland,osgb4000000003307748,,
osgb4000000003307825,http://data.ordnancesurvey.co.uk/id/osgb4000000003307825,Druim An Aoil,,,,transportNetwork,Named Road,139164.208,925316.766,1000,20000,139156.865,925299.469,139196.255,925341.748,HS2,http://data.ordnancesurvey.co.uk/id/postcodedistrict/HS2,Crosbost,http://data.ordnancesurvey.co.uk/id/4000000074575470,http://www.ordnancesurvey.co.uk/xml/codelists/localtype.xml#village,,,,Na h-Eileanan an Iar,http://data.ordnancesurvey.co.uk/id/7000000000030022,http://data.ordnancesurvey.co.uk/ontology/admingeo/UnitaryAuthority,Scotland,http://data.ordnancesurvey.co.uk/id/7000000000041429,Scotland,http://data.ordnancesurvey.co.uk/id/country/scotland,,,
osgb4000000003307747,http://data.ordnancesurvey.co.uk/id/osgb4000000003307747,School Lane Or School Road,,,,transportNetwork,Named Road,128698.000,920763.000,1000,20000,128675.935,920654.000,128758.000,920843.748,HS2,http://data.ordnancesurvey.co.uk/id/postcodedistrict/HS2,Baile Ailein,http://data.ordnancesurvey.co.uk/id/4000000074576027,http://www.ordnancesurvey.co.uk/xml/codelists/localtype.xml#village,,,,Na h-Eileanan an Iar,http://data.ordnancesurvey.co.uk/id/7000000000030022,http://data.ordnancesurvey.co.uk/ontology/admingeo/UnitaryAuthority,Scotland,http://data.ordnancesurvey.co.uk/id/7000000000041429,Scotland,http://data.ordnancesurvey.co.uk/id/country/scotland,,,
bb4b0131-fab5-4883-9a79-53fb663315b2,http://data.ordnancesurvey.co.uk/id/bb4b0131-fab5-4883-9a79-53fb663315b2,Pentland Road,,,,transportNetwork,Section Of Named Road,121596.000,935325.000,6000,25000,121152.000,935253.000,121999.061,935497.000,HS2,http://data.ordnancesurvey.co.uk/id/postcodedistrict/HS2,Breascleit / Breasclete,http://data.ordnancesurvey.co.uk/id/4000000074574381,http://www.ordnancesurvey.co.uk/xml/codelists/localtype.xml#village,,,,Na h-Eileanan an Iar,http://data.ordnancesurvey.co.uk/id/7000000000030022,http://data.ordnancesurvey.co.uk/ontology/admingeo/UnitaryAuthority,Scotland,http://data.ordnancesurvey.co.uk/id/7000000000041429,Scotland,http://data.ordnancesurvey.co.uk/id/country/scotland,osgb4000000003307678,,
osgb4000000003307855,http://data.ordnancesurvey.co.uk/id/osgb4000000003307855,B897,,,,transportNetwork,Numbered Road,139365.711,927625.952,39000,250000,138558.000,924593.000,141252.588,930623.729,HS2,http://data.ordnancesurvey.co.uk/id/postcodedistrict/HS2,,,,,,,Na h-Eileanan an Iar,http://data.ordnancesurvey.co.uk/id/7000000000030022,http://data.ordnancesurvey.co.uk/ontology/admingeo/UnitaryAuthority,Scotland,http://data.ordnancesurvey.co.uk/id/7000000000041429,Scotland,http://data.ordnancesurvey.co.uk/id/country/scotland,,,
osgb4000000003307712,http://data.ordnancesurvey.co.uk/id/osgb4000000003307712,Mackenzie Road,,,,transportNetwork,Named Road,133550.000,921781.000,2000,20000,133477.617,921606.791,133575.265,921890.638,HS2,http://data.ordnancesurvey.co.uk/id/postcodedistrict/HS2,Lacasaidh,http://data.ordnancesurvey.co.uk/id/4000000074336728,http://www.ordnancesurvey.co.uk/xml/codelists/localtype.xml#village,,,,Na h-Eileanan an Iar,http://data.ordnancesurvey.co.uk/id/7000000000030022,http://data.ordnancesurvey.co.uk/ontology/admingeo/UnitaryAuthority,Scotland,http://data.ordnancesurvey.co.uk/id/7000000000041429,Scotland,http://data.ordnancesurvey.co.uk/id/country/scotland,,,
HS29NS,http://data.ordnancesurvey.co.uk/id/postcodeunit/HS29NS,HS2 9NS,,,,other,Postcode,137860.874,925676.711,3500,18000,,,,,,,Liurbost,http://data.ordnancesurvey.co.uk/id/4000000074577362,http://www.ordnancesurvey.co.uk/xml/codelists/localtype.xml#village,,,,Na h-Eileanan an Iar,http://data.ordnancesurvey.co.uk/id/7000000000030022,http://data.ordnancesurvey.co.uk/ontology/admingeo/UnitaryAuthority,Scotland,http://data.ordnancesurvey.co.uk/id/7000000000041429,Scotland,http://data.ordnancesurvey.co.uk/id/country/scotland,,,
HS29PX,http://data.ordnancesurvey.co.uk/id/postcodeunit/HS29PX,HS2 9PX,,,,other,Postcode,126869.265,920211.735,3500,18000,,,,,,,Baile Ailein,http://data.ordnancesurvey.co.uk/id/4000000074576027,http://www.ordnancesurvey.co.uk/xml/codelists/localtype.xml#village,,,,Na h-Eileanan an Iar,http://data.ordnancesurvey.co.uk/id/7000000000030022,http://data.ordnancesurvey.co.uk/ontology/admingeo/UnitaryAuthority,Scotland,http://data.ordnancesurvey.co.uk/id/7000000000041429,Scotland,http://data.ordnancesurvey.co.uk/id/country/scotland,,,
HS29PT,http://data.ordnancesurvey.co.uk/id/postcodeunit/HS29PT,HS2 9PT,,,,other,Postcode,127895.847,920504.063,3500,18000,,,,,,,Baile Ailein,http://data.ordnancesurvey.co.uk/id/4000000074576027,http://www.ordnancesurvey.co.uk/xml/codelists/localtype.xml#village,,,,Na h-Eileanan an Iar,http://data.ordnancesurvey.co.uk/id/7000000000030022,http://data.ordnancesurvey.co.uk/ontology/admingeo/UnitaryAuthority,Scotland,http://data.ordnancesurvey.co.uk/id/7000000000041429,Scotland,http://data.ordnancesurvey.co.uk/id/country/scotland,,,
osgb4000000003307795,http://data.ordnancesurvey.co.uk/id/osgb4000000003307795,Macdonald Gardens,,,,transportNetwork,Named Road,136909.615,925951.876,1000,20000,136872.872,925901.915,136962.620,926029.242,HS2,http://data.ordnancesurvey.co.uk/id/postcodedistrict/HS2,Liurbost,http://data.ordnancesurvey.co.uk/id/4000000074577362,http://www.ordnancesurvey.co.uk/xml/codelists/localtype.xml#village,,,,Na h-Eileanan an Iar,http://data.ordnancesurvey.co.uk/id/7000000000030022,http://data.ordnancesurvey.co.uk/ontology/admingeo/UnitaryAuthority,Scotland,http://data.ordnancesurvey.co.uk/id/7000000000041429,Scotland,http://data.ordnancesurvey.co.uk/id/country/scotland,,,
