osgb4000000074558255,http://data.ordnancesurvey.co.uk/id/osgb4000000074558255,Badrallach,,,,populatedPlace,Hamlet,206281.750,891818.990,5000,25000,205996.878,891525.061,206780.604,892025.061,IV23,http://data.ordnancesurvey.co.uk/id/postcodedistrict/IV23,,,,,,,Highland,http://data.ordnancesurvey.co.uk/id/7000000000029638,http://data.ordnancesurvey.co.uk/ontology/admingeo/UnitaryAuthority,Scotland,http://data.ordnancesurvey.co.uk/id/7000000000041429,Scotland,http://data.ordnancesurvey.co.uk/id/country/scotland,,,http://sws.geonames.org/2656643
osgb4000000074552598,http://data.ordnancesurvey.co.uk/id/osgb4000000074552598,Achmore,,,,populatedPlace,Other Settlement,202377.150,896648.600,15000,25000,202073.812,896434.331,202752.463,896934.331,IV23,http://data.ordnancesurvey.co.uk/id/postcodedistrict/IV23,,,,,,,Highland,http://data.ordnancesurvey.co.uk/id/7000000000029638,http://data.ordnancesurvey.co.uk/ontology/admingeo/UnitaryAuthority,Scotland,http://data.ordnancesurvey.co.uk/id/7000000000041429,Scotland,http://data.ordnancesurvey.co.uk/id/country/scotland,,,
osgb4000000074552597,http://data.ordnancesurvey.co.uk/id/osgb4000000074552597,Dundonnell,,,,populatedPlace,Hamlet,209211.000,887950.000,5000,25000,208232.898,887665.728,209634.558,888453.912,IV23,http://data.ordnancesurvey.co.uk/id/postcodedistrict/IV23,,,,,,,Highland,http://data.ordnancesurvey.co.uk/id/7000000000029638,http://data.ordnancesurvey.co.uk/ontology/admingeo/UnitaryAuthority,Scotland,http://data.ordnancesurvey.co.uk/id/7000000000041429,Scotland,http://data.ordnancesurvey.co.uk/id/country/scotland,,http://dbpedia.org/resource/Dundonnell,http://sws.geonames.org/6639621
osgb4000000074558252,http://data.ordnancesurvey.co.uk/id/osgb4000000074558252,Ullapool,,,,populatedPlace,Village,213118.420,894056.680,25000,250000,211022.037,892894.771,214868.515,895995.553,IV26,http://data.ordnancesurvey.co.uk/id/postcodedistrict/IV26,,,,,,,Highland,http://data.ordnancesurvey.co.uk/id/7000000000029638,http://data.ordnancesurvey.co.uk/ontology/admingeo/UnitaryAuthority,Scotland,http://data.ordnancesurvey.co.uk/id/7000000000041429,Scotland,http://data.ordnancesurvey.co.uk/id/country/scotland,,http://dbpedia.org/resource/Ullapool,http://sws.geonames.org/2635199
osgb4000000074558254,http://data.ordnancesurvey.co.uk/id/osgb4000000074558254,Ardessie,,,,populatedPlace,Hamlet,205251.000,889681.000,5000,25000,205205.691,889373.782,206211.110,889873.782,IV23,http://data.ordnancesurvey.co.uk/id/postcodedistrict/IV23,,,,,,,Highland,http://data.ordnancesurvey.co.uk/id/7000000000029638,http://data.ordnancesurvey.co.uk/ontology/admingeo/UnitaryAuthority,Scotland,http://data.ordnancesurvey.co.uk/id/7000000000041429,Scotland,http://data.ordnancesurvey.co.uk/id/country/scotland,,http://dbpedia.org/resource/Ardessie,
osgb4000000074557875,http://data.ordnancesurvey.co.uk/id/osgb4000000074557875,Letters,,,,populatedPlace,Hamlet,216278.810,887387.260,5000,25000,215964.415,886937.736,216537.505,887918.015,IV23,http://data.ordnancesurvey.co.uk/id/postcodedistrict/IV23,,,,,,,Highland,http://data.ordnancesurvey.co.uk/id/7000000000029638,http://data.ordnancesurvey.co.uk/ontology/admingeo/UnitaryAuthority,Scotland,http://data.ordnancesurvey.co.uk/id/7000000000041429,Scotland,http://data.ordnancesurvey.co.uk/id/country/scotland,,,
osgb4000000074558632,http://data.ordnancesurvey.co.uk/id/osgb4000000074558632,Rhue,,,,populatedPlace,Hamlet,209901.520,897118.230,5000,25000,209559.149,896769.792,210413.758,897468.562,IV26,http://data.ordnancesurvey.co.uk/id/postcodedistrict/IV26,,,,,,,Highland,http://data.ordnancesurvey.co.uk/id/7000000000029638,http://data.ordnancesurvey.co.uk/ontology/admingeo/UnitaryAuthority,Scotland,http://data.ordnancesurvey.co.uk/id/7000000000041429,Scotland,http://data.ordnancesurvey.co.uk/id/country/scotland,,"http://dbpedia.org/resource/Rhue,_Scotland",
osgb4000000074557878,http://data.ordnancesurvey.co.uk/id/osgb4000000074557878,Blarnalearoch,,,,populatedPlace,Suburban Area,214733.000,890549.570,5000,25000,214515.742,890185.236,215015.742,890973.481,IV23,http://data.ordnancesurvey.co.uk/id/postcodedistrict/IV23,,,,,,,Highland,http://data.ordnancesurvey.co.uk/id/7000000000029638,http://data.ordnancesurvey.co.uk/ontology/admingeo/UnitaryAuthority,Scotland,http://data.ordnancesurvey.co.uk/id/7000000000041429,Scotland,http://data.ordnancesurvey.co.uk/id/country/scotland,,http://dbpedia.org/resource/Blarnalearoch,
osgb4000000074558251,http://data.ordnancesurvey.co.uk/id/osgb4000000074558251,Braes of Ullapool,,,,populatedPlace,Suburban Area,214387.000,893141.000,7000,25000,213762.547,892894.841,214868.498,893694.112,IV26,http://data.ordnancesurvey.co.uk/id/postcodedistrict/IV26,,,,,,,Highland,http://data.ordnancesurvey.co.uk/id/7000000000029638,http://data.ordnancesurvey.co.uk/ontology/admingeo/UnitaryAuthority,Scotland,http://data.ordnancesurvey.co.uk/id/7000000000041429,Scotland,http://data.ordnancesurvey.co.uk/id/country/scotland,,,
osgb4000000074541409,http://data.ordnancesurvey.co.uk/id/osgb4000000074541409,Ruigh'riabhach,,,,populatedPlace,Hamlet,202703.880,895383.640,5000,25000,202078.834,894985.172,202953.552,895844.806,IV23,http://data.ordnancesurvey.co.uk/id/postcodedistrict/IV23,,,,,,,Highland,http://data.ordnancesurvey.co.uk/id/7000000000029638,http://data.ordnancesurvey.co.uk/ontology/admingeo/UnitaryAuthority,Scotland,http://data.ordnancesurvey.co.uk/id/7000000000041429,Scotland,http://data.ordnancesurvey.co.uk/id/country/scotland,,,
osgb4000000074558631,http://data.ordnancesurvey.co.uk/id/osgb4000000074558631,Ardmair,,,,populatedPlace,Other Settlement,210852.630,898307.310,15000,25000,210614.838,897634.454,211575.017,898725.332,IV26,http://data.ordnancesurvey.co.uk/id/postcodedistrict/IV26,,,,,,,Highland,http://data.ordnancesurvey.co.uk/id/7000000000029638,http://data.ordnancesurvey.co.uk/ontology/admingeo/UnitaryAuthority,Scotland,http://data.ordnancesurvey.co.uk/id/7000000000041429,Scotland,http://data.ordnancesurvey.co.uk/id/country/scotland,,http://dbpedia.org/resource/Ardmair,http://sws.geonames.org/2657160
osgb4000000074338005,http://data.ordnancesurvey.co.uk/id/osgb4000000074338005,Lael Forest,,,,populatedPlace,Other Settlement,219069.980,882155.500,15000,25000,218492.087,880900.894,219618.321,883164.916,IV23,http://data.ordnancesurvey.co.uk/id/postcodedistrict/IV23,,,,,,,Highland,http://data.ordnancesurvey.co.uk/id/7000000000029638,http://data.ordnancesurvey.co.uk/ontology/admingeo/UnitaryAuthority,Scotland,http://data.ordnancesurvey.co.uk/id/7000000000041429,Scotland,http://data.ordnancesurvey.co.uk/id/country/scotland,,,
osgb4000000074552595,http://data.ordnancesurvey.co.uk/id/osgb4000000074552595,Rhiroy,,,,populatedPlace,Suburban Area,215309.750,889689.340,4000,25000,214925.161,889627.226,215425.161,890210.369,IV23,http://data.ordnancesurvey.co.uk/id/postcodedistrict/IV23,,,,,,,Highland,http://data.ordnancesurvey.co.uk/id/7000000000029638,http://data.ordnancesurvey.co.uk/ontology/admingeo/UnitaryAuthority,Scotland,http://data.ordnancesurvey.co.uk/id/7000000000041429,Scotland,http://data.ordnancesurvey.co.uk/id/country/scotland,,http://dbpedia.org/resource/Rhiroy,
osgb4000000074543340,http://data.ordnancesurvey.co.uk/id/osgb4000000074543340,Balblair,,,,populatedPlace,Hamlet,218188.610,885538.370,5000,25000,217938.900,885017.386,218438.900,886063.016,IV23,http://data.ordnancesurvey.co.uk/id/postcodedistrict/IV23,,,,,,,Highland,http://data.ordnancesurvey.co.uk/id/7000000000029638,http://data.ordnancesurvey.co.uk/ontology/admingeo/UnitaryAuthority,Scotland,http://data.ordnancesurvey.co.uk/id/7000000000041429,Scotland,http://data.ordnancesurvey.co.uk/id/country/scotland,,,
osgb4000000074559012,http://data.ordnancesurvey.co.uk/id/osgb4000000074559012,Scoraig,,,,populatedPlace,Other Settlement,200280.860,896366.600,15000,25000,199535.125,896084.951,201113.634,896584.951,IV23,http://data.ordnancesurvey.co.uk/id/postcodedistrict/IV23,,,,,,,Highland,http://data.ordnancesurvey.co.uk/id/7000000000029638,http://data.ordnancesurvey.co.uk/ontology/admingeo/UnitaryAuthority,Scotland,http://data.ordnancesurvey.co.uk/id/7000000000041429,Scotland,http://data.ordnancesurvey.co.uk/id/country/scotland,,,http://sws.geonames.org/2638371
osgb4000000074552596,http://data.ordnancesurvey.co.uk/id/osgb4000000074552596,Loggie,,,,populatedPlace,Other Settlement,214910.878,890266.442,15000,25000,214494.711,889627.292,215376.239,891192.557,IV23,http://data.ordnancesurvey.co.uk/id/postcodedistrict/IV23,,,,,,,Highland,http://data.ordnancesurvey.co.uk/id/7000000000029638,http://data.ordnancesurvey.co.uk/ontology/admingeo/UnitaryAuthority,Scotland,http://data.ordnancesurvey.co.uk/id/7000000000041429,Scotland,http://data.ordnancesurvey.co.uk/id/country/scotland,,,
osgb4000000074558630,http://data.ordnancesurvey.co.uk/id/osgb4000000074558630,Morefield,,,,populatedPlace,Suburban Area,212741.070,895097.580,12000,25000,211022.045,895037.937,212917.230,895995.553,IV26,http://data.ordnancesurvey.co.uk/id/postcodedistrict/IV26,,,,,,,Highland,http://data.ordnancesurvey.co.uk/id/7000000000029638,http://data.ordnancesurvey.co.uk/ontology/admingeo/UnitaryAuthority,Scotland,http://data.ordnancesurvey.co.uk/id/7000000000041429,Scotland,http://data.ordnancesurvey.co.uk/id/country/scotland,,http://dbpedia.org/resource/Morefield,
osgb4000000074558253,http://data.ordnancesurvey.co.uk/id/osgb4000000074558253,Camusnagaul,,,,populatedPlace,Hamlet,206522.740,889189.170,5000,25000,206145.751,889067.125,206678.630,889567.125,IV23,http://data.ordnancesurvey.co.uk/id/postcodedistrict/IV23,,,,,,,Highland,http://data.ordnancesurvey.co.uk/id/7000000000029638,http://data.ordnancesurvey.co.uk/ontology/admingeo/UnitaryAuthority,Scotland,http://data.ordnancesurvey.co.uk/id/7000000000041429,Scotland,http://data.ordnancesurvey.co.uk/id/country/scotland,,http://dbpedia.org/resource/Camusnagaul,
osgb4000000074558633,http://data.ordnancesurvey.co.uk/id/osgb4000000074558633,Carnach,,,,populatedPlace,Other Settlement,201672.260,896049.580,15000,25000,201263.570,895770.131,201847.593,896270.131,IV23,http://data.ordnancesurvey.co.uk/id/postcodedistrict/IV23,,,,,,,Highland,http://data.ordnancesurvey.co.uk/id/7000000000029638,http://data.ordnancesurvey.co.uk/ontology/admingeo/UnitaryAuthority,Scotland,http://data.ordnancesurvey.co.uk/id/7000000000041429,Scotland,http://data.ordnancesurvey.co.uk/id/country/scotland,,http://dbpedia.org/resource/Carnach,
osgb4000000074558629,http://data.ordnancesurvey.co.uk/id/osgb4000000074558629,Durnamuck,,,,populatedPlace,Hamlet,201191.000,892698.000,5000,25000,201153.853,892356.005,201877.753,893210.610,IV23,http://data.ordnancesurvey.co.uk/id/postcodedistrict/IV23,,,,,,,Highland,http://data.ordnancesurvey.co.uk/id/7000000000029638,http://data.ordnancesurvey.co.uk/ontology/admingeo/UnitaryAuthority,Scotland,http://data.ordnancesurvey.co.uk/id/7000000000041429,Scotland,http://data.ordnancesurvey.co.uk/id/country/scotland,,,
osgb4000000074558256,http://data.ordnancesurvey.co.uk/id/osgb4000000074558256,Badbea,,,,populatedPlace,Other Settlement,202644.000,891029.000,15000,25000,202501.113,890601.547,203380.852,891144.472,IV23,http://data.ordnancesurvey.co.uk/id/postcodedistrict/IV23,,,,,,,Highland,http://data.ordnancesurvey.co.uk/id/7000000000029638,http://data.ordnancesurvey.co.uk/ontology/admingeo/UnitaryAuthority,Scotland,http://data.ordnancesurvey.co.uk/id/7000000000041429,Scotland,http://data.ordnancesurvey.co.uk/id/country/scotland,,,
osgb4000000074558628,http://data.ordnancesurvey.co.uk/id/osgb4000000074558628,Badcaul,,,,populatedPlace,Hamlet,201973.000,891618.000,5000,25000,201827.483,891059.016,202561.442,892064.428,IV23,http://data.ordnancesurvey.co.uk/id/postcodedistrict/IV23,,,,,,,Highland,http://data.ordnancesurvey.co.uk/id/7000000000029638,http://data.ordnancesurvey.co.uk/ontology/admingeo/UnitaryAuthority,Scotland,http://data.ordnancesurvey.co.uk/id/7000000000041429,Scotland,http://data.ordnancesurvey.co.uk/id/country/scotland,,http://dbpedia.org/resource/Badcaul,http://sws.geonames.org/2656658
osgb4000000074557877,http://data.ordnancesurvey.co.uk/id/osgb4000000074557877,Ardindrean,,,,populatedPlace,Hamlet,215994.740,887984.410,5000,25000,215597.436,887963.262,216165.496,888913.380,IV23,http://data.ordnancesurvey.co.uk/id/postcodedistrict/IV23,,,,,,,Highland,http://data.ordnancesurvey.co.uk/id/7000000000029638,http://data.ordnancesurvey.co.uk/ontology/admingeo/UnitaryAuthority,Scotland,http://data.ordnancesurvey.co.uk/id/7000000000041429,Scotland,http://data.ordnancesurvey.co.uk/id/country/scotland,,http://dbpedia.org/resource/Ardindrean,
osgb4000000074557874,http://data.ordnancesurvey.co.uk/id/osgb4000000074557874,Croftown,,,,populatedPlace,Hamlet,217842.000,883939.000,5000,25000,217637.275,883769.502,218137.275,884269.502,IV23,http://data.ordnancesurvey.co.uk/id/postcodedistrict/IV23,,,,,,,Highland,http://data.ordnancesurvey.co.uk/id/7000000000029638,http://data.ordnancesurvey.co.uk/ontology/admingeo/UnitaryAuthority,Scotland,http://data.ordnancesurvey.co.uk/id/7000000000041429,Scotland,http://data.ordnancesurvey.co.uk/id/country/scotland,,,
osgb4000000074337025,http://data.ordnancesurvey.co.uk/id/osgb4000000074337025,Auchindrean,,,,populatedPlace,Hamlet,219111.650,880506.090,5000,25000,218862.215,880279.120,219362.215,880779.120,IV23,http://data.ordnancesurvey.co.uk/id/postcodedistrict/IV23,,,,,,,Highland,http://data.ordnancesurvey.co.uk/id/7000000000029638,http://data.ordnancesurvey.co.uk/ontology/admingeo/UnitaryAuthority,Scotland,http://data.ordnancesurvey.co.uk/id/7000000000041429,Scotland,http://data.ordnancesurvey.co.uk/id/country/scotland,,http://dbpedia.org/resource/Achindrean,
osgb4000000074557876,http://data.ordnancesurvey.co.uk/id/osgb4000000074557876,Leckmelm,,,,populatedPlace,Village,216530.000,890627.000,12000,250000,215839.008,889717.710,217229.183,891567.961,IV23,http://data.ordnancesurvey.co.uk/id/postcodedistrict/IV23,,,,,,,Highland,http://data.ordnancesurvey.co.uk/id/7000000000029638,http://data.ordnancesurvey.co.uk/ontology/admingeo/UnitaryAuthority,Scotland,http://data.ordnancesurvey.co.uk/id/7000000000041429,Scotland,http://data.ordnancesurvey.co.uk/id/country/scotland,,http://dbpedia.org/resource/Leckmelm,http://sws.geonames.org/2644713
osgb4000000074552594,http://data.ordnancesurvey.co.uk/id/osgb4000000074552594,Ardcharnich,,,,populatedPlace,Hamlet,217385.590,888606.670,5000,25000,217079.269,888320.180,217579.269,889029.007,IV23,http://data.ordnancesurvey.co.uk/id/postcodedistrict/IV23,,,,,,,Highland,http://data.ordnancesurvey.co.uk/id/7000000000029638,http://data.ordnancesurvey.co.uk/ontology/admingeo/UnitaryAuthority,Scotland,http://data.ordnancesurvey.co.uk/id/7000000000041429,Scotland,http://data.ordnancesurvey.co.uk/id/country/scotland,,http://dbpedia.org/resource/Ardcharnich,http://sws.geonames.org/2657200
IV262XW,http://data.ordnancesurvey.co.uk/id/postcodeunit/IV262XW,IV26 2XW,,,,other,Postcode,212902.400,894893.900,3500,18000,,,,,,,Ullapool,http://data.ordnancesurvey.co.uk/id/4000000074558252,http://www.ordnancesurvey.co.uk/xml/codelists/localtype.xml#village,,,,Highland,http://data.ordnancesurvey.co.uk/id/7000000000029638,http://data.ordnancesurvey.co.uk/ontology/admingeo/UnitaryAuthority,Scotland,http://data.ordnancesurvey.co.uk/id/7000000000041429,Scotland,http://data.ordnancesurvey.co.uk/id/country/scotland,,,
IV262XN,http://data.ordnancesurvey.co.uk/id/postcodeunit/IV262XN,IV26 2XN,,,,other,Postcode,212648.400,894774.900,3500,18000,,,,,,,Ullapool,http://data.ordnancesurvey.co.uk/id/4000000074558252,http://www.ordnancesurvey.co.uk/xml/codelists/localtype.xml#village,,,,Highland,http://data.ordnancesurvey.co.uk/id/7000000000029638,http://data.ordnancesurvey.co.uk/ontology/admingeo/UnitaryAuthority,Scotland,http://data.ordnancesurvey.co.uk/id/7000000000041429,Scotland,http://data.ordnancesurvey.co.uk/id/country/scotland,,,
IV262UB,http://data.ordnancesurvey.co.uk/id/postcodeunit/IV262UB,IV26 2UB,,,,other,Postcode,212904.600,894039.287,3500,18000,,,,,,,Ullapool,http://data.ordnancesurvey.co.uk/id/4000000074558252,http://www.ordnancesurvey.co.uk/xml/codelists/localtype.xml#village,,,,Highland,http://data.ordnancesurvey.co.uk/id/7000000000029638,http://data.ordnancesurvey.co.uk/ontology/admingeo/UnitaryAuthority,Scotland,http://data.ordnancesurvey.co.uk/id/7000000000041429,Scotland,http://data.ordnancesurvey.co.uk/id/country/scotland,,,
IV262YA,http://data.ordnancesurvey.co.uk/id/postcodeunit/IV262YA,IV26 2YA,,,,other,Postcode,212726.900,894010.700,3500,18000,,,,,,,Ullapool,http://data.ordnancesurvey.co.uk/id/4000000074558252,http://www.ordnancesurvey.co.uk/xml/codelists/localtype.xml#village,,,,Highland,http://data.ordnancesurvey.co.uk/id/7000000000029638,http://data.ordnancesurvey.co.uk/ontology/admingeo/UnitaryAuthority,Scotland,http://data.ordnancesurvey.co.uk/id/7000000000041429,Scotland,http://data.ordnancesurvey.co.uk/id/country/scotland,,,
IV232SG,http://data.ordnancesurvey.co.uk/id/postcodeunit/IV232SG,IV23 2SG,,,,other,Postcode,214773.385,890622.440,3500,18000,,,,,,,Loggie,http://data.ordnancesurvey.co.uk/id/4000000074552596,http://www.ordnancesurvey.co.uk/xml/codelists/localtype.xml#otherSettlement,,,,Highland,http://data.ordnancesurvey.co.uk/id/7000000000029638,http://data.ordnancesurvey.co.uk/ontology/admingeo/UnitaryAuthority,Scotland,http://data.ordnancesurvey.co.uk/id/7000000000041429,Scotland,http://data.ordnancesurvey.co.uk/id/country/scotland,,,
IV262UJ,http://data.ordnancesurvey.co.uk/id/postcodeunit/IV262UJ,IV26 2UJ,,,,other,Postcode,212946.000,894006.800,3500,18000,,,,,,,Ullapool,http://data.ordnancesurvey.co.uk/id/4000000074558252,http://www.ordnancesurvey.co.uk/xml/codelists/localtype.xml#village,,,,Highland,http://data.ordnancesurvey.co.uk/id/7000000000029638,http://data.ordnancesurvey.co.uk/ontology/admingeo/UnitaryAuthority,Scotland,http://data.ordnancesurvey.co.uk/id/7000000000041429,Scotland,http://data.ordnancesurvey.co.uk/id/country/scotland,,,
IV262SS,http://data.ordnancesurvey.co.uk/id/postcodeunit/IV262SS,IV26 2SS,,,,other,Postcode,211550.000,893036.500,3500,18000,,,,,,,,,,,,,Highland,http://data.ordnancesurvey.co.uk/id/7000000000029638,http://data.ordnancesurvey.co.uk/ontology/admingeo/UnitaryAuthority,Scotland,http://data.ordnancesurvey.co.uk/id/7000000000041429,Scotland,http://data.ordnancesurvey.co.uk/id/country/scotland,,,
IV262UY,http://data.ordnancesurvey.co.uk/id/postcodeunit/IV262UY,IV26 2UY,,,,other,Postcode,212592.600,894056.800,3500,18000,,,,,,,Ullapool,http://data.ordnancesurvey.co.uk/id/4000000074558252,http://www.ordnancesurvey.co.uk/xml/codelists/localtype.xml#village,,,,Highland,http://data.ordnancesurvey.co.uk/id/7000000000029638,http://data.ordnancesurvey.co.uk/ontology/admingeo/UnitaryAuthority,Scotland,http://data.ordnancesurvey.co.uk/id/7000000000041429,Scotland,http://data.ordnancesurvey.co.uk/id/country/scotland,,,
IV262XJ,http://data.ordnancesurvey.co.uk/id/postcodeunit/IV262XJ,IV26 2XJ,,,,other,Postcode,213048.400,894559.600,3500,18000,,,,,,,Ullapool,http://data.ordnancesurvey.co.uk/id/4000000074558252,http://www.ordnancesurvey.co.uk/xml/codelists/localtype.xml#village,,,,Highland,http://data.ordnancesurvey.co.uk/id/7000000000029638,http://data.ordnancesurvey.co.uk/ontology/admingeo/UnitaryAuthority,Scotland,http://data.ordnancesurvey.co.uk/id/7000000000041429,Scotland,http://data.ordnancesurvey.co.uk/id/country/scotland,,,
IV262XH,http://data.ordnancesurvey.co.uk/id/postcodeunit/IV262XH,IV26 2XH,,,,other,Postcode,213096.600,894463.600,3500,18000,,,,,,,Ullapool,http://data.ordnancesurvey.co.uk/id/4000000074558252,http://www.ordnancesurvey.co.uk/xml/codelists/localtype.xml#village,,,,Highland,http://data.ordnancesurvey.co.uk/id/7000000000029638,http://data.ordnancesurvey.co.uk/ontology/admingeo/UnitaryAuthority,Scotland,http://data.ordnancesurvey.co.uk/id/7000000000041429,Scotland,http://data.ordnancesurvey.co.uk/id/country/scotland,,,
IV262TL,http://data.ordnancesurvey.co.uk/id/postcodeunit/IV262TL,IV26 2TL,,,,other,Postcode,212112.500,897041.500,3500,18000,,,,,,,,,,,,,Highland,http://data.ordnancesurvey.co.uk/id/7000000000029638,http://data.ordnancesurvey.co.uk/ontology/admingeo/UnitaryAuthority,Scotland,http://data.ordnancesurvey.co.uk/id/7000000000041429,Scotland,http://data.ordnancesurvey.co.uk/id/country/scotland,,,
IV262XE,http://data.ordnancesurvey.co.uk/id/postcodeunit/IV262XE,IV26 2XE,,,,other,Postcode,212870.474,894203.592,3500,18000,,,,,,,Ullapool,http://data.ordnancesurvey.co.uk/id/4000000074558252,http://www.ordnancesurvey.co.uk/xml/codelists/localtype.xml#village,,,,Highland,http://data.ordnancesurvey.co.uk/id/7000000000029638,http://data.ordnancesurvey.co.uk/ontology/admingeo/UnitaryAuthority,Scotland,http://data.ordnancesurvey.co.uk/id/7000000000041429,Scotland,http://data.ordnancesurvey.co.uk/id/country/scotland,,,
IV262US,http://data.ordnancesurvey.co.uk/id/postcodeunit/IV262US,IV26 2US,,,,other,Postcode,212562.900,894084.100,3500,18000,,,,,,,Ullapool,http://data.ordnancesurvey.co.uk/id/4000000074558252,http://www.ordnancesurvey.co.uk/xml/codelists/localtype.xml#village,,,,Highland,http://data.ordnancesurvey.co.uk/id/7000000000029638,http://data.ordnancesurvey.co.uk/ontology/admingeo/UnitaryAuthority,Scotland,http://data.ordnancesurvey.co.uk/id/7000000000041429,Scotland,http://data.ordnancesurvey.co.uk/id/country/scotland,,,
IV232QN,http://data.ordnancesurvey.co.uk/id/postcodeunit/IV232QN,IV23 2QN,,,,other,Postcode,211443.100,885182.700,3500,18000,,,,,,,,,,,,,Highland,http://data.ordnancesurvey.co.uk/id/7000000000029638,http://data.ordnancesurvey.co.uk/ontology/admingeo/UnitaryAuthority,Scotland,http://data.ordnancesurvey.co.uk/id/7000000000041429,Scotland,http://data.ordnancesurvey.co.uk/id/country/scotland,,,
IV262TH,http://data.ordnancesurvey.co.uk/id/postcodeunit/IV262TH,IV26 2TH,,,,other,Postcode,211767.810,895509.182,3500,18000,,,,,,,Ullapool,http://data.ordnancesurvey.co.uk/id/4000000074558252,http://www.ordnancesurvey.co.uk/xml/codelists/localtype.xml#village,,,,Highland,http://data.ordnancesurvey.co.uk/id/7000000000029638,http://data.ordnancesurvey.co.uk/ontology/admingeo/UnitaryAuthority,Scotland,http://data.ordnancesurvey.co.uk/id/7000000000041429,Scotland,http://data.ordnancesurvey.co.uk/id/country/scotland,,,
IV262TF,http://data.ordnancesurvey.co.uk/id/postcodeunit/IV262TF,IV26 2TF,,,,other,Postcode,212938.000,894553.400,3500,18000,,,,,,,Ullapool,http://data.ordnancesurvey.co.uk/id/4000000074558252,http://www.ordnancesurvey.co.uk/xml/codelists/localtype.xml#village,,,,Highland,http://data.ordnancesurvey.co.uk/id/7000000000029638,http://data.ordnancesurvey.co.uk/ontology/admingeo/UnitaryAuthority,Scotland,http://data.ordnancesurvey.co.uk/id/7000000000041429,Scotland,http://data.ordnancesurvey.co.uk/id/country/scotland,,,
IV262TG,http://data.ordnancesurvey.co.uk/id/postcodeunit/IV262TG,IV26 2TG,,,,other,Postcode,212866.250,894905.200,3500,18000,,,,,,,Ullapool,http://data.ordnancesurvey.co.uk/id/4000000074558252,http://www.ordnancesurvey.co.uk/xml/codelists/localtype.xml#village,,,,Highland,http://data.ordnancesurvey.co.uk/id/7000000000029638,http://data.ordnancesurvey.co.uk/ontology/admingeo/UnitaryAuthority,Scotland,http://data.ordnancesurvey.co.uk/id/7000000000041429,Scotland,http://data.ordnancesurvey.co.uk/id/country/scotland,,,
IV262UE,http://data.ordnancesurvey.co.uk/id/postcodeunit/IV262UE,IV26 2UE,,,,other,Postcode,212723.800,894196.500,3500,18000,,,,,,,Ullapool,http://data.ordnancesurvey.co.uk/id/4000000074558252,http://www.ordnancesurvey.co.uk/xml/codelists/localtype.xml#village,,,,Highland,http://data.ordnancesurvey.co.uk/id/7000000000029638,http://data.ordnancesurvey.co.uk/ontology/admingeo/UnitaryAuthority,Scotland,http://data.ordnancesurvey.co.uk/id/7000000000041429,Scotland,http://data.ordnancesurvey.co.uk/id/country/scotland,,,
IV262WW,http://data.ordnancesurvey.co.uk/id/postcodeunit/IV262WW,IV26 2WW,,,,other,Postcode,212726.900,894010.700,3500,18000,,,,,,,Ullapool,http://data.ordnancesurvey.co.uk/id/4000000074558252,http://www.ordnancesurvey.co.uk/xml/codelists/localtype.xml#village,,,,Highland,http://data.ordnancesurvey.co.uk/id/7000000000029638,http://data.ordnancesurvey.co.uk/ontology/admingeo/UnitaryAuthority,Scotland,http://data.ordnancesurvey.co.uk/id/7000000000041429,Scotland,http://data.ordnancesurvey.co.uk/id/country/scotland,,,
IV232SD,http://data.ordnancesurvey.co.uk/id/postcodeunit/IV232SD,IV23 2SD,,,,other,Postcode,216225.500,887461.300,3500,18000,,,,,,,Letters,http://data.ordnancesurvey.co.uk/id/4000000074557875,http://www.ordnancesurvey.co.uk/xml/codelists/localtype.xml#hamlet,,,,Highland,http://data.ordnancesurvey.co.uk/id/7000000000029638,http://data.ordnancesurvey.co.uk/ontology/admingeo/UnitaryAuthority,Scotland,http://data.ordnancesurvey.co.uk/id/7000000000041429,Scotland,http://data.ordnancesurvey.co.uk/id/country/scotland,,,
IV262UU,http://data.ordnancesurvey.co.uk/id/postcodeunit/IV262UU,IV26 2UU,,,,other,Postcode,212439.032,894219.128,3500,18000,,,,,,,Ullapool,http://data.ordnancesurvey.co.uk/id/4000000074558252,http://www.ordnancesurvey.co.uk/xml/codelists/localtype.xml#village,,,,Highland,http://data.ordnancesurvey.co.uk/id/7000000000029638,http://data.ordnancesurvey.co.uk/ontology/admingeo/UnitaryAuthority,Scotland,http://data.ordnancesurvey.co.uk/id/7000000000041429,Scotland,http://data.ordnancesurvey.co.uk/id/country/scotland,,,
IV232QU,http://data.ordnancesurvey.co.uk/id/postcodeunit/IV232QU,IV23 2QU,,,,other,Postcode,205599.125,889585.987,3500,18000,,,,,,,Ardessie,http://data.ordnancesurvey.co.uk/id/4000000074558254,http://www.ordnancesurvey.co.uk/xml/codelists/localtype.xml#hamlet,,,,Highland,http://data.ordnancesurvey.co.uk/id/7000000000029638,http://data.ordnancesurvey.co.uk/ontology/admingeo/UnitaryAuthority,Scotland,http://data.ordnancesurvey.co.uk/id/7000000000041429,Scotland,http://data.ordnancesurvey.co.uk/id/country/scotland,,,
IV232SA,http://data.ordnancesurvey.co.uk/id/postcodeunit/IV232SA,IV23 2SA,,,,other,Postcode,217973.000,883453.800,3500,18000,,,,,,,,,,,,,Highland,http://data.ordnancesurvey.co.uk/id/7000000000029638,http://data.ordnancesurvey.co.uk/ontology/admingeo/UnitaryAuthority,Scotland,http://data.ordnancesurvey.co.uk/id/7000000000041429,Scotland,http://data.ordnancesurvey.co.uk/id/country/scotland,,,
IV232RT,http://data.ordnancesurvey.co.uk/id/postcodeunit/IV232RT,IV23 2RT,,,,other,Postcode,219468.700,880396.100,3500,18000,,,,,,,,,,,,,Highland,http://data.ordnancesurvey.co.uk/id/7000000000029638,http://data.ordnancesurvey.co.uk/ontology/admingeo/UnitaryAuthority,Scotland,http://data.ordnancesurvey.co.uk/id/7000000000041429,Scotland,http://data.ordnancesurvey.co.uk/id/country/scotland,,,
IV232RR,http://data.ordnancesurvey.co.uk/id/postcodeunit/IV232RR,IV23 2RR,,,,other,Postcode,216922.137,889921.891,3500,18000,,,,,,,Leckmelm,http://data.ordnancesurvey.co.uk/id/4000000074557876,http://www.ordnancesurvey.co.uk/xml/codelists/localtype.xml#village,,,,Highland,http://data.ordnancesurvey.co.uk/id/7000000000029638,http://data.ordnancesurvey.co.uk/ontology/admingeo/UnitaryAuthority,Scotland,http://data.ordnancesurvey.co.uk/id/7000000000041429,Scotland,http://data.ordnancesurvey.co.uk/id/country/scotland,,,
IV262SW,http://data.ordnancesurvey.co.uk/id/postcodeunit/IV262SW,IV26 2SW,,,,other,Postcode,214557.700,893249.300,3500,18000,,,,,,,Ullapool,http://data.ordnancesurvey.co.uk/id/4000000074558252,http://www.ordnancesurvey.co.uk/xml/codelists/localtype.xml#village,,,,Highland,http://data.ordnancesurvey.co.uk/id/7000000000029638,http://data.ordnancesurvey.co.uk/ontology/admingeo/UnitaryAuthority,Scotland,http://data.ordnancesurvey.co.uk/id/7000000000041429,Scotland,http://data.ordnancesurvey.co.uk/id/country/scotland,,,
IV262XR,http://data.ordnancesurvey.co.uk/id/postcodeunit/IV262XR,IV26 2XR,,,,other,Postcode,212649.100,894973.700,3500,18000,,,,,,,Ullapool,http://data.ordnancesurvey.co.uk/id/4000000074558252,http://www.ordnancesurvey.co.uk/xml/codelists/localtype.xml#village,,,,Highland,http://data.ordnancesurvey.co.uk/id/7000000000029638,http://data.ordnancesurvey.co.uk/ontology/admingeo/UnitaryAuthority,Scotland,http://data.ordnancesurvey.co.uk/id/7000000000041429,Scotland,http://data.ordnancesurvey.co.uk/id/country/scotland,,,
IV232SF,http://data.ordnancesurvey.co.uk/id/postcodeunit/IV232SF,IV23 2SF,,,,other,Postcode,215205.700,889852.200,3500,18000,,,,,,,Loggie,http://data.ordnancesurvey.co.uk/id/4000000074552596,http://www.ordnancesurvey.co.uk/xml/codelists/localtype.xml#otherSettlement,,,,Highland,http://data.ordnancesurvey.co.uk/id/7000000000029638,http://data.ordnancesurvey.co.uk/ontology/admingeo/UnitaryAuthority,Scotland,http://data.ordnancesurvey.co.uk/id/7000000000041429,Scotland,http://data.ordnancesurvey.co.uk/id/country/scotland,,,
IV262XU,http://data.ordnancesurvey.co.uk/id/postcodeunit/IV262XU,IV26 2XU,,,,other,Postcode,213045.800,894504.700,3500,18000,,,,,,,Ullapool,http://data.ordnancesurvey.co.uk/id/4000000074558252,http://www.ordnancesurvey.co.uk/xml/codelists/localtype.xml#village,,,,Highland,http://data.ordnancesurvey.co.uk/id/7000000000029638,http://data.ordnancesurvey.co.uk/ontology/admingeo/UnitaryAuthority,Scotland,http://data.ordnancesurvey.co.uk/id/7000000000041429,Scotland,http://data.ordnancesurvey.co.uk/id/country/scotland,,,
IV262UD,http://data.ordnancesurvey.co.uk/id/postcodeunit/IV262UD,IV26 2UD,,,,other,Postcode,212948.200,894061.800,3500,18000,,,,,,,Ullapool,http://data.ordnancesurvey.co.uk/id/4000000074558252,http://www.ordnancesurvey.co.uk/xml/codelists/localtype.xml#village,,,,Highland,http://data.ordnancesurvey.co.uk/id/7000000000029638,http://data.ordnancesurvey.co.uk/ontology/admingeo/UnitaryAuthority,Scotland,http://data.ordnancesurvey.co.uk/id/7000000000041429,Scotland,http://data.ordnancesurvey.co.uk/id/country/scotland,,,
IV262UT,http://data.ordnancesurvey.co.uk/id/postcodeunit/IV262UT,IV26 2UT,,,,other,Postcode,212672.900,893904.000,3500,18000,,,,,,,Ullapool,http://data.ordnancesurvey.co.uk/id/4000000074558252,http://www.ordnancesurvey.co.uk/xml/codelists/localtype.xml#village,,,,Highland,http://data.ordnancesurvey.co.uk/id/7000000000029638,http://data.ordnancesurvey.co.uk/ontology/admingeo/UnitaryAuthority,Scotland,http://data.ordnancesurvey.co.uk/id/7000000000041429,Scotland,http://data.ordnancesurvey.co.uk/id/country/scotland,,,
IV262UQ,http://data.ordnancesurvey.co.uk/id/postcodeunit/IV262UQ,IV26 2UQ,,,,other,Postcode,212737.000,894329.300,3500,18000,,,,,,,Ullapool,http://data.ordnancesurvey.co.uk/id/4000000074558252,http://www.ordnancesurvey.co.uk/xml/codelists/localtype.xml#village,,,,Highland,http://data.ordnancesurvey.co.uk/id/7000000000029638,http://data.ordnancesurvey.co.uk/ontology/admingeo/UnitaryAuthority,Scotland,http://data.ordnancesurvey.co.uk/id/7000000000041429,Scotland,http://data.ordnancesurvey.co.uk/id/country/scotland,,,
IV232RB,http://data.ordnancesurvey.co.uk/id/postcodeunit/IV232RB,IV23 2RB,,,,other,Postcode,218258.900,882464.500,3500,18000,,,,,,,,,,,,,Highland,http://data.ordnancesurvey.co.uk/id/7000000000029638,http://data.ordnancesurvey.co.uk/ontology/admingeo/UnitaryAuthority,Scotland,http://data.ordnancesurvey.co.uk/id/7000000000041429,Scotland,http://data.ordnancesurvey.co.uk/id/country/scotland,,,
IV262UG,http://data.ordnancesurvey.co.uk/id/postcodeunit/IV262UG,IV26 2UG,,,,other,Postcode,212757.600,894027.700,3500,18000,,,,,,,Ullapool,http://data.ordnancesurvey.co.uk/id/4000000074558252,http://www.ordnancesurvey.co.uk/xml/codelists/localtype.xml#village,,,,Highland,http://data.ordnancesurvey.co.uk/id/7000000000029638,http://data.ordnancesurvey.co.uk/ontology/admingeo/UnitaryAuthority,Scotland,http://data.ordnancesurvey.co.uk/id/7000000000041429,Scotland,http://data.ordnancesurvey.co.uk/id/country/scotland,,,
IV232RY,http://data.ordnancesurvey.co.uk/id/postcodeunit/IV232RY,IV23 2RY,,,,other,Postcode,219144.100,880500.200,3500,18000,,,,,,,Auchindrean,http://data.ordnancesurvey.co.uk/id/4000000074337025,http://www.ordnancesurvey.co.uk/xml/codelists/localtype.xml#hamlet,,,,Highland,http://data.ordnancesurvey.co.uk/id/7000000000029638,http://data.ordnancesurvey.co.uk/ontology/admingeo/UnitaryAuthority,Scotland,http://data.ordnancesurvey.co.uk/id/7000000000041429,Scotland,http://data.ordnancesurvey.co.uk/id/country/scotland,,,
IV262UX,http://data.ordnancesurvey.co.uk/id/postcodeunit/IV262UX,IV26 2UX,,,,other,Postcode,212953.500,894337.500,3500,18000,,,,,,,Ullapool,http://data.ordnancesurvey.co.uk/id/4000000074558252,http://www.ordnancesurvey.co.uk/xml/codelists/localtype.xml#village,,,,Highland,http://data.ordnancesurvey.co.uk/id/7000000000029638,http://data.ordnancesurvey.co.uk/ontology/admingeo/UnitaryAuthority,Scotland,http://data.ordnancesurvey.co.uk/id/7000000000041429,Scotland,http://data.ordnancesurvey.co.uk/id/country/scotland,,,
IV232RQ,http://data.ordnancesurvey.co.uk/id/postcodeunit/IV232RQ,IV23 2RQ,,,,other,Postcode,217337.929,888617.971,3500,18000,,,,,,,Ardcharnich,http://data.ordnancesurvey.co.uk/id/4000000074552594,http://www.ordnancesurvey.co.uk/xml/codelists/localtype.xml#hamlet,,,,Highland,http://data.ordnancesurvey.co.uk/id/7000000000029638,http://data.ordnancesurvey.co.uk/ontology/admingeo/UnitaryAuthority,Scotland,http://data.ordnancesurvey.co.uk/id/7000000000041429,Scotland,http://data.ordnancesurvey.co.uk/id/country/scotland,,,
IV262TR,http://data.ordnancesurvey.co.uk/id/postcodeunit/IV262TR,IV26 2TR,,,,other,Postcode,212496.500,894237.800,3500,18000,,,,,,,Ullapool,http://data.ordnancesurvey.co.uk/id/4000000074558252,http://www.ordnancesurvey.co.uk/xml/codelists/localtype.xml#village,,,,Highland,http://data.ordnancesurvey.co.uk/id/7000000000029638,http://data.ordnancesurvey.co.uk/ontology/admingeo/UnitaryAuthority,Scotland,http://data.ordnancesurvey.co.uk/id/7000000000041429,Scotland,http://data.ordnancesurvey.co.uk/id/country/scotland,,,
IV232QR,http://data.ordnancesurvey.co.uk/id/postcodeunit/IV232QR,IV23 2QR,,,,other,Postcode,209267.400,887917.900,3500,18000,,,,,,,Dundonnell,http://data.ordnancesurvey.co.uk/id/4000000074552597,http://www.ordnancesurvey.co.uk/xml/codelists/localtype.xml#hamlet,,,,Highland,http://data.ordnancesurvey.co.uk/id/7000000000029638,http://data.ordnancesurvey.co.uk/ontology/admingeo/UnitaryAuthority,Scotland,http://data.ordnancesurvey.co.uk/id/7000000000041429,Scotland,http://data.ordnancesurvey.co.uk/id/country/scotland,,,
IV262TY,http://data.ordnancesurvey.co.uk/id/postcodeunit/IV262TY,IV26 2TY,,,,other,Postcode,212654.584,893982.452,3500,18000,,,,,,,Ullapool,http://data.ordnancesurvey.co.uk/id/4000000074558252,http://www.ordnancesurvey.co.uk/xml/codelists/localtype.xml#village,,,,Highland,http://data.ordnancesurvey.co.uk/id/7000000000029638,http://data.ordnancesurvey.co.uk/ontology/admingeo/UnitaryAuthority,Scotland,http://data.ordnancesurvey.co.uk/id/7000000000041429,Scotland,http://data.ordnancesurvey.co.uk/id/country/scotland,,,
IV262SR,http://data.ordnancesurvey.co.uk/id/postcodeunit/IV262SR,IV26 2SR,,,,other,Postcode,212736.514,895134.157,3500,18000,,,,,,,Ullapool,http://data.ordnancesurvey.co.uk/id/4000000074558252,http://www.ordnancesurvey.co.uk/xml/codelists/localtype.xml#village,,,,Highland,http://data.ordnancesurvey.co.uk/id/7000000000029638,http://data.ordnancesurvey.co.uk/ontology/admingeo/UnitaryAuthority,Scotland,http://data.ordnancesurvey.co.uk/id/7000000000041429,Scotland,http://data.ordnancesurvey.co.uk/id/country/scotland,,,
IV262XT,http://data.ordnancesurvey.co.uk/id/postcodeunit/IV262XT,IV26 2XT,,,,other,Postcode,213224.400,894199.300,3500,18000,,,,,,,Ullapool,http://data.ordnancesurvey.co.uk/id/4000000074558252,http://www.ordnancesurvey.co.uk/xml/codelists/localtype.xml#village,,,,Highland,http://data.ordnancesurvey.co.uk/id/7000000000029638,http://data.ordnancesurvey.co.uk/ontology/admingeo/UnitaryAuthority,Scotland,http://data.ordnancesurvey.co.uk/id/7000000000041429,Scotland,http://data.ordnancesurvey.co.uk/id/country/scotland,,,
IV262UH,http://data.ordnancesurvey.co.uk/id/postcodeunit/IV262UH,IV26 2UH,,,,other,Postcode,212805.400,893921.500,3500,18000,,,,,,,Ullapool,http://data.ordnancesurvey.co.uk/id/4000000074558252,http://www.ordnancesurvey.co.uk/xml/codelists/localtype.xml#village,,,,Highland,http://data.ordnancesurvey.co.uk/id/7000000000029638,http://data.ordnancesurvey.co.uk/ontology/admingeo/UnitaryAuthority,Scotland,http://data.ordnancesurvey.co.uk/id/7000000000041429,Scotland,http://data.ordnancesurvey.co.uk/id/country/scotland,,,
IV262WN,http://data.ordnancesurvey.co.uk/id/postcodeunit/IV262WN,IV26 2WN,,,,other,Postcode,213120.800,894427.700,3500,18000,,,,,,,Ullapool,http://data.ordnancesurvey.co.uk/id/4000000074558252,http://www.ordnancesurvey.co.uk/xml/codelists/localtype.xml#village,,,,Highland,http://data.ordnancesurvey.co.uk/id/7000000000029638,http://data.ordnancesurvey.co.uk/ontology/admingeo/UnitaryAuthority,Scotland,http://data.ordnancesurvey.co.uk/id/7000000000041429,Scotland,http://data.ordnancesurvey.co.uk/id/country/scotland,,,
IV262TJ,http://data.ordnancesurvey.co.uk/id/postcodeunit/IV262TJ,IV26 2TJ,,,,other,Postcode,209844.800,897171.200,3500,18000,,,,,,,Rhue,http://data.ordnancesurvey.co.uk/id/4000000074558632,http://www.ordnancesurvey.co.uk/xml/codelists/localtype.xml#hamlet,,,,Highland,http://data.ordnancesurvey.co.uk/id/7000000000029638,http://data.ordnancesurvey.co.uk/ontology/admingeo/UnitaryAuthority,Scotland,http://data.ordnancesurvey.co.uk/id/7000000000041429,Scotland,http://data.ordnancesurvey.co.uk/id/country/scotland,,,
IV232QZ,http://data.ordnancesurvey.co.uk/id/postcodeunit/IV232QZ,IV23 2QZ,,,,other,Postcode,201341.144,892763.481,3500,18000,,,,,,,Durnamuck,http://data.ordnancesurvey.co.uk/id/4000000074558629,http://www.ordnancesurvey.co.uk/xml/codelists/localtype.xml#hamlet,,,,Highland,http://data.ordnancesurvey.co.uk/id/7000000000029638,http://data.ordnancesurvey.co.uk/ontology/admingeo/UnitaryAuthority,Scotland,http://data.ordnancesurvey.co.uk/id/7000000000041429,Scotland,http://data.ordnancesurvey.co.uk/id/country/scotland,,,
IV232RE,http://data.ordnancesurvey.co.uk/id/postcodeunit/IV232RE,IV23 2RE,,,,other,Postcode,201349.615,896004.985,3500,18000,,,,,,,,,,,,,Highland,http://data.ordnancesurvey.co.uk/id/7000000000029638,http://data.ordnancesurvey.co.uk/ontology/admingeo/UnitaryAuthority,Scotland,http://data.ordnancesurvey.co.uk/id/7000000000041429,Scotland,http://data.ordnancesurvey.co.uk/id/country/scotland,,,
IV262TU,http://data.ordnancesurvey.co.uk/id/postcodeunit/IV262TU,IV26 2TU,,,,other,Postcode,212599.300,894698.600,3500,18000,,,,,,,Ullapool,http://data.ordnancesurvey.co.uk/id/4000000074558252,http://www.ordnancesurvey.co.uk/xml/codelists/localtype.xml#village,,,,Highland,http://data.ordnancesurvey.co.uk/id/7000000000029638,http://data.ordnancesurvey.co.uk/ontology/admingeo/UnitaryAuthority,Scotland,http://data.ordnancesurvey.co.uk/id/7000000000041429,Scotland,http://data.ordnancesurvey.co.uk/id/country/scotland,,,
IV262UZ,http://data.ordnancesurvey.co.uk/id/postcodeunit/IV262UZ,IV26 2UZ,,,,other,Postcode,212902.000,894416.100,3500,18000,,,,,,,Ullapool,http://data.ordnancesurvey.co.uk/id/4000000074558252,http://www.ordnancesurvey.co.uk/xml/codelists/localtype.xml#village,,,,Highland,http://data.ordnancesurvey.co.uk/id/7000000000029638,http://data.ordnancesurvey.co.uk/ontology/admingeo/UnitaryAuthority,Scotland,http://data.ordnancesurvey.co.uk/id/7000000000041429,Scotland,http://data.ordnancesurvey.co.uk/id/country/scotland,,,
IV262XA,http://data.ordnancesurvey.co.uk/id/postcodeunit/IV262XA,IV26 2XA,,,,other,Postcode,212714.300,894158.700,3500,18000,,,,,,,Ullapool,http://data.ordnancesurvey.co.uk/id/4000000074558252,http://www.ordnancesurvey.co.uk/xml/codelists/localtype.xml#village,,,,Highland,http://data.ordnancesurvey.co.uk/id/7000000000029638,http://data.ordnancesurvey.co.uk/ontology/admingeo/UnitaryAuthority,Scotland,http://data.ordnancesurvey.co.uk/id/7000000000041429,Scotland,http://data.ordnancesurvey.co.uk/id/country/scotland,,,
IV232RH,http://data.ordnancesurvey.co.uk/id/postcodeunit/IV232RH,IV23 2RH,,,,other,Postcode,216674.254,890467.013,3500,18000,,,,,,,Leckmelm,http://data.ordnancesurvey.co.uk/id/4000000074557876,http://www.ordnancesurvey.co.uk/xml/codelists/localtype.xml#village,,,,Highland,http://data.ordnancesurvey.co.uk/id/7000000000029638,http://data.ordnancesurvey.co.uk/ontology/admingeo/UnitaryAuthority,Scotland,http://data.ordnancesurvey.co.uk/id/7000000000041429,Scotland,http://data.ordnancesurvey.co.uk/id/country/scotland,,,
IV232QY,http://data.ordnancesurvey.co.uk/id/postcodeunit/IV232QY,IV23 2QY,,,,other,Postcode,202077.700,891699.300,3500,18000,,,,,,,Badcaul,http://data.ordnancesurvey.co.uk/id/4000000074558628,http://www.ordnancesurvey.co.uk/xml/codelists/localtype.xml#hamlet,,,,Highland,http://data.ordnancesurvey.co.uk/id/7000000000029638,http://data.ordnancesurvey.co.uk/ontology/admingeo/UnitaryAuthority,Scotland,http://data.ordnancesurvey.co.uk/id/7000000000041429,Scotland,http://data.ordnancesurvey.co.uk/id/country/scotland,,,
IV262XL,http://data.ordnancesurvey.co.uk/id/postcodeunit/IV262XL,IV26 2XL,,,,other,Postcode,213010.374,894662.963,3500,18000,,,,,,,Ullapool,http://data.ordnancesurvey.co.uk/id/4000000074558252,http://www.ordnancesurvey.co.uk/xml/codelists/localtype.xml#village,,,,Highland,http://data.ordnancesurvey.co.uk/id/7000000000029638,http://data.ordnancesurvey.co.uk/ontology/admingeo/UnitaryAuthority,Scotland,http://data.ordnancesurvey.co.uk/id/7000000000041429,Scotland,http://data.ordnancesurvey.co.uk/id/country/scotland,,,
IV262XG,http://data.ordnancesurvey.co.uk/id/postcodeunit/IV262XG,IV26 2XG,,,,other,Postcode,212868.400,894512.100,3500,18000,,,,,,,Ullapool,http://data.ordnancesurvey.co.uk/id/4000000074558252,http://www.ordnancesurvey.co.uk/xml/codelists/localtype.xml#village,,,,Highland,http://data.ordnancesurvey.co.uk/id/7000000000029638,http://data.ordnancesurvey.co.uk/ontology/admingeo/UnitaryAuthority,Scotland,http://data.ordnancesurvey.co.uk/id/7000000000041429,Scotland,http://data.ordnancesurvey.co.uk/id/country/scotland,,,
IV232RN,http://data.ordnancesurvey.co.uk/id/postcodeunit/IV232RN,IV23 2RN,,,,other,Postcode,217075.695,890152.498,3500,18000,,,,,,,Leckmelm,http://data.ordnancesurvey.co.uk/id/4000000074557876,http://www.ordnancesurvey.co.uk/xml/codelists/localtype.xml#village,,,,Highland,http://data.ordnancesurvey.co.uk/id/7000000000029638,http://data.ordnancesurvey.co.uk/ontology/admingeo/UnitaryAuthority,Scotland,http://data.ordnancesurvey.co.uk/id/7000000000041429,Scotland,http://data.ordnancesurvey.co.uk/id/country/scotland,,,
IV262XB,http://data.ordnancesurvey.co.uk/id/postcodeunit/IV262XB,IV26 2XB,,,,other,Postcode,212608.238,894188.275,3500,18000,,,,,,,Ullapool,http://data.ordnancesurvey.co.uk/id/4000000074558252,http://www.ordnancesurvey.co.uk/xml/codelists/localtype.xml#village,,,,Highland,http://data.ordnancesurvey.co.uk/id/7000000000029638,http://data.ordnancesurvey.co.uk/ontology/admingeo/UnitaryAuthority,Scotland,http://data.ordnancesurvey.co.uk/id/7000000000041429,Scotland,http://data.ordnancesurvey.co.uk/id/country/scotland,,,
IV262XF,http://data.ordnancesurvey.co.uk/id/postcodeunit/IV262XF,IV26 2XF,,,,other,Postcode,212936.100,894287.200,3500,18000,,,,,,,Ullapool,http://data.ordnancesurvey.co.uk/id/4000000074558252,http://www.ordnancesurvey.co.uk/xml/codelists/localtype.xml#village,,,,Highland,http://data.ordnancesurvey.co.uk/id/7000000000029638,http://data.ordnancesurvey.co.uk/ontology/admingeo/UnitaryAuthority,Scotland,http://data.ordnancesurvey.co.uk/id/7000000000041429,Scotland,http://data.ordnancesurvey.co.uk/id/country/scotland,,,
IV262TN,http://data.ordnancesurvey.co.uk/id/postcodeunit/IV262TN,IV26 2TN,,,,other,Postcode,210857.022,898177.768,3500,18000,,,,,,,Ardmair,http://data.ordnancesurvey.co.uk/id/4000000074558631,http://www.ordnancesurvey.co.uk/xml/codelists/localtype.xml#otherSettlement,,,,Highland,http://data.ordnancesurvey.co.uk/id/7000000000029638,http://data.ordnancesurvey.co.uk/ontology/admingeo/UnitaryAuthority,Scotland,http://data.ordnancesurvey.co.uk/id/7000000000041429,Scotland,http://data.ordnancesurvey.co.uk/id/country/scotland,,,
IV232RZ,http://data.ordnancesurvey.co.uk/id/postcodeunit/IV232RZ,IV23 2RZ,,,,other,Postcode,217997.474,884061.912,3500,18000,,,,,,,Croftown,http://data.ordnancesurvey.co.uk/id/4000000074557874,http://www.ordnancesurvey.co.uk/xml/codelists/localtype.xml#hamlet,,,,Highland,http://data.ordnancesurvey.co.uk/id/7000000000029638,http://data.ordnancesurvey.co.uk/ontology/admingeo/UnitaryAuthority,Scotland,http://data.ordnancesurvey.co.uk/id/7000000000041429,Scotland,http://data.ordnancesurvey.co.uk/id/country/scotland,,,
IV262UR,http://data.ordnancesurvey.co.uk/id/postcodeunit/IV262UR,IV26 2UR,,,,other,Postcode,212638.000,893838.200,3500,18000,,,,,,,Ullapool,http://data.ordnancesurvey.co.uk/id/4000000074558252,http://www.ordnancesurvey.co.uk/xml/codelists/localtype.xml#village,,,,Highland,http://data.ordnancesurvey.co.uk/id/7000000000029638,http://data.ordnancesurvey.co.uk/ontology/admingeo/UnitaryAuthority,Scotland,http://data.ordnancesurvey.co.uk/id/7000000000041429,Scotland,http://data.ordnancesurvey.co.uk/id/country/scotland,,,
IV262TE,http://data.ordnancesurvey.co.uk/id/postcodeunit/IV262TE,IV26 2TE,,,,other,Postcode,212892.000,894597.700,3500,18000,,,,,,,Ullapool,http://data.ordnancesurvey.co.uk/id/4000000074558252,http://www.ordnancesurvey.co.uk/xml/codelists/localtype.xml#village,,,,Highland,http://data.ordnancesurvey.co.uk/id/7000000000029638,http://data.ordnancesurvey.co.uk/ontology/admingeo/UnitaryAuthority,Scotland,http://data.ordnancesurvey.co.uk/id/7000000000041429,Scotland,http://data.ordnancesurvey.co.uk/id/country/scotland,,,
IV262UP,http://data.ordnancesurvey.co.uk/id/postcodeunit/IV262UP,IV26 2UP,,,,other,Postcode,212913.300,894124.000,3500,18000,,,,,,,Ullapool,http://data.ordnancesurvey.co.uk/id/4000000074558252,http://www.ordnancesurvey.co.uk/xml/codelists/localtype.xml#village,,,,Highland,http://data.ordnancesurvey.co.uk/id/7000000000029638,http://data.ordnancesurvey.co.uk/ontology/admingeo/UnitaryAuthority,Scotland,http://data.ordnancesurvey.co.uk/id/7000000000041429,Scotland,http://data.ordnancesurvey.co.uk/id/country/scotland,,,
IV262TB,http://data.ordnancesurvey.co.uk/id/postcodeunit/IV262TB,IV26 2TB,,,,other,Postcode,214381.290,892776.050,3500,18000,,,,,,,,,,,,,Highland,http://data.ordnancesurvey.co.uk/id/7000000000029638,http://data.ordnancesurvey.co.uk/ontology/admingeo/UnitaryAuthority,Scotland,http://data.ordnancesurvey.co.uk/id/7000000000041429,Scotland,http://data.ordnancesurvey.co.uk/id/country/scotland,,,
IV262WX,http://data.ordnancesurvey.co.uk/id/postcodeunit/IV262WX,IV26 2WX,,,,other,Postcode,212726.900,894010.700,3500,18000,,,,,,,Ullapool,http://data.ordnancesurvey.co.uk/id/4000000074558252,http://www.ordnancesurvey.co.uk/xml/codelists/localtype.xml#village,,,,Highland,http://data.ordnancesurvey.co.uk/id/7000000000029638,http://data.ordnancesurvey.co.uk/ontology/admingeo/UnitaryAuthority,Scotland,http://data.ordnancesurvey.co.uk/id/7000000000041429,Scotland,http://data.ordnancesurvey.co.uk/id/country/scotland,,,
IV232QW,http://data.ordnancesurvey.co.uk/id/postcodeunit/IV232QW,IV23 2QW,,,,other,Postcode,210890.344,887337.033,3500,18000,,,,,,,,,,,,,Highland,http://data.ordnancesurvey.co.uk/id/7000000000029638,http://data.ordnancesurvey.co.uk/ontology/admingeo/UnitaryAuthority,Scotland,http://data.ordnancesurvey.co.uk/id/7000000000041429,Scotland,http://data.ordnancesurvey.co.uk/id/country/scotland,,,
IV262XP,http://data.ordnancesurvey.co.uk/id/postcodeunit/IV262XP,IV26 2XP,,,,other,Postcode,213012.400,894515.200,3500,18000,,,,,,,Ullapool,http://data.ordnancesurvey.co.uk/id/4000000074558252,http://www.ordnancesurvey.co.uk/xml/codelists/localtype.xml#village,,,,Highland,http://data.ordnancesurvey.co.uk/id/7000000000029638,http://data.ordnancesurvey.co.uk/ontology/admingeo/UnitaryAuthority,Scotland,http://data.ordnancesurvey.co.uk/id/7000000000041429,Scotland,http://data.ordnancesurvey.co.uk/id/country/scotland,,,
IV232RG,http://data.ordnancesurvey.co.uk/id/postcodeunit/IV232RG,IV23 2RG,,,,other,Postcode,218291.464,885043.145,3500,18000,,,,,,,Balblair,http://data.ordnancesurvey.co.uk/id/4000000074543340,http://www.ordnancesurvey.co.uk/xml/codelists/localtype.xml#hamlet,,,,Highland,http://data.ordnancesurvey.co.uk/id/7000000000029638,http://data.ordnancesurvey.co.uk/ontology/admingeo/UnitaryAuthority,Scotland,http://data.ordnancesurvey.co.uk/id/7000000000041429,Scotland,http://data.ordnancesurvey.co.uk/id/country/scotland,,,
IV262TQ,http://data.ordnancesurvey.co.uk/id/postcodeunit/IV262TQ,IV26 2TQ,,,,other,Postcode,212575.600,894755.300,3500,18000,,,,,,,Ullapool,http://data.ordnancesurvey.co.uk/id/4000000074558252,http://www.ordnancesurvey.co.uk/xml/codelists/localtype.xml#village,,,,Highland,http://data.ordnancesurvey.co.uk/id/7000000000029638,http://data.ordnancesurvey.co.uk/ontology/admingeo/UnitaryAuthority,Scotland,http://data.ordnancesurvey.co.uk/id/7000000000041429,Scotland,http://data.ordnancesurvey.co.uk/id/country/scotland,,,
IV262TX,http://data.ordnancesurvey.co.uk/id/postcodeunit/IV262TX,IV26 2TX,,,,other,Postcode,212723.200,894914.000,3500,18000,,,,,,,Ullapool,http://data.ordnancesurvey.co.uk/id/4000000074558252,http://www.ordnancesurvey.co.uk/xml/codelists/localtype.xml#village,,,,Highland,http://data.ordnancesurvey.co.uk/id/7000000000029638,http://data.ordnancesurvey.co.uk/ontology/admingeo/UnitaryAuthority,Scotland,http://data.ordnancesurvey.co.uk/id/7000000000041429,Scotland,http://data.ordnancesurvey.co.uk/id/country/scotland,,,
IV262XQ,http://data.ordnancesurvey.co.uk/id/postcodeunit/IV262XQ,IV26 2XQ,,,,other,Postcode,219047.046,894824.924,3500,18000,,,,,,,,,,,,,Highland,http://data.ordnancesurvey.co.uk/id/7000000000029638,http://data.ordnancesurvey.co.uk/ontology/admingeo/UnitaryAuthority,Scotland,http://data.ordnancesurvey.co.uk/id/7000000000041429,Scotland,http://data.ordnancesurvey.co.uk/id/country/scotland,,,
IV262UN,http://data.ordnancesurvey.co.uk/id/postcodeunit/IV262UN,IV26 2UN,,,,other,Postcode,213098.886,894269.986,3500,18000,,,,,,,Ullapool,http://data.ordnancesurvey.co.uk/id/4000000074558252,http://www.ordnancesurvey.co.uk/xml/codelists/localtype.xml#village,,,,Highland,http://data.ordnancesurvey.co.uk/id/7000000000029638,http://data.ordnancesurvey.co.uk/ontology/admingeo/UnitaryAuthority,Scotland,http://data.ordnancesurvey.co.uk/id/7000000000041429,Scotland,http://data.ordnancesurvey.co.uk/id/country/scotland,,,
IV262SZ,http://data.ordnancesurvey.co.uk/id/postcodeunit/IV262SZ,IV26 2SZ,,,,other,Postcode,214335.981,893270.490,3500,18000,,,,,,,Ullapool,http://data.ordnancesurvey.co.uk/id/4000000074558252,http://www.ordnancesurvey.co.uk/xml/codelists/localtype.xml#village,,,,Highland,http://data.ordnancesurvey.co.uk/id/7000000000029638,http://data.ordnancesurvey.co.uk/ontology/admingeo/UnitaryAuthority,Scotland,http://data.ordnancesurvey.co.uk/id/7000000000041429,Scotland,http://data.ordnancesurvey.co.uk/id/country/scotland,,,
IV232RS,http://data.ordnancesurvey.co.uk/id/postcodeunit/IV232RS,IV23 2RS,,,,other,Postcode,219410.279,881184.650,3500,18000,,,,,,,Lael Forest,http://data.ordnancesurvey.co.uk/id/4000000074338005,http://www.ordnancesurvey.co.uk/xml/codelists/localtype.xml#otherSettlement,,,,Highland,http://data.ordnancesurvey.co.uk/id/7000000000029638,http://data.ordnancesurvey.co.uk/ontology/admingeo/UnitaryAuthority,Scotland,http://data.ordnancesurvey.co.uk/id/7000000000041429,Scotland,http://data.ordnancesurvey.co.uk/id/country/scotland,,,
IV262WE,http://data.ordnancesurvey.co.uk/id/postcodeunit/IV262WE,IV26 2WE,,,,other,Postcode,212726.900,894010.700,3500,18000,,,,,,,Ullapool,http://data.ordnancesurvey.co.uk/id/4000000074558252,http://www.ordnancesurvey.co.uk/xml/codelists/localtype.xml#village,,,,Highland,http://data.ordnancesurvey.co.uk/id/7000000000029638,http://data.ordnancesurvey.co.uk/ontology/admingeo/UnitaryAuthority,Scotland,http://data.ordnancesurvey.co.uk/id/7000000000041429,Scotland,http://data.ordnancesurvey.co.uk/id/country/scotland,,,
IV262XD,http://data.ordnancesurvey.co.uk/id/postcodeunit/IV262XD,IV26 2XD,,,,other,Postcode,212514.800,894368.200,3500,18000,,,,,,,Ullapool,http://data.ordnancesurvey.co.uk/id/4000000074558252,http://www.ordnancesurvey.co.uk/xml/codelists/localtype.xml#village,,,,Highland,http://data.ordnancesurvey.co.uk/id/7000000000029638,http://data.ordnancesurvey.co.uk/ontology/admingeo/UnitaryAuthority,Scotland,http://data.ordnancesurvey.co.uk/id/7000000000041429,Scotland,http://data.ordnancesurvey.co.uk/id/country/scotland,,,
IV262UW,http://data.ordnancesurvey.co.uk/id/postcodeunit/IV262UW,IV26 2UW,,,,other,Postcode,212864.200,894302.600,3500,18000,,,,,,,Ullapool,http://data.ordnancesurvey.co.uk/id/4000000074558252,http://www.ordnancesurvey.co.uk/xml/codelists/localtype.xml#village,,,,Highland,http://data.ordnancesurvey.co.uk/id/7000000000029638,http://data.ordnancesurvey.co.uk/ontology/admingeo/UnitaryAuthority,Scotland,http://data.ordnancesurvey.co.uk/id/7000000000041429,Scotland,http://data.ordnancesurvey.co.uk/id/country/scotland,,,
osgb4000000003532396,http://data.ordnancesurvey.co.uk/id/osgb4000000003532396,Morefield Crescent,,,,transportNetwork,Named Road,212630.000,894794.000,1000,20000,212623.000,894736.423,212667.637,894842.000,IV26,http://data.ordnancesurvey.co.uk/id/postcodedistrict/IV26,Ullapool,http://data.ordnancesurvey.co.uk/id/4000000074558252,http://www.ordnancesurvey.co.uk/xml/codelists/localtype.xml#village,,,,Highland,http://data.ordnancesurvey.co.uk/id/7000000000029638,http://data.ordnancesurvey.co.uk/ontology/admingeo/UnitaryAuthority,Scotland,http://data.ordnancesurvey.co.uk/id/7000000000041429,Scotland,http://data.ordnancesurvey.co.uk/id/country/scotland,,,
osgb4000000003531288,http://data.ordnancesurvey.co.uk/id/osgb4000000003531288,West Shore Street,,,,transportNetwork,Named Road,212776.668,893924.987,4000,20000,212475.930,893720.786,213118.415,894056.677,IV26,http://data.ordnancesurvey.co.uk/id/postcodedistrict/IV26,Ullapool,http://data.ordnancesurvey.co.uk/id/4000000074558252,http://www.ordnancesurvey.co.uk/xml/codelists/localtype.xml#village,,,,Highland,http://data.ordnancesurvey.co.uk/id/7000000000029638,http://data.ordnancesurvey.co.uk/ontology/admingeo/UnitaryAuthority,Scotland,http://data.ordnancesurvey.co.uk/id/7000000000041429,Scotland,http://data.ordnancesurvey.co.uk/id/country/scotland,,,
osgb4000000003531300,http://data.ordnancesurvey.co.uk/id/osgb4000000003531300,Kanachrine Place,,,,transportNetwork,Named Road,212741.000,894921.000,1000,20000,212641.000,894842.000,212814.000,894995.000,IV26,http://data.ordnancesurvey.co.uk/id/postcodedistrict/IV26,Ullapool,http://data.ordnancesurvey.co.uk/id/4000000074558252,http://www.ordnancesurvey.co.uk/xml/codelists/localtype.xml#village,,,,Highland,http://data.ordnancesurvey.co.uk/id/7000000000029638,http://data.ordnancesurvey.co.uk/ontology/admingeo/UnitaryAuthority,Scotland,http://data.ordnancesurvey.co.uk/id/7000000000041429,Scotland,http://data.ordnancesurvey.co.uk/id/country/scotland,,,
osgb4000000003531295,http://data.ordnancesurvey.co.uk/id/osgb4000000003531295,Quay Street,,,,transportNetwork,Named Road,212738.000,894165.000,3000,20000,212670.537,893950.000,212814.000,894366.925,IV26,http://data.ordnancesurvey.co.uk/id/postcodedistrict/IV26,Ullapool,http://data.ordnancesurvey.co.uk/id/4000000074558252,http://www.ordnancesurvey.co.uk/xml/codelists/localtype.xml#village,,,,Highland,http://data.ordnancesurvey.co.uk/id/7000000000029638,http://data.ordnancesurvey.co.uk/ontology/admingeo/UnitaryAuthority,Scotland,http://data.ordnancesurvey.co.uk/id/7000000000041429,Scotland,http://data.ordnancesurvey.co.uk/id/country/scotland,,,
osgb4000000003531898,http://data.ordnancesurvey.co.uk/id/osgb4000000003531898,Morefield Place,,,,transportNetwork,Named Road,212540.000,894744.000,1000,20000,212426.403,894645.667,212641.000,894842.000,IV26,http://data.ordnancesurvey.co.uk/id/postcodedistrict/IV26,Ullapool,http://data.ordnancesurvey.co.uk/id/4000000074558252,http://www.ordnancesurvey.co.uk/xml/codelists/localtype.xml#village,,,,Highland,http://data.ordnancesurvey.co.uk/id/7000000000029638,http://data.ordnancesurvey.co.uk/ontology/admingeo/UnitaryAuthority,Scotland,http://data.ordnancesurvey.co.uk/id/7000000000041429,Scotland,http://data.ordnancesurvey.co.uk/id/country/scotland,,,
osgb4000000003546251,http://data.ordnancesurvey.co.uk/id/osgb4000000003546251,Pa Irce Bhaoin,,,,transportNetwork,Named Road,213070.254,894485.440,1000,20000,213050.456,894472.292,213078.232,894485.440,IV26,http://data.ordnancesurvey.co.uk/id/postcodedistrict/IV26,Ullapool,http://data.ordnancesurvey.co.uk/id/4000000074558252,http://www.ordnancesurvey.co.uk/xml/codelists/localtype.xml#village,,,,Highland,http://data.ordnancesurvey.co.uk/id/7000000000029638,http://data.ordnancesurvey.co.uk/ontology/admingeo/UnitaryAuthority,Scotland,http://data.ordnancesurvey.co.uk/id/7000000000041429,Scotland,http://data.ordnancesurvey.co.uk/id/country/scotland,,,
osgb4000000003531296,http://data.ordnancesurvey.co.uk/id/osgb4000000003531296,Old Moss Road,,,,transportNetwork,Named Road,212841.000,894755.000,2000,20000,212838.000,894606.000,212927.000,894934.257,IV26,http://data.ordnancesurvey.co.uk/id/postcodedistrict/IV26,Ullapool,http://data.ordnancesurvey.co.uk/id/4000000074558252,http://www.ordnancesurvey.co.uk/xml/codelists/localtype.xml#village,,,,Highland,http://data.ordnancesurvey.co.uk/id/7000000000029638,http://data.ordnancesurvey.co.uk/ontology/admingeo/UnitaryAuthority,Scotland,http://data.ordnancesurvey.co.uk/id/7000000000041429,Scotland,http://data.ordnancesurvey.co.uk/id/country/scotland,,,
osgb4000000003532397,http://data.ordnancesurvey.co.uk/id/osgb4000000003532397,Broom Park,,,,transportNetwork,Named Road,213043.000,894547.000,1000,20000,212995.000,894485.440,213109.985,894583.600,IV26,http://data.ordnancesurvey.co.uk/id/postcodedistrict/IV26,Ullapool,http://data.ordnancesurvey.co.uk/id/4000000074558252,http://www.ordnancesurvey.co.uk/xml/codelists/localtype.xml#village,,,,Highland,http://data.ordnancesurvey.co.uk/id/7000000000029638,http://data.ordnancesurvey.co.uk/ontology/admingeo/UnitaryAuthority,Scotland,http://data.ordnancesurvey.co.uk/id/7000000000041429,Scotland,http://data.ordnancesurvey.co.uk/id/country/scotland,,,
osgb4000000003531297,http://data.ordnancesurvey.co.uk/id/osgb4000000003531297,Castle Terrace,,,,transportNetwork,Named Road,212536.000,894388.000,2000,20000,212383.497,894366.000,212670.537,894396.000,IV26,http://data.ordnancesurvey.co.uk/id/postcodedistrict/IV26,Ullapool,http://data.ordnancesurvey.co.uk/id/4000000074558252,http://www.ordnancesurvey.co.uk/xml/codelists/localtype.xml#village,,,,Highland,http://data.ordnancesurvey.co.uk/id/7000000000029638,http://data.ordnancesurvey.co.uk/ontology/admingeo/UnitaryAuthority,Scotland,http://data.ordnancesurvey.co.uk/id/7000000000041429,Scotland,http://data.ordnancesurvey.co.uk/id/country/scotland,,,
osgb4000000003530998,http://data.ordnancesurvey.co.uk/id/osgb4000000003530998,Garve Road,,,,transportNetwork,Named Road,213403.319,893999.025,3000,20000,213118.415,893889.000,213622.000,894070.919,IV26,http://data.ordnancesurvey.co.uk/id/postcodedistrict/IV26,Ullapool,http://data.ordnancesurvey.co.uk/id/4000000074558252,http://www.ordnancesurvey.co.uk/xml/codelists/localtype.xml#village,,,,Highland,http://data.ordnancesurvey.co.uk/id/7000000000029638,http://data.ordnancesurvey.co.uk/ontology/admingeo/UnitaryAuthority,Scotland,http://data.ordnancesurvey.co.uk/id/7000000000041429,Scotland,http://data.ordnancesurvey.co.uk/id/country/scotland,,,
osgb4000000003531299,http://data.ordnancesurvey.co.uk/id/osgb4000000003531299,Riverside Terrace,,,,transportNetwork,Named Road,212814.000,894474.000,2000,20000,212670.537,894366.925,212927.000,894606.000,IV26,http://data.ordnancesurvey.co.uk/id/postcodedistrict/IV26,Ullapool,http://data.ordnancesurvey.co.uk/id/4000000074558252,http://www.ordnancesurvey.co.uk/xml/codelists/localtype.xml#village,,,,Highland,http://data.ordnancesurvey.co.uk/id/7000000000029638,http://data.ordnancesurvey.co.uk/ontology/admingeo/UnitaryAuthority,Scotland,http://data.ordnancesurvey.co.uk/id/7000000000041429,Scotland,http://data.ordnancesurvey.co.uk/id/country/scotland,,,
osgb4000000003532550,http://data.ordnancesurvey.co.uk/id/osgb4000000003532550,Kanachrine Court,,,,transportNetwork,Named Road,212600.000,894700.000,1000,20000,212571.000,894684.046,212613.339,894705.000,IV26,http://data.ordnancesurvey.co.uk/id/postcodedistrict/IV26,Ullapool,http://data.ordnancesurvey.co.uk/id/4000000074558252,http://www.ordnancesurvey.co.uk/xml/codelists/localtype.xml#village,,,,Highland,http://data.ordnancesurvey.co.uk/id/7000000000029638,http://data.ordnancesurvey.co.uk/ontology/admingeo/UnitaryAuthority,Scotland,http://data.ordnancesurvey.co.uk/id/7000000000041429,Scotland,http://data.ordnancesurvey.co.uk/id/country/scotland,,,
osgb4000000003546250,http://data.ordnancesurvey.co.uk/id/osgb4000000003546250,Morefield Lane,,,,transportNetwork,Named Road,212538.627,894700.534,1000,20000,212536.896,894686.486,212552.032,894723.314,IV26,http://data.ordnancesurvey.co.uk/id/postcodedistrict/IV26,Ullapool,http://data.ordnancesurvey.co.uk/id/4000000074558252,http://www.ordnancesurvey.co.uk/xml/codelists/localtype.xml#village,,,,Highland,http://data.ordnancesurvey.co.uk/id/7000000000029638,http://data.ordnancesurvey.co.uk/ontology/admingeo/UnitaryAuthority,Scotland,http://data.ordnancesurvey.co.uk/id/7000000000041429,Scotland,http://data.ordnancesurvey.co.uk/id/country/scotland,,,
osgb4000000003532551,http://data.ordnancesurvey.co.uk/id/osgb4000000003532551,Broom Court,,,,transportNetwork,Named Road,213030.000,894504.000,1000,20000,212996.000,894483.000,213030.000,894530.000,IV26,http://data.ordnancesurvey.co.uk/id/postcodedistrict/IV26,Ullapool,http://data.ordnancesurvey.co.uk/id/4000000074558252,http://www.ordnancesurvey.co.uk/xml/codelists/localtype.xml#village,,,,Highland,http://data.ordnancesurvey.co.uk/id/7000000000029638,http://data.ordnancesurvey.co.uk/ontology/admingeo/UnitaryAuthority,Scotland,http://data.ordnancesurvey.co.uk/id/7000000000041429,Scotland,http://data.ordnancesurvey.co.uk/id/country/scotland,,,
osgb4000000003531291,http://data.ordnancesurvey.co.uk/id/osgb4000000003531291,Argyle Street,,,,transportNetwork,Named Road,212942.000,894040.000,2000,20000,212791.000,894008.000,213108.000,894075.000,IV26,http://data.ordnancesurvey.co.uk/id/postcodedistrict/IV26,Ullapool,http://data.ordnancesurvey.co.uk/id/4000000074558252,http://www.ordnancesurvey.co.uk/xml/codelists/localtype.xml#village,,,,Highland,http://data.ordnancesurvey.co.uk/id/7000000000029638,http://data.ordnancesurvey.co.uk/ontology/admingeo/UnitaryAuthority,Scotland,http://data.ordnancesurvey.co.uk/id/7000000000041429,Scotland,http://data.ordnancesurvey.co.uk/id/country/scotland,,,
osgb4000000003531290,http://data.ordnancesurvey.co.uk/id/osgb4000000003531290,Saint Valery Place,,,,transportNetwork,Named Road,212578.000,894288.000,2000,20000,212434.222,894221.881,212693.000,894346.025,IV26,http://data.ordnancesurvey.co.uk/id/postcodedistrict/IV26,Ullapool,http://data.ordnancesurvey.co.uk/id/4000000074558252,http://www.ordnancesurvey.co.uk/xml/codelists/localtype.xml#village,,,,Highland,http://data.ordnancesurvey.co.uk/id/7000000000029638,http://data.ordnancesurvey.co.uk/ontology/admingeo/UnitaryAuthority,Scotland,http://data.ordnancesurvey.co.uk/id/7000000000041429,Scotland,http://data.ordnancesurvey.co.uk/id/country/scotland,,,
osgb4000000003531901,http://data.ordnancesurvey.co.uk/id/osgb4000000003531901,Vyner Place,,,,transportNetwork,Named Road,212603.924,894951.394,1000,20000,212495.942,894837.336,212724.057,895047.000,IV26,http://data.ordnancesurvey.co.uk/id/postcodedistrict/IV26,Ullapool,http://data.ordnancesurvey.co.uk/id/4000000074558252,http://www.ordnancesurvey.co.uk/xml/codelists/localtype.xml#village,,,,Highland,http://data.ordnancesurvey.co.uk/id/7000000000029638,http://data.ordnancesurvey.co.uk/ontology/admingeo/UnitaryAuthority,Scotland,http://data.ordnancesurvey.co.uk/id/7000000000041429,Scotland,http://data.ordnancesurvey.co.uk/id/country/scotland,,,
osgb4000000003531292,http://data.ordnancesurvey.co.uk/id/osgb4000000003531292,Pulteney Street,,,,transportNetwork,Named Road,212915.000,894123.000,2000,20000,212765.000,894091.000,213077.000,894157.000,IV26,http://data.ordnancesurvey.co.uk/id/postcodedistrict/IV26,Ullapool,http://data.ordnancesurvey.co.uk/id/4000000074558252,http://www.ordnancesurvey.co.uk/xml/codelists/localtype.xml#village,,,,Highland,http://data.ordnancesurvey.co.uk/id/7000000000029638,http://data.ordnancesurvey.co.uk/ontology/admingeo/UnitaryAuthority,Scotland,http://data.ordnancesurvey.co.uk/id/7000000000041429,Scotland,http://data.ordnancesurvey.co.uk/id/country/scotland,,,
osgb4000000003531895,http://data.ordnancesurvey.co.uk/id/osgb4000000003531895,West Argyle Street,,,,transportNetwork,Named Road,212652.000,893977.000,2000,20000,212494.092,893951.152,212791.000,894008.000,IV26,http://data.ordnancesurvey.co.uk/id/postcodedistrict/IV26,Ullapool,http://data.ordnancesurvey.co.uk/id/4000000074558252,http://www.ordnancesurvey.co.uk/xml/codelists/localtype.xml#village,,,,Highland,http://data.ordnancesurvey.co.uk/id/7000000000029638,http://data.ordnancesurvey.co.uk/ontology/admingeo/UnitaryAuthority,Scotland,http://data.ordnancesurvey.co.uk/id/7000000000041429,Scotland,http://data.ordnancesurvey.co.uk/id/country/scotland,,,
osgb4000000003530997,http://data.ordnancesurvey.co.uk/id/osgb4000000003530997,Ladysmith Street,,,,transportNetwork,Named Road,212871.000,894265.000,3000,20000,212807.000,894040.000,212942.000,894466.000,IV26,http://data.ordnancesurvey.co.uk/id/postcodedistrict/IV26,Ullapool,http://data.ordnancesurvey.co.uk/id/4000000074558252,http://www.ordnancesurvey.co.uk/xml/codelists/localtype.xml#village,,,,Highland,http://data.ordnancesurvey.co.uk/id/7000000000029638,http://data.ordnancesurvey.co.uk/ontology/admingeo/UnitaryAuthority,Scotland,http://data.ordnancesurvey.co.uk/id/7000000000041429,Scotland,http://data.ordnancesurvey.co.uk/id/country/scotland,,,
osgb4000000003531897,http://data.ordnancesurvey.co.uk/id/osgb4000000003531897,Custom House Street,,,,transportNetwork,Named Road,212942.000,894281.000,1000,20000,212871.000,894265.000,213021.000,894299.000,IV26,http://data.ordnancesurvey.co.uk/id/postcodedistrict/IV26,Ullapool,http://data.ordnancesurvey.co.uk/id/4000000074558252,http://www.ordnancesurvey.co.uk/xml/codelists/localtype.xml#village,,,,Highland,http://data.ordnancesurvey.co.uk/id/7000000000029638,http://data.ordnancesurvey.co.uk/ontology/admingeo/UnitaryAuthority,Scotland,http://data.ordnancesurvey.co.uk/id/7000000000041429,Scotland,http://data.ordnancesurvey.co.uk/id/country/scotland,,,
osgb4000000003531893,http://data.ordnancesurvey.co.uk/id/osgb4000000003531893,Seaforth Lane,,,,transportNetwork,Named Road,212580.572,894094.993,1000,20000,212580.572,894051.000,212592.000,894094.993,IV26,http://data.ordnancesurvey.co.uk/id/postcodedistrict/IV26,Ullapool,http://data.ordnancesurvey.co.uk/id/4000000074558252,http://www.ordnancesurvey.co.uk/xml/codelists/localtype.xml#village,,,,Highland,http://data.ordnancesurvey.co.uk/id/7000000000029638,http://data.ordnancesurvey.co.uk/ontology/admingeo/UnitaryAuthority,Scotland,http://data.ordnancesurvey.co.uk/id/7000000000041429,Scotland,http://data.ordnancesurvey.co.uk/id/country/scotland,,,
osgb4000000003531293,http://data.ordnancesurvey.co.uk/id/osgb4000000003531293,Market Street,,,,transportNetwork,Named Road,212891.000,894200.000,2000,20000,212738.000,894165.000,213046.944,894239.078,IV26,http://data.ordnancesurvey.co.uk/id/postcodedistrict/IV26,Ullapool,http://data.ordnancesurvey.co.uk/id/4000000074558252,http://www.ordnancesurvey.co.uk/xml/codelists/localtype.xml#village,,,,Highland,http://data.ordnancesurvey.co.uk/id/7000000000029638,http://data.ordnancesurvey.co.uk/ontology/admingeo/UnitaryAuthority,Scotland,http://data.ordnancesurvey.co.uk/id/7000000000041429,Scotland,http://data.ordnancesurvey.co.uk/id/country/scotland,,,
osgb4000000003531287,http://data.ordnancesurvey.co.uk/id/osgb4000000003531287,West Terrace,,,,transportNetwork,Named Road,212432.766,894177.594,3000,20000,212383.000,893953.739,212494.092,894373.999,IV26,http://data.ordnancesurvey.co.uk/id/postcodedistrict/IV26,Ullapool,http://data.ordnancesurvey.co.uk/id/4000000074558252,http://www.ordnancesurvey.co.uk/xml/codelists/localtype.xml#village,,,,Highland,http://data.ordnancesurvey.co.uk/id/7000000000029638,http://data.ordnancesurvey.co.uk/ontology/admingeo/UnitaryAuthority,Scotland,http://data.ordnancesurvey.co.uk/id/7000000000041429,Scotland,http://data.ordnancesurvey.co.uk/id/country/scotland,,,
osgb4000000003532394,http://data.ordnancesurvey.co.uk/id/osgb4000000003532394,Fraser Place,,,,transportNetwork,Named Road,212894.000,894347.000,1000,20000,212848.000,894334.956,212942.706,894356.000,IV26,http://data.ordnancesurvey.co.uk/id/postcodedistrict/IV26,Ullapool,http://data.ordnancesurvey.co.uk/id/4000000074558252,http://www.ordnancesurvey.co.uk/xml/codelists/localtype.xml#village,,,,Highland,http://data.ordnancesurvey.co.uk/id/7000000000029638,http://data.ordnancesurvey.co.uk/ontology/admingeo/UnitaryAuthority,Scotland,http://data.ordnancesurvey.co.uk/id/7000000000041429,Scotland,http://data.ordnancesurvey.co.uk/id/country/scotland,,,
osgb4000000003532393,http://data.ordnancesurvey.co.uk/id/osgb4000000003532393,West Lane,,,,transportNetwork,Named Road,212661.000,893897.000,1000,20000,212630.000,893859.000,212679.000,893973.000,IV26,http://data.ordnancesurvey.co.uk/id/postcodedistrict/IV26,Ullapool,http://data.ordnancesurvey.co.uk/id/4000000074558252,http://www.ordnancesurvey.co.uk/xml/codelists/localtype.xml#village,,,,Highland,http://data.ordnancesurvey.co.uk/id/7000000000029638,http://data.ordnancesurvey.co.uk/ontology/admingeo/UnitaryAuthority,Scotland,http://data.ordnancesurvey.co.uk/id/7000000000041429,Scotland,http://data.ordnancesurvey.co.uk/id/country/scotland,,,
osgb4000000003531894,http://data.ordnancesurvey.co.uk/id/osgb4000000003531894,Shore Street,,,,transportNetwork,Named Road,212965.576,894004.343,2000,20000,212814.000,893950.000,213118.415,894056.677,IV26,http://data.ordnancesurvey.co.uk/id/postcodedistrict/IV26,Ullapool,http://data.ordnancesurvey.co.uk/id/4000000074558252,http://www.ordnancesurvey.co.uk/xml/codelists/localtype.xml#village,,,,Highland,http://data.ordnancesurvey.co.uk/id/7000000000029638,http://data.ordnancesurvey.co.uk/ontology/admingeo/UnitaryAuthority,Scotland,http://data.ordnancesurvey.co.uk/id/7000000000041429,Scotland,http://data.ordnancesurvey.co.uk/id/country/scotland,,,
osgb4000000003543550,http://data.ordnancesurvey.co.uk/id/osgb4000000003543550,Broom Hill,,,,transportNetwork,Named Road,212917.000,894906.000,1000,20000,212814.000,894768.000,212938.000,894995.000,IV26,http://data.ordnancesurvey.co.uk/id/postcodedistrict/IV26,Ullapool,http://data.ordnancesurvey.co.uk/id/4000000074558252,http://www.ordnancesurvey.co.uk/xml/codelists/localtype.xml#village,,,,Highland,http://data.ordnancesurvey.co.uk/id/7000000000029638,http://data.ordnancesurvey.co.uk/ontology/admingeo/UnitaryAuthority,Scotland,http://data.ordnancesurvey.co.uk/id/7000000000041429,Scotland,http://data.ordnancesurvey.co.uk/id/country/scotland,,,
osgb4000000003532408,http://data.ordnancesurvey.co.uk/id/osgb4000000003532408,Parc Mhor,,,,transportNetwork,Named Road,214441.000,893312.000,2000,20000,214312.598,893249.045,214550.421,893402.000,IV26,http://data.ordnancesurvey.co.uk/id/postcodedistrict/IV26,Ullapool,http://data.ordnancesurvey.co.uk/id/4000000074558252,http://www.ordnancesurvey.co.uk/xml/codelists/localtype.xml#village,,,,Highland,http://data.ordnancesurvey.co.uk/id/7000000000029638,http://data.ordnancesurvey.co.uk/ontology/admingeo/UnitaryAuthority,Scotland,http://data.ordnancesurvey.co.uk/id/7000000000041429,Scotland,http://data.ordnancesurvey.co.uk/id/country/scotland,,,
osgb4000000003531294,http://data.ordnancesurvey.co.uk/id/osgb4000000003531294,Mill Street,,,,transportNetwork,Named Road,213053.873,894216.405,2000,20000,212999.000,894056.677,213118.415,894367.000,IV26,http://data.ordnancesurvey.co.uk/id/postcodedistrict/IV26,Ullapool,http://data.ordnancesurvey.co.uk/id/4000000074558252,http://www.ordnancesurvey.co.uk/xml/codelists/localtype.xml#village,,,,Highland,http://data.ordnancesurvey.co.uk/id/7000000000029638,http://data.ordnancesurvey.co.uk/ontology/admingeo/UnitaryAuthority,Scotland,http://data.ordnancesurvey.co.uk/id/7000000000041429,Scotland,http://data.ordnancesurvey.co.uk/id/country/scotland,,,
osgb4000000003531900,http://data.ordnancesurvey.co.uk/id/osgb4000000003531900,Fraser Court,,,,transportNetwork,Named Road,212876.587,894420.375,1000,20000,212864.148,894347.000,212909.000,894491.049,IV26,http://data.ordnancesurvey.co.uk/id/postcodedistrict/IV26,Ullapool,http://data.ordnancesurvey.co.uk/id/4000000074558252,http://www.ordnancesurvey.co.uk/xml/codelists/localtype.xml#village,,,,Highland,http://data.ordnancesurvey.co.uk/id/7000000000029638,http://data.ordnancesurvey.co.uk/ontology/admingeo/UnitaryAuthority,Scotland,http://data.ordnancesurvey.co.uk/id/7000000000041429,Scotland,http://data.ordnancesurvey.co.uk/id/country/scotland,,,
osgb4000000003532395,http://data.ordnancesurvey.co.uk/id/osgb4000000003532395,North Road,,,,transportNetwork,Named Road,212994.000,894573.000,3000,20000,212938.000,894367.000,212999.000,894768.000,IV26,http://data.ordnancesurvey.co.uk/id/postcodedistrict/IV26,Ullapool,http://data.ordnancesurvey.co.uk/id/4000000074558252,http://www.ordnancesurvey.co.uk/xml/codelists/localtype.xml#village,,,,Highland,http://data.ordnancesurvey.co.uk/id/7000000000029638,http://data.ordnancesurvey.co.uk/ontology/admingeo/UnitaryAuthority,Scotland,http://data.ordnancesurvey.co.uk/id/7000000000041429,Scotland,http://data.ordnancesurvey.co.uk/id/country/scotland,,,
osgb4000000003531302,http://data.ordnancesurvey.co.uk/id/osgb4000000003531302,Royal Park,,,,transportNetwork,Named Road,213188.000,894209.000,1000,20000,213085.000,894140.000,213288.000,894257.115,IV26,http://data.ordnancesurvey.co.uk/id/postcodedistrict/IV26,Ullapool,http://data.ordnancesurvey.co.uk/id/4000000074558252,http://www.ordnancesurvey.co.uk/xml/codelists/localtype.xml#village,,,,Highland,http://data.ordnancesurvey.co.uk/id/7000000000029638,http://data.ordnancesurvey.co.uk/ontology/admingeo/UnitaryAuthority,Scotland,http://data.ordnancesurvey.co.uk/id/7000000000041429,Scotland,http://data.ordnancesurvey.co.uk/id/country/scotland,,,
osgb4000000003557944,http://data.ordnancesurvey.co.uk/id/osgb4000000003557944,North Road,,,,transportNetwork,Named Road,211805.000,895559.650,10000,20000,211103.481,895130.162,212579.172,896082.842,IV26,http://data.ordnancesurvey.co.uk/id/postcodedistrict/IV26,Ullapool,http://data.ordnancesurvey.co.uk/id/4000000074558252,http://www.ordnancesurvey.co.uk/xml/codelists/localtype.xml#village,,,,Highland,http://data.ordnancesurvey.co.uk/id/7000000000029638,http://data.ordnancesurvey.co.uk/ontology/admingeo/UnitaryAuthority,Scotland,http://data.ordnancesurvey.co.uk/id/7000000000041429,Scotland,http://data.ordnancesurvey.co.uk/id/country/scotland,,,
osgb4000000003531289,http://data.ordnancesurvey.co.uk/id/osgb4000000003531289,Seaforth Road,,,,transportNetwork,Named Road,212592.000,894051.000,2000,20000,212474.000,894024.000,212765.000,894091.000,IV26,http://data.ordnancesurvey.co.uk/id/postcodedistrict/IV26,Ullapool,http://data.ordnancesurvey.co.uk/id/4000000074558252,http://www.ordnancesurvey.co.uk/xml/codelists/localtype.xml#village,,,,Highland,http://data.ordnancesurvey.co.uk/id/7000000000029638,http://data.ordnancesurvey.co.uk/ontology/admingeo/UnitaryAuthority,Scotland,http://data.ordnancesurvey.co.uk/id/7000000000041429,Scotland,http://data.ordnancesurvey.co.uk/id/country/scotland,,,
IV262SY,http://data.ordnancesurvey.co.uk/id/postcodeunit/IV262SY,IV26 2SY,,,,other,Postcode,213191.300,894119.400,3500,18000,,,,,,,Ullapool,http://data.ordnancesurvey.co.uk/id/4000000074558252,http://www.ordnancesurvey.co.uk/xml/codelists/localtype.xml#village,,,,Highland,http://data.ordnancesurvey.co.uk/id/7000000000029638,http://data.ordnancesurvey.co.uk/ontology/admingeo/UnitaryAuthority,Scotland,http://data.ordnancesurvey.co.uk/id/7000000000041429,Scotland,http://data.ordnancesurvey.co.uk/id/country/scotland,,,
fe2a4a74-7c9f-4187-a4e4-0d974e73b1dc,http://data.ordnancesurvey.co.uk/id/fe2a4a74-7c9f-4187-a4e4-0d974e73b1dc,North Road,,,,transportNetwork,Section Of Named Road,211825.000,895539.000,10000,25000,211103.481,895130.162,212579.172,895993.267,IV26,http://data.ordnancesurvey.co.uk/id/postcodedistrict/IV26,Ullapool,http://data.ordnancesurvey.co.uk/id/4000000074558252,http://www.ordnancesurvey.co.uk/xml/codelists/localtype.xml#village,,,,Highland,http://data.ordnancesurvey.co.uk/id/7000000000029638,http://data.ordnancesurvey.co.uk/ontology/admingeo/UnitaryAuthority,Scotland,http://data.ordnancesurvey.co.uk/id/7000000000041429,Scotland,http://data.ordnancesurvey.co.uk/id/country/scotland,osgb4000000003557944,,
IV232SE,http://data.ordnancesurvey.co.uk/id/postcodeunit/IV232SE,IV23 2SE,,,,other,Postcode,215858.900,888372.700,3500,18000,,,,,,,Ardindrean,http://data.ordnancesurvey.co.uk/id/4000000074557877,http://www.ordnancesurvey.co.uk/xml/codelists/localtype.xml#hamlet,,,,Highland,http://data.ordnancesurvey.co.uk/id/7000000000029638,http://data.ordnancesurvey.co.uk/ontology/admingeo/UnitaryAuthority,Scotland,http://data.ordnancesurvey.co.uk/id/7000000000041429,Scotland,http://data.ordnancesurvey.co.uk/id/country/scotland,,,
IV262TS,http://data.ordnancesurvey.co.uk/id/postcodeunit/IV262TS,IV26 2TS,,,,other,Postcode,212490.400,894775.800,3500,18000,,,,,,,Ullapool,http://data.ordnancesurvey.co.uk/id/4000000074558252,http://www.ordnancesurvey.co.uk/xml/codelists/localtype.xml#village,,,,Highland,http://data.ordnancesurvey.co.uk/id/7000000000029638,http://data.ordnancesurvey.co.uk/ontology/admingeo/UnitaryAuthority,Scotland,http://data.ordnancesurvey.co.uk/id/7000000000041429,Scotland,http://data.ordnancesurvey.co.uk/id/country/scotland,,,
IV232QP,http://data.ordnancesurvey.co.uk/id/postcodeunit/IV232QP,IV23 2QP,,,,other,Postcode,206503.797,891714.324,3500,18000,,,,,,,Badrallach,http://data.ordnancesurvey.co.uk/id/4000000074558255,http://www.ordnancesurvey.co.uk/xml/codelists/localtype.xml#hamlet,,,,Highland,http://data.ordnancesurvey.co.uk/id/7000000000029638,http://data.ordnancesurvey.co.uk/ontology/admingeo/UnitaryAuthority,Scotland,http://data.ordnancesurvey.co.uk/id/7000000000041429,Scotland,http://data.ordnancesurvey.co.uk/id/country/scotland,,,
IV232QX,http://data.ordnancesurvey.co.uk/id/postcodeunit/IV232QX,IV23 2QX,,,,other,Postcode,202818.000,890854.100,3500,18000,,,,,,,Badbea,http://data.ordnancesurvey.co.uk/id/4000000074558256,http://www.ordnancesurvey.co.uk/xml/codelists/localtype.xml#otherSettlement,,,,Highland,http://data.ordnancesurvey.co.uk/id/7000000000029638,http://data.ordnancesurvey.co.uk/ontology/admingeo/UnitaryAuthority,Scotland,http://data.ordnancesurvey.co.uk/id/7000000000041429,Scotland,http://data.ordnancesurvey.co.uk/id/country/scotland,,,
IV232QT,http://data.ordnancesurvey.co.uk/id/postcodeunit/IV232QT,IV23 2QT,,,,other,Postcode,206323.679,889346.841,3500,18000,,,,,,,Camusnagaul,http://data.ordnancesurvey.co.uk/id/4000000074558253,http://www.ordnancesurvey.co.uk/xml/codelists/localtype.xml#hamlet,,,,Highland,http://data.ordnancesurvey.co.uk/id/7000000000029638,http://data.ordnancesurvey.co.uk/ontology/admingeo/UnitaryAuthority,Scotland,http://data.ordnancesurvey.co.uk/id/7000000000041429,Scotland,http://data.ordnancesurvey.co.uk/id/country/scotland,,,
IV262PH,http://data.ordnancesurvey.co.uk/id/postcodeunit/IV262PH,IV26 2PH,,,,other,Postcode,212537.300,894697.000,3500,18000,,,,,,,Ullapool,http://data.ordnancesurvey.co.uk/id/4000000074558252,http://www.ordnancesurvey.co.uk/xml/codelists/localtype.xml#village,,,,Highland,http://data.ordnancesurvey.co.uk/id/7000000000029638,http://data.ordnancesurvey.co.uk/ontology/admingeo/UnitaryAuthority,Scotland,http://data.ordnancesurvey.co.uk/id/7000000000041429,Scotland,http://data.ordnancesurvey.co.uk/id/country/scotland,,,
IV232SB,http://data.ordnancesurvey.co.uk/id/postcodeunit/IV232SB,IV23 2SB,,,,other,Postcode,217804.400,883948.200,3500,18000,,,,,,,Croftown,http://data.ordnancesurvey.co.uk/id/4000000074557874,http://www.ordnancesurvey.co.uk/xml/codelists/localtype.xml#hamlet,,,,Highland,http://data.ordnancesurvey.co.uk/id/7000000000029638,http://data.ordnancesurvey.co.uk/ontology/admingeo/UnitaryAuthority,Scotland,http://data.ordnancesurvey.co.uk/id/7000000000041429,Scotland,http://data.ordnancesurvey.co.uk/id/country/scotland,,,
IV262WY,http://data.ordnancesurvey.co.uk/id/postcodeunit/IV262WY,IV26 2WY,,,,other,Postcode,212726.900,894010.700,3500,18000,,,,,,,Ullapool,http://data.ordnancesurvey.co.uk/id/4000000074558252,http://www.ordnancesurvey.co.uk/xml/codelists/localtype.xml#village,,,,Highland,http://data.ordnancesurvey.co.uk/id/7000000000029638,http://data.ordnancesurvey.co.uk/ontology/admingeo/UnitaryAuthority,Scotland,http://data.ordnancesurvey.co.uk/id/7000000000041429,Scotland,http://data.ordnancesurvey.co.uk/id/country/scotland,,,
IV232RL,http://data.ordnancesurvey.co.uk/id/postcodeunit/IV232RL,IV23 2RL,,,,other,Postcode,216989.200,889776.600,3500,18000,,,,,,,Leckmelm,http://data.ordnancesurvey.co.uk/id/4000000074557876,http://www.ordnancesurvey.co.uk/xml/codelists/localtype.xml#village,,,,Highland,http://data.ordnancesurvey.co.uk/id/7000000000029638,http://data.ordnancesurvey.co.uk/ontology/admingeo/UnitaryAuthority,Scotland,http://data.ordnancesurvey.co.uk/id/7000000000041429,Scotland,http://data.ordnancesurvey.co.uk/id/country/scotland,,,
IV262SX,http://data.ordnancesurvey.co.uk/id/postcodeunit/IV262SX,IV26 2SX,,,,other,Postcode,213523.900,893908.100,3500,18000,,,,,,,Ullapool,http://data.ordnancesurvey.co.uk/id/4000000074558252,http://www.ordnancesurvey.co.uk/xml/codelists/localtype.xml#village,,,,Highland,http://data.ordnancesurvey.co.uk/id/7000000000029638,http://data.ordnancesurvey.co.uk/ontology/admingeo/UnitaryAuthority,Scotland,http://data.ordnancesurvey.co.uk/id/7000000000041429,Scotland,http://data.ordnancesurvey.co.uk/id/country/scotland,,,
IV232RW,http://data.ordnancesurvey.co.uk/id/postcodeunit/IV232RW,IV23 2RW,,,,other,Postcode,216860.600,890088.400,3500,18000,,,,,,,Leckmelm,http://data.ordnancesurvey.co.uk/id/4000000074557876,http://www.ordnancesurvey.co.uk/xml/codelists/localtype.xml#village,,,,Highland,http://data.ordnancesurvey.co.uk/id/7000000000029638,http://data.ordnancesurvey.co.uk/ontology/admingeo/UnitaryAuthority,Scotland,http://data.ordnancesurvey.co.uk/id/7000000000041429,Scotland,http://data.ordnancesurvey.co.uk/id/country/scotland,,,
IV262TD,http://data.ordnancesurvey.co.uk/id/postcodeunit/IV262TD,IV26 2TD,,,,other,Postcode,212543.200,894281.000,3500,18000,,,,,,,Ullapool,http://data.ordnancesurvey.co.uk/id/4000000074558252,http://www.ordnancesurvey.co.uk/xml/codelists/localtype.xml#village,,,,Highland,http://data.ordnancesurvey.co.uk/id/7000000000029638,http://data.ordnancesurvey.co.uk/ontology/admingeo/UnitaryAuthority,Scotland,http://data.ordnancesurvey.co.uk/id/7000000000041429,Scotland,http://data.ordnancesurvey.co.uk/id/country/scotland,,,
osgb4000000003543863,http://data.ordnancesurvey.co.uk/id/osgb4000000003543863,A893,,,,transportNetwork,Numbered Road,212935.372,893994.346,2000,1000000,212776.668,893924.987,213118.415,894056.677,IV26,http://data.ordnancesurvey.co.uk/id/postcodedistrict/IV26,Ullapool,http://data.ordnancesurvey.co.uk/id/4000000074558252,http://www.ordnancesurvey.co.uk/xml/codelists/localtype.xml#village,,,,Highland,http://data.ordnancesurvey.co.uk/id/7000000000029638,http://data.ordnancesurvey.co.uk/ontology/admingeo/UnitaryAuthority,Scotland,http://data.ordnancesurvey.co.uk/id/7000000000041429,Scotland,http://data.ordnancesurvey.co.uk/id/country/scotland,,,
osgb4000000003531899,http://data.ordnancesurvey.co.uk/id/osgb4000000003531899,Moss Road,,,,transportNetwork,Named Road,212961.000,894508.000,1000,20000,212927.000,894413.000,212996.000,894606.000,IV26,http://data.ordnancesurvey.co.uk/id/postcodedistrict/IV26,Ullapool,http://data.ordnancesurvey.co.uk/id/4000000074558252,http://www.ordnancesurvey.co.uk/xml/codelists/localtype.xml#village,,,,Highland,http://data.ordnancesurvey.co.uk/id/7000000000029638,http://data.ordnancesurvey.co.uk/ontology/admingeo/UnitaryAuthority,Scotland,http://data.ordnancesurvey.co.uk/id/7000000000041429,Scotland,http://data.ordnancesurvey.co.uk/id/country/scotland,,,
osgb4000000003531896,http://data.ordnancesurvey.co.uk/id/osgb4000000003531896,Latheron Lane,,,,transportNetwork,Named Road,212644.101,894181.877,1000,20000,212571.261,894165.978,212727.000,894199.000,IV26,http://data.ordnancesurvey.co.uk/id/postcodedistrict/IV26,Ullapool,http://data.ordnancesurvey.co.uk/id/4000000074558252,http://www.ordnancesurvey.co.uk/xml/codelists/localtype.xml#village,,,,Highland,http://data.ordnancesurvey.co.uk/id/7000000000029638,http://data.ordnancesurvey.co.uk/ontology/admingeo/UnitaryAuthority,Scotland,http://data.ordnancesurvey.co.uk/id/7000000000041429,Scotland,http://data.ordnancesurvey.co.uk/id/country/scotland,,,
