osgb4000000074561153,http://data.ordnancesurvey.co.uk/id/osgb4000000074561153,Bellabeg,,,,populatedPlace,Hamlet,335383.200,813043.610,5000,25000,334841.558,812977.547,335615.736,813550.633,AB36,http://data.ordnancesurvey.co.uk/id/postcodedistrict/AB36,,,,,,,Aberdeenshire,http://data.ordnancesurvey.co.uk/id/7000000000030111,http://data.ordnancesurvey.co.uk/ontology/admingeo/UnitaryAuthority,Scotland,http://data.ordnancesurvey.co.uk/id/7000000000041429,Scotland,http://data.ordnancesurvey.co.uk/id/country/scotland,,,http://sws.geonames.org/2655976
osgb4000000074560511,http://data.ordnancesurvey.co.uk/id/osgb4000000074560511,Belnacraig,,,,populatedPlace,Other Settlement,337491.450,817092.500,15000,25000,336769.591,816156.147,338197.281,817216.863,AB36,http://data.ordnancesurvey.co.uk/id/postcodedistrict/AB36,,,,,,,Aberdeenshire,http://data.ordnancesurvey.co.uk/id/7000000000030111,http://data.ordnancesurvey.co.uk/ontology/admingeo/UnitaryAuthority,Scotland,http://data.ordnancesurvey.co.uk/id/7000000000041429,Scotland,http://data.ordnancesurvey.co.uk/id/country/scotland,,,
osgb4000000074560955,http://data.ordnancesurvey.co.uk/id/osgb4000000074560955,Strathdon,,,,populatedPlace,Other Settlement,335436.000,812711.000,15000,25000,334700.806,812057.590,335575.517,812912.196,AB36,http://data.ordnancesurvey.co.uk/id/postcodedistrict/AB36,,,,,,,Aberdeenshire,http://data.ordnancesurvey.co.uk/id/7000000000030111,http://data.ordnancesurvey.co.uk/ontology/admingeo/UnitaryAuthority,Scotland,http://data.ordnancesurvey.co.uk/id/7000000000041429,Scotland,http://data.ordnancesurvey.co.uk/id/country/scotland,,,http://sws.geonames.org/2636701
osgb4000000074562942,http://data.ordnancesurvey.co.uk/id/osgb4000000074562942,Roughpark,,,,populatedPlace,Hamlet,334039.000,812122.000,5000,25000,333826.088,811871.583,334509.776,812384.347,AB36,http://data.ordnancesurvey.co.uk/id/postcodedistrict/AB36,,,,,,,Aberdeenshire,http://data.ordnancesurvey.co.uk/id/7000000000030111,http://data.ordnancesurvey.co.uk/ontology/admingeo/UnitaryAuthority,Scotland,http://data.ordnancesurvey.co.uk/id/7000000000041429,Scotland,http://data.ordnancesurvey.co.uk/id/country/scotland,,,
osgb4000000074560309,http://data.ordnancesurvey.co.uk/id/osgb4000000074560309,Corgarff,,,,populatedPlace,Other Settlement,327929.000,808250.000,15000,25000,326730.487,807660.359,328776.516,808897.025,AB36,http://data.ordnancesurvey.co.uk/id/postcodedistrict/AB36,,,,,,,Aberdeenshire,http://data.ordnancesurvey.co.uk/id/7000000000030111,http://data.ordnancesurvey.co.uk/ontology/admingeo/UnitaryAuthority,Scotland,http://data.ordnancesurvey.co.uk/id/7000000000041429,Scotland,http://data.ordnancesurvey.co.uk/id/country/scotland,,,
osgb4000000074562941,http://data.ordnancesurvey.co.uk/id/osgb4000000074562941,Heugh-head,,,,populatedPlace,Hamlet,338096.300,811534.920,5000,25000,337686.895,811223.089,339089.454,811796.185,AB36,http://data.ordnancesurvey.co.uk/id/postcodedistrict/AB36,,,,,,,Aberdeenshire,http://data.ordnancesurvey.co.uk/id/7000000000030111,http://data.ordnancesurvey.co.uk/ontology/admingeo/UnitaryAuthority,Scotland,http://data.ordnancesurvey.co.uk/id/7000000000041429,Scotland,http://data.ordnancesurvey.co.uk/id/country/scotland,,,
osgb4000000074560954,http://data.ordnancesurvey.co.uk/id/osgb4000000074560954,Forbestown,,,,populatedPlace,Hamlet,336190.000,812785.520,5000,25000,335754.970,812429.594,336641.265,813138.031,AB36,http://data.ordnancesurvey.co.uk/id/postcodedistrict/AB36,,,,,,,Aberdeenshire,http://data.ordnancesurvey.co.uk/id/7000000000030111,http://data.ordnancesurvey.co.uk/ontology/admingeo/UnitaryAuthority,Scotland,http://data.ordnancesurvey.co.uk/id/7000000000041429,Scotland,http://data.ordnancesurvey.co.uk/id/country/scotland,,,
AB368YX,http://data.ordnancesurvey.co.uk/id/postcodeunit/AB368YX,AB36 8YX,,,,other,Postcode,335273.900,810751.300,3500,18000,,,,,,,,,,,,,Aberdeenshire,http://data.ordnancesurvey.co.uk/id/7000000000030111,http://data.ordnancesurvey.co.uk/ontology/admingeo/UnitaryAuthority,Scotland,http://data.ordnancesurvey.co.uk/id/7000000000041429,Scotland,http://data.ordnancesurvey.co.uk/id/country/scotland,,,
AB368TJ,http://data.ordnancesurvey.co.uk/id/postcodeunit/AB368TJ,AB36 8TJ,,,,other,Postcode,338285.700,812456.400,3500,18000,,,,,,,,,,,,,Aberdeenshire,http://data.ordnancesurvey.co.uk/id/7000000000030111,http://data.ordnancesurvey.co.uk/ontology/admingeo/UnitaryAuthority,Scotland,http://data.ordnancesurvey.co.uk/id/7000000000041429,Scotland,http://data.ordnancesurvey.co.uk/id/country/scotland,,,
AB368YB,http://data.ordnancesurvey.co.uk/id/postcodeunit/AB368YB,AB36 8YB,,,,other,Postcode,331234.800,810112.744,3500,18000,,,,,,,,,,,,,Aberdeenshire,http://data.ordnancesurvey.co.uk/id/7000000000030111,http://data.ordnancesurvey.co.uk/ontology/admingeo/UnitaryAuthority,Scotland,http://data.ordnancesurvey.co.uk/id/7000000000041429,Scotland,http://data.ordnancesurvey.co.uk/id/country/scotland,,,
AB368XB,http://data.ordnancesurvey.co.uk/id/postcodeunit/AB368XB,AB36 8XB,,,,other,Postcode,336969.300,812256.000,3500,18000,,,,,,,,,,,,,Aberdeenshire,http://data.ordnancesurvey.co.uk/id/7000000000030111,http://data.ordnancesurvey.co.uk/ontology/admingeo/UnitaryAuthority,Scotland,http://data.ordnancesurvey.co.uk/id/7000000000041429,Scotland,http://data.ordnancesurvey.co.uk/id/country/scotland,,,
AB368XT,http://data.ordnancesurvey.co.uk/id/postcodeunit/AB368XT,AB36 8XT,,,,other,Postcode,334068.700,811208.900,3500,18000,,,,,,,,,,,,,Aberdeenshire,http://data.ordnancesurvey.co.uk/id/7000000000030111,http://data.ordnancesurvey.co.uk/ontology/admingeo/UnitaryAuthority,Scotland,http://data.ordnancesurvey.co.uk/id/7000000000041429,Scotland,http://data.ordnancesurvey.co.uk/id/country/scotland,,,
AB368UQ,http://data.ordnancesurvey.co.uk/id/postcodeunit/AB368UQ,AB36 8UQ,,,,other,Postcode,334942.300,813221.500,3500,18000,,,,,,,Bellabeg,http://data.ordnancesurvey.co.uk/id/4000000074561153,http://www.ordnancesurvey.co.uk/xml/codelists/localtype.xml#hamlet,,,,Aberdeenshire,http://data.ordnancesurvey.co.uk/id/7000000000030111,http://data.ordnancesurvey.co.uk/ontology/admingeo/UnitaryAuthority,Scotland,http://data.ordnancesurvey.co.uk/id/7000000000041429,Scotland,http://data.ordnancesurvey.co.uk/id/country/scotland,,,
AB355UR,http://data.ordnancesurvey.co.uk/id/postcodeunit/AB355UR,AB35 5UR,,,,other,Postcode,330415.933,801248.883,3500,18000,,,,,,,,,,,,,Aberdeenshire,http://data.ordnancesurvey.co.uk/id/7000000000030111,http://data.ordnancesurvey.co.uk/ontology/admingeo/UnitaryAuthority,Scotland,http://data.ordnancesurvey.co.uk/id/7000000000041429,Scotland,http://data.ordnancesurvey.co.uk/id/country/scotland,,,
AB368TY,http://data.ordnancesurvey.co.uk/id/postcodeunit/AB368TY,AB36 8TY,,,,other,Postcode,337923.200,812239.400,3500,18000,,,,,,,,,,,,,Aberdeenshire,http://data.ordnancesurvey.co.uk/id/7000000000030111,http://data.ordnancesurvey.co.uk/ontology/admingeo/UnitaryAuthority,Scotland,http://data.ordnancesurvey.co.uk/id/7000000000041429,Scotland,http://data.ordnancesurvey.co.uk/id/country/scotland,,,
AB355XD,http://data.ordnancesurvey.co.uk/id/postcodeunit/AB355XD,AB35 5XD,,,,other,Postcode,331623.300,800745.100,3500,18000,,,,,,,,,,,,,Aberdeenshire,http://data.ordnancesurvey.co.uk/id/7000000000030111,http://data.ordnancesurvey.co.uk/ontology/admingeo/UnitaryAuthority,Scotland,http://data.ordnancesurvey.co.uk/id/7000000000041429,Scotland,http://data.ordnancesurvey.co.uk/id/country/scotland,,,
AB368YQ,http://data.ordnancesurvey.co.uk/id/postcodeunit/AB368YQ,AB36 8YQ,,,,other,Postcode,333215.200,810287.700,3500,18000,,,,,,,,,,,,,Aberdeenshire,http://data.ordnancesurvey.co.uk/id/7000000000030111,http://data.ordnancesurvey.co.uk/ontology/admingeo/UnitaryAuthority,Scotland,http://data.ordnancesurvey.co.uk/id/7000000000041429,Scotland,http://data.ordnancesurvey.co.uk/id/country/scotland,,,
AB368YS,http://data.ordnancesurvey.co.uk/id/postcodeunit/AB368YS,AB36 8YS,,,,other,Postcode,333698.400,810395.600,3500,18000,,,,,,,,,,,,,Aberdeenshire,http://data.ordnancesurvey.co.uk/id/7000000000030111,http://data.ordnancesurvey.co.uk/ontology/admingeo/UnitaryAuthority,Scotland,http://data.ordnancesurvey.co.uk/id/7000000000041429,Scotland,http://data.ordnancesurvey.co.uk/id/country/scotland,,,
AB368UR,http://data.ordnancesurvey.co.uk/id/postcodeunit/AB368UR,AB36 8UR,,,,other,Postcode,334987.000,812586.100,3500,18000,,,,,,,Strathdon,http://data.ordnancesurvey.co.uk/id/4000000074560955,http://www.ordnancesurvey.co.uk/xml/codelists/localtype.xml#otherSettlement,,,,Aberdeenshire,http://data.ordnancesurvey.co.uk/id/7000000000030111,http://data.ordnancesurvey.co.uk/ontology/admingeo/UnitaryAuthority,Scotland,http://data.ordnancesurvey.co.uk/id/7000000000041429,Scotland,http://data.ordnancesurvey.co.uk/id/country/scotland,,,
AB368UP,http://data.ordnancesurvey.co.uk/id/postcodeunit/AB368UP,AB36 8UP,,,,other,Postcode,335221.400,813432.100,3500,18000,,,,,,,Bellabeg,http://data.ordnancesurvey.co.uk/id/4000000074561153,http://www.ordnancesurvey.co.uk/xml/codelists/localtype.xml#hamlet,,,,Aberdeenshire,http://data.ordnancesurvey.co.uk/id/7000000000030111,http://data.ordnancesurvey.co.uk/ontology/admingeo/UnitaryAuthority,Scotland,http://data.ordnancesurvey.co.uk/id/7000000000041429,Scotland,http://data.ordnancesurvey.co.uk/id/country/scotland,,,
AB368TL,http://data.ordnancesurvey.co.uk/id/postcodeunit/AB368TL,AB36 8TL,,,,other,Postcode,338984.300,812256.400,3500,18000,,,,,,,,,,,,,Aberdeenshire,http://data.ordnancesurvey.co.uk/id/7000000000030111,http://data.ordnancesurvey.co.uk/ontology/admingeo/UnitaryAuthority,Scotland,http://data.ordnancesurvey.co.uk/id/7000000000041429,Scotland,http://data.ordnancesurvey.co.uk/id/country/scotland,,,
AB368YN,http://data.ordnancesurvey.co.uk/id/postcodeunit/AB368YN,AB36 8YN,,,,other,Postcode,326402.700,809395.000,3500,18000,,,,,,,,,,,,,Aberdeenshire,http://data.ordnancesurvey.co.uk/id/7000000000030111,http://data.ordnancesurvey.co.uk/ontology/admingeo/UnitaryAuthority,Scotland,http://data.ordnancesurvey.co.uk/id/7000000000041429,Scotland,http://data.ordnancesurvey.co.uk/id/country/scotland,,,
AB368YA,http://data.ordnancesurvey.co.uk/id/postcodeunit/AB368YA,AB36 8YA,,,,other,Postcode,332910.243,810955.071,3500,18000,,,,,,,,,,,,,Aberdeenshire,http://data.ordnancesurvey.co.uk/id/7000000000030111,http://data.ordnancesurvey.co.uk/ontology/admingeo/UnitaryAuthority,Scotland,http://data.ordnancesurvey.co.uk/id/7000000000041429,Scotland,http://data.ordnancesurvey.co.uk/id/country/scotland,,,
AB368XA,http://data.ordnancesurvey.co.uk/id/postcodeunit/AB368XA,AB36 8XA,,,,other,Postcode,336852.058,811910.984,3500,18000,,,,,,,,,,,,,Aberdeenshire,http://data.ordnancesurvey.co.uk/id/7000000000030111,http://data.ordnancesurvey.co.uk/ontology/admingeo/UnitaryAuthority,Scotland,http://data.ordnancesurvey.co.uk/id/7000000000041429,Scotland,http://data.ordnancesurvey.co.uk/id/country/scotland,,,
AB368XR,http://data.ordnancesurvey.co.uk/id/postcodeunit/AB368XR,AB36 8XR,,,,other,Postcode,339898.200,812128.800,3500,18000,,,,,,,,,,,,,Aberdeenshire,http://data.ordnancesurvey.co.uk/id/7000000000030111,http://data.ordnancesurvey.co.uk/ontology/admingeo/UnitaryAuthority,Scotland,http://data.ordnancesurvey.co.uk/id/7000000000041429,Scotland,http://data.ordnancesurvey.co.uk/id/country/scotland,,,
AB368TQ,http://data.ordnancesurvey.co.uk/id/postcodeunit/AB368TQ,AB36 8TQ,,,,other,Postcode,339629.900,815681.800,3500,18000,,,,,,,,,,,,,Aberdeenshire,http://data.ordnancesurvey.co.uk/id/7000000000030111,http://data.ordnancesurvey.co.uk/ontology/admingeo/UnitaryAuthority,Scotland,http://data.ordnancesurvey.co.uk/id/7000000000041429,Scotland,http://data.ordnancesurvey.co.uk/id/country/scotland,,,
AB368UD,http://data.ordnancesurvey.co.uk/id/postcodeunit/AB368UD,AB36 8UD,,,,other,Postcode,333068.700,816816.800,3500,18000,,,,,,,,,,,,,Aberdeenshire,http://data.ordnancesurvey.co.uk/id/7000000000030111,http://data.ordnancesurvey.co.uk/ontology/admingeo/UnitaryAuthority,Scotland,http://data.ordnancesurvey.co.uk/id/7000000000041429,Scotland,http://data.ordnancesurvey.co.uk/id/country/scotland,,,
AB368YD,http://data.ordnancesurvey.co.uk/id/postcodeunit/AB368YD,AB36 8YD,,,,other,Postcode,329498.600,808913.200,3500,18000,,,,,,,,,,,,,Aberdeenshire,http://data.ordnancesurvey.co.uk/id/7000000000030111,http://data.ordnancesurvey.co.uk/ontology/admingeo/UnitaryAuthority,Scotland,http://data.ordnancesurvey.co.uk/id/7000000000041429,Scotland,http://data.ordnancesurvey.co.uk/id/country/scotland,,,
AB368TS,http://data.ordnancesurvey.co.uk/id/postcodeunit/AB368TS,AB36 8TS,,,,other,Postcode,337517.500,816323.500,3500,18000,,,,,,,Belnacraig,http://data.ordnancesurvey.co.uk/id/4000000074560511,http://www.ordnancesurvey.co.uk/xml/codelists/localtype.xml#otherSettlement,,,,Aberdeenshire,http://data.ordnancesurvey.co.uk/id/7000000000030111,http://data.ordnancesurvey.co.uk/ontology/admingeo/UnitaryAuthority,Scotland,http://data.ordnancesurvey.co.uk/id/7000000000041429,Scotland,http://data.ordnancesurvey.co.uk/id/country/scotland,,,
AB368UL,http://data.ordnancesurvey.co.uk/id/postcodeunit/AB368UL,AB36 8UL,,,,other,Postcode,335457.418,813105.732,3500,18000,,,,,,,Bellabeg,http://data.ordnancesurvey.co.uk/id/4000000074561153,http://www.ordnancesurvey.co.uk/xml/codelists/localtype.xml#hamlet,,,,Aberdeenshire,http://data.ordnancesurvey.co.uk/id/7000000000030111,http://data.ordnancesurvey.co.uk/ontology/admingeo/UnitaryAuthority,Scotland,http://data.ordnancesurvey.co.uk/id/7000000000041429,Scotland,http://data.ordnancesurvey.co.uk/id/country/scotland,,,
AB368XS,http://data.ordnancesurvey.co.uk/id/postcodeunit/AB368XS,AB36 8XS,,,,other,Postcode,334131.867,811994.533,3500,18000,,,,,,,Roughpark,http://data.ordnancesurvey.co.uk/id/4000000074562942,http://www.ordnancesurvey.co.uk/xml/codelists/localtype.xml#hamlet,,,,Aberdeenshire,http://data.ordnancesurvey.co.uk/id/7000000000030111,http://data.ordnancesurvey.co.uk/ontology/admingeo/UnitaryAuthority,Scotland,http://data.ordnancesurvey.co.uk/id/7000000000041429,Scotland,http://data.ordnancesurvey.co.uk/id/country/scotland,,,
AB368TG,http://data.ordnancesurvey.co.uk/id/postcodeunit/AB368TG,AB36 8TG,,,,other,Postcode,337472.239,812343.604,3500,18000,,,,,,,,,,,,,Aberdeenshire,http://data.ordnancesurvey.co.uk/id/7000000000030111,http://data.ordnancesurvey.co.uk/ontology/admingeo/UnitaryAuthority,Scotland,http://data.ordnancesurvey.co.uk/id/7000000000041429,Scotland,http://data.ordnancesurvey.co.uk/id/country/scotland,,,
AB368UT,http://data.ordnancesurvey.co.uk/id/postcodeunit/AB368UT,AB36 8UT,,,,other,Postcode,335112.500,812133.900,3500,18000,,,,,,,Strathdon,http://data.ordnancesurvey.co.uk/id/4000000074560955,http://www.ordnancesurvey.co.uk/xml/codelists/localtype.xml#otherSettlement,,,,Aberdeenshire,http://data.ordnancesurvey.co.uk/id/7000000000030111,http://data.ordnancesurvey.co.uk/ontology/admingeo/UnitaryAuthority,Scotland,http://data.ordnancesurvey.co.uk/id/7000000000041429,Scotland,http://data.ordnancesurvey.co.uk/id/country/scotland,,,
AB368YR,http://data.ordnancesurvey.co.uk/id/postcodeunit/AB368YR,AB36 8YR,,,,other,Postcode,333299.900,809140.800,3500,18000,,,,,,,,,,,,,Aberdeenshire,http://data.ordnancesurvey.co.uk/id/7000000000030111,http://data.ordnancesurvey.co.uk/ontology/admingeo/UnitaryAuthority,Scotland,http://data.ordnancesurvey.co.uk/id/7000000000041429,Scotland,http://data.ordnancesurvey.co.uk/id/country/scotland,,,
AB368UJ,http://data.ordnancesurvey.co.uk/id/postcodeunit/AB368UJ,AB36 8UJ,,,,other,Postcode,333528.800,815299.800,3500,18000,,,,,,,,,,,,,Aberdeenshire,http://data.ordnancesurvey.co.uk/id/7000000000030111,http://data.ordnancesurvey.co.uk/ontology/admingeo/UnitaryAuthority,Scotland,http://data.ordnancesurvey.co.uk/id/7000000000041429,Scotland,http://data.ordnancesurvey.co.uk/id/country/scotland,,,
AB355US,http://data.ordnancesurvey.co.uk/id/postcodeunit/AB355US,AB35 5US,,,,other,Postcode,330777.300,800860.300,3500,18000,,,,,,,,,,,,,Aberdeenshire,http://data.ordnancesurvey.co.uk/id/7000000000030111,http://data.ordnancesurvey.co.uk/ontology/admingeo/UnitaryAuthority,Scotland,http://data.ordnancesurvey.co.uk/id/7000000000041429,Scotland,http://data.ordnancesurvey.co.uk/id/country/scotland,,,
AB368TT,http://data.ordnancesurvey.co.uk/id/postcodeunit/AB368TT,AB36 8TT,,,,other,Postcode,337939.200,816866.300,3500,18000,,,,,,,,,,,,,Aberdeenshire,http://data.ordnancesurvey.co.uk/id/7000000000030111,http://data.ordnancesurvey.co.uk/ontology/admingeo/UnitaryAuthority,Scotland,http://data.ordnancesurvey.co.uk/id/7000000000041429,Scotland,http://data.ordnancesurvey.co.uk/id/country/scotland,,,
AB368YT,http://data.ordnancesurvey.co.uk/id/postcodeunit/AB368YT,AB36 8YT,,,,other,Postcode,335015.112,809619.091,3500,18000,,,,,,,,,,,,,Aberdeenshire,http://data.ordnancesurvey.co.uk/id/7000000000030111,http://data.ordnancesurvey.co.uk/ontology/admingeo/UnitaryAuthority,Scotland,http://data.ordnancesurvey.co.uk/id/7000000000041429,Scotland,http://data.ordnancesurvey.co.uk/id/country/scotland,,,
AB368YJ,http://data.ordnancesurvey.co.uk/id/postcodeunit/AB368YJ,AB36 8YJ,,,,other,Postcode,329381.700,808063.000,3500,18000,,,,,,,,,,,,,Aberdeenshire,http://data.ordnancesurvey.co.uk/id/7000000000030111,http://data.ordnancesurvey.co.uk/ontology/admingeo/UnitaryAuthority,Scotland,http://data.ordnancesurvey.co.uk/id/7000000000041429,Scotland,http://data.ordnancesurvey.co.uk/id/country/scotland,,,
AB368XX,http://data.ordnancesurvey.co.uk/id/postcodeunit/AB368XX,AB36 8XX,,,,other,Postcode,332816.500,811910.600,3500,18000,,,,,,,,,,,,,Aberdeenshire,http://data.ordnancesurvey.co.uk/id/7000000000030111,http://data.ordnancesurvey.co.uk/ontology/admingeo/UnitaryAuthority,Scotland,http://data.ordnancesurvey.co.uk/id/7000000000041429,Scotland,http://data.ordnancesurvey.co.uk/id/country/scotland,,,
AB368US,http://data.ordnancesurvey.co.uk/id/postcodeunit/AB368US,AB36 8US,,,,other,Postcode,334375.400,812194.900,3500,18000,,,,,,,,,,,,,Aberdeenshire,http://data.ordnancesurvey.co.uk/id/7000000000030111,http://data.ordnancesurvey.co.uk/ontology/admingeo/UnitaryAuthority,Scotland,http://data.ordnancesurvey.co.uk/id/7000000000041429,Scotland,http://data.ordnancesurvey.co.uk/id/country/scotland,,,
AB368UX,http://data.ordnancesurvey.co.uk/id/postcodeunit/AB368UX,AB36 8UX,,,,other,Postcode,335529.000,812756.500,3500,18000,,,,,,,Strathdon,http://data.ordnancesurvey.co.uk/id/4000000074560955,http://www.ordnancesurvey.co.uk/xml/codelists/localtype.xml#otherSettlement,,,,Aberdeenshire,http://data.ordnancesurvey.co.uk/id/7000000000030111,http://data.ordnancesurvey.co.uk/ontology/admingeo/UnitaryAuthority,Scotland,http://data.ordnancesurvey.co.uk/id/7000000000041429,Scotland,http://data.ordnancesurvey.co.uk/id/country/scotland,,,
AB368XL,http://data.ordnancesurvey.co.uk/id/postcodeunit/AB368XL,AB36 8XL,,,,other,Postcode,339264.200,810002.800,3500,18000,,,,,,,,,,,,,Aberdeenshire,http://data.ordnancesurvey.co.uk/id/7000000000030111,http://data.ordnancesurvey.co.uk/ontology/admingeo/UnitaryAuthority,Scotland,http://data.ordnancesurvey.co.uk/id/7000000000041429,Scotland,http://data.ordnancesurvey.co.uk/id/country/scotland,,,
AB368YL,http://data.ordnancesurvey.co.uk/id/postcodeunit/AB368YL,AB36 8YL,,,,other,Postcode,327830.100,808511.200,3500,18000,,,,,,,Corgarff,http://data.ordnancesurvey.co.uk/id/4000000074560309,http://www.ordnancesurvey.co.uk/xml/codelists/localtype.xml#otherSettlement,,,,Aberdeenshire,http://data.ordnancesurvey.co.uk/id/7000000000030111,http://data.ordnancesurvey.co.uk/ontology/admingeo/UnitaryAuthority,Scotland,http://data.ordnancesurvey.co.uk/id/7000000000041429,Scotland,http://data.ordnancesurvey.co.uk/id/country/scotland,,,
AB368TR,http://data.ordnancesurvey.co.uk/id/postcodeunit/AB368TR,AB36 8TR,,,,other,Postcode,337704.183,815459.942,3500,18000,,,,,,,,,,,,,Aberdeenshire,http://data.ordnancesurvey.co.uk/id/7000000000030111,http://data.ordnancesurvey.co.uk/ontology/admingeo/UnitaryAuthority,Scotland,http://data.ordnancesurvey.co.uk/id/7000000000041429,Scotland,http://data.ordnancesurvey.co.uk/id/country/scotland,,,
AB368XJ,http://data.ordnancesurvey.co.uk/id/postcodeunit/AB368XJ,AB36 8XJ,,,,other,Postcode,338326.555,811552.897,3500,18000,,,,,,,Heugh-head,http://data.ordnancesurvey.co.uk/id/4000000074562941,http://www.ordnancesurvey.co.uk/xml/codelists/localtype.xml#hamlet,,,,Aberdeenshire,http://data.ordnancesurvey.co.uk/id/7000000000030111,http://data.ordnancesurvey.co.uk/ontology/admingeo/UnitaryAuthority,Scotland,http://data.ordnancesurvey.co.uk/id/7000000000041429,Scotland,http://data.ordnancesurvey.co.uk/id/country/scotland,,,
AB368UH,http://data.ordnancesurvey.co.uk/id/postcodeunit/AB368UH,AB36 8UH,,,,other,Postcode,335358.400,813043.400,3500,18000,,,,,,,Bellabeg,http://data.ordnancesurvey.co.uk/id/4000000074561153,http://www.ordnancesurvey.co.uk/xml/codelists/localtype.xml#hamlet,,,,Aberdeenshire,http://data.ordnancesurvey.co.uk/id/7000000000030111,http://data.ordnancesurvey.co.uk/ontology/admingeo/UnitaryAuthority,Scotland,http://data.ordnancesurvey.co.uk/id/7000000000041429,Scotland,http://data.ordnancesurvey.co.uk/id/country/scotland,,,
AB368TN,http://data.ordnancesurvey.co.uk/id/postcodeunit/AB368TN,AB36 8TN,,,,other,Postcode,339560.600,814326.100,3500,18000,,,,,,,,,,,,,Aberdeenshire,http://data.ordnancesurvey.co.uk/id/7000000000030111,http://data.ordnancesurvey.co.uk/ontology/admingeo/UnitaryAuthority,Scotland,http://data.ordnancesurvey.co.uk/id/7000000000041429,Scotland,http://data.ordnancesurvey.co.uk/id/country/scotland,,,
AB355UQ,http://data.ordnancesurvey.co.uk/id/postcodeunit/AB355UQ,AB35 5UQ,,,,other,Postcode,328572.125,800402.475,3500,18000,,,,,,,,,,,,,Aberdeenshire,http://data.ordnancesurvey.co.uk/id/7000000000030111,http://data.ordnancesurvey.co.uk/ontology/admingeo/UnitaryAuthority,Scotland,http://data.ordnancesurvey.co.uk/id/7000000000041429,Scotland,http://data.ordnancesurvey.co.uk/id/country/scotland,,,
AB368UB,http://data.ordnancesurvey.co.uk/id/postcodeunit/AB368UB,AB36 8UB,,,,other,Postcode,335359.264,818141.329,3500,18000,,,,,,,,,,,,,Aberdeenshire,http://data.ordnancesurvey.co.uk/id/7000000000030111,http://data.ordnancesurvey.co.uk/ontology/admingeo/UnitaryAuthority,Scotland,http://data.ordnancesurvey.co.uk/id/7000000000041429,Scotland,http://data.ordnancesurvey.co.uk/id/country/scotland,,,
AB368YP,http://data.ordnancesurvey.co.uk/id/postcodeunit/AB368YP,AB36 8YP,,,,other,Postcode,325455.664,809374.523,3500,18000,,,,,,,,,,,,,Aberdeenshire,http://data.ordnancesurvey.co.uk/id/7000000000030111,http://data.ordnancesurvey.co.uk/ontology/admingeo/UnitaryAuthority,Scotland,http://data.ordnancesurvey.co.uk/id/7000000000041429,Scotland,http://data.ordnancesurvey.co.uk/id/country/scotland,,,
AB368UA,http://data.ordnancesurvey.co.uk/id/postcodeunit/AB368UA,AB36 8UA,,,,other,Postcode,337484.200,816569.200,3500,18000,,,,,,,Belnacraig,http://data.ordnancesurvey.co.uk/id/4000000074560511,http://www.ordnancesurvey.co.uk/xml/codelists/localtype.xml#otherSettlement,,,,Aberdeenshire,http://data.ordnancesurvey.co.uk/id/7000000000030111,http://data.ordnancesurvey.co.uk/ontology/admingeo/UnitaryAuthority,Scotland,http://data.ordnancesurvey.co.uk/id/7000000000041429,Scotland,http://data.ordnancesurvey.co.uk/id/country/scotland,,,
AB368TH,http://data.ordnancesurvey.co.uk/id/postcodeunit/AB368TH,AB36 8TH,,,,other,Postcode,337158.500,813052.500,3500,18000,,,,,,,,,,,,,Aberdeenshire,http://data.ordnancesurvey.co.uk/id/7000000000030111,http://data.ordnancesurvey.co.uk/ontology/admingeo/UnitaryAuthority,Scotland,http://data.ordnancesurvey.co.uk/id/7000000000041429,Scotland,http://data.ordnancesurvey.co.uk/id/country/scotland,,,
osgb4000000003809759,http://data.ordnancesurvey.co.uk/id/osgb4000000003809759,Waterside Road,,,,transportNetwork,Named Road,337238.000,811921.000,4000,20000,336953.155,811881.000,337527.000,811929.000,AB36,http://data.ordnancesurvey.co.uk/id/postcodedistrict/AB36,,,,,,,Aberdeenshire,http://data.ordnancesurvey.co.uk/id/7000000000030111,http://data.ordnancesurvey.co.uk/ontology/admingeo/UnitaryAuthority,Scotland,http://data.ordnancesurvey.co.uk/id/7000000000041429,Scotland,http://data.ordnancesurvey.co.uk/id/country/scotland,,,
osgb4000000003809629,http://data.ordnancesurvey.co.uk/id/osgb4000000003809629,Old Military Road,,,,transportNetwork,Named Road,330132.000,801637.000,10000,20000,329475.579,800681.074,331029.687,802216.613,AB35,http://data.ordnancesurvey.co.uk/id/postcodedistrict/AB35,,,,,,,Aberdeenshire,http://data.ordnancesurvey.co.uk/id/7000000000030111,http://data.ordnancesurvey.co.uk/ontology/admingeo/UnitaryAuthority,Scotland,http://data.ordnancesurvey.co.uk/id/7000000000041429,Scotland,http://data.ordnancesurvey.co.uk/id/country/scotland,,,
osgb4000000003809633,http://data.ordnancesurvey.co.uk/id/osgb4000000003809633,Lecht Road,,,,transportNetwork,Named Road,325697.000,809341.000,1000,20000,325690.000,809324.000,325707.000,809350.000,AB36,http://data.ordnancesurvey.co.uk/id/postcodedistrict/AB36,,,,,,,Aberdeenshire,http://data.ordnancesurvey.co.uk/id/7000000000030111,http://data.ordnancesurvey.co.uk/ontology/admingeo/UnitaryAuthority,Scotland,http://data.ordnancesurvey.co.uk/id/7000000000041429,Scotland,http://data.ordnancesurvey.co.uk/id/country/scotland,,,
osgb4000000003809698,http://data.ordnancesurvey.co.uk/id/osgb4000000003809698,Culstruphan Road,,,,transportNetwork,Named Road,338539.920,816169.896,5000,20000,338197.727,816003.005,338967.358,816641.048,AB36,http://data.ordnancesurvey.co.uk/id/postcodedistrict/AB36,,,,,,,Aberdeenshire,http://data.ordnancesurvey.co.uk/id/7000000000030111,http://data.ordnancesurvey.co.uk/ontology/admingeo/UnitaryAuthority,Scotland,http://data.ordnancesurvey.co.uk/id/7000000000041429,Scotland,http://data.ordnancesurvey.co.uk/id/country/scotland,,,
AB368UN,http://data.ordnancesurvey.co.uk/id/postcodeunit/AB368UN,AB36 8UN,,,,other,Postcode,336167.300,812854.600,3500,18000,,,,,,,Forbestown,http://data.ordnancesurvey.co.uk/id/4000000074560954,http://www.ordnancesurvey.co.uk/xml/codelists/localtype.xml#hamlet,,,,Aberdeenshire,http://data.ordnancesurvey.co.uk/id/7000000000030111,http://data.ordnancesurvey.co.uk/ontology/admingeo/UnitaryAuthority,Scotland,http://data.ordnancesurvey.co.uk/id/7000000000041429,Scotland,http://data.ordnancesurvey.co.uk/id/country/scotland,,,
