osgb4000000074310298,http://data.ordnancesurvey.co.uk/id/osgb4000000074310298,Charlestown,,,,populatedPlace,Suburban Area,405325.900,863395.000,2000,25000,405047.242,863170.638,405547.242,863670.638,AB43,http://data.ordnancesurvey.co.uk/id/postcodedistrict/AB43,,,,,,,Aberdeenshire,http://data.ordnancesurvey.co.uk/id/7000000000030111,http://data.ordnancesurvey.co.uk/ontology/admingeo/UnitaryAuthority,Scotland,http://data.ordnancesurvey.co.uk/id/7000000000041429,Scotland,http://data.ordnancesurvey.co.uk/id/country/scotland,,,
osgb4000000074545426,http://data.ordnancesurvey.co.uk/id/osgb4000000074545426,Inverallochy,,,,populatedPlace,Village,404219.660,865100.310,7000,250000,403512.627,864481.354,404618.586,865607.422,AB43,http://data.ordnancesurvey.co.uk/id/postcodedistrict/AB43,,,,,,,Aberdeenshire,http://data.ordnancesurvey.co.uk/id/7000000000030111,http://data.ordnancesurvey.co.uk/ontology/admingeo/UnitaryAuthority,Scotland,http://data.ordnancesurvey.co.uk/id/7000000000041429,Scotland,http://data.ordnancesurvey.co.uk/id/country/scotland,,,http://sws.geonames.org/2646143
osgb4000000074545425,http://data.ordnancesurvey.co.uk/id/osgb4000000074545425,St Combs,,,,populatedPlace,Village,405428.110,863026.670,5000,250000,405054.824,862762.086,405900.496,863566.426,AB43,http://data.ordnancesurvey.co.uk/id/postcodedistrict/AB43,,,,,,,Aberdeenshire,http://data.ordnancesurvey.co.uk/id/7000000000030111,http://data.ordnancesurvey.co.uk/ontology/admingeo/UnitaryAuthority,Scotland,http://data.ordnancesurvey.co.uk/id/7000000000041429,Scotland,http://data.ordnancesurvey.co.uk/id/country/scotland,,,
AB438XA,http://data.ordnancesurvey.co.uk/id/postcodeunit/AB438XA,AB43 8XA,,,,other,Postcode,402341.600,862895.700,3500,18000,,,,,,,,,,,,,Aberdeenshire,http://data.ordnancesurvey.co.uk/id/7000000000030111,http://data.ordnancesurvey.co.uk/ontology/admingeo/UnitaryAuthority,Scotland,http://data.ordnancesurvey.co.uk/id/7000000000041429,Scotland,http://data.ordnancesurvey.co.uk/id/country/scotland,,,
AB438YD,http://data.ordnancesurvey.co.uk/id/postcodeunit/AB438YD,AB43 8YD,,,,other,Postcode,404207.356,864836.284,3500,18000,,,,,,,Inverallochy,http://data.ordnancesurvey.co.uk/id/4000000074545426,http://www.ordnancesurvey.co.uk/xml/codelists/localtype.xml#village,,,,Aberdeenshire,http://data.ordnancesurvey.co.uk/id/7000000000030111,http://data.ordnancesurvey.co.uk/ontology/admingeo/UnitaryAuthority,Scotland,http://data.ordnancesurvey.co.uk/id/7000000000041429,Scotland,http://data.ordnancesurvey.co.uk/id/country/scotland,,,
AB438TL,http://data.ordnancesurvey.co.uk/id/postcodeunit/AB438TL,AB43 8TL,,,,other,Postcode,400250.175,865466.800,3500,18000,,,,,,,Fraserburgh,http://data.ordnancesurvey.co.uk/id/4000000074545701,http://www.ordnancesurvey.co.uk/xml/codelists/localtype.xml#town,,,,Aberdeenshire,http://data.ordnancesurvey.co.uk/id/7000000000030111,http://data.ordnancesurvey.co.uk/ontology/admingeo/UnitaryAuthority,Scotland,http://data.ordnancesurvey.co.uk/id/7000000000041429,Scotland,http://data.ordnancesurvey.co.uk/id/country/scotland,,,
AB438WH,http://data.ordnancesurvey.co.uk/id/postcodeunit/AB438WH,AB43 8WH,,,,other,Postcode,403706.200,864746.000,3500,18000,,,,,,,Inverallochy,http://data.ordnancesurvey.co.uk/id/4000000074545426,http://www.ordnancesurvey.co.uk/xml/codelists/localtype.xml#village,,,,Aberdeenshire,http://data.ordnancesurvey.co.uk/id/7000000000030111,http://data.ordnancesurvey.co.uk/ontology/admingeo/UnitaryAuthority,Scotland,http://data.ordnancesurvey.co.uk/id/7000000000041429,Scotland,http://data.ordnancesurvey.co.uk/id/country/scotland,,,
AB438YR,http://data.ordnancesurvey.co.uk/id/postcodeunit/AB438YR,AB43 8YR,,,,other,Postcode,405349.400,862985.800,3500,18000,,,,,,,St Combs,http://data.ordnancesurvey.co.uk/id/4000000074545425,http://www.ordnancesurvey.co.uk/xml/codelists/localtype.xml#village,,,,Aberdeenshire,http://data.ordnancesurvey.co.uk/id/7000000000030111,http://data.ordnancesurvey.co.uk/ontology/admingeo/UnitaryAuthority,Scotland,http://data.ordnancesurvey.co.uk/id/7000000000041429,Scotland,http://data.ordnancesurvey.co.uk/id/country/scotland,,,
AB438YX,http://data.ordnancesurvey.co.uk/id/postcodeunit/AB438YX,AB43 8YX,,,,other,Postcode,405510.000,863245.200,3500,18000,,,,,,,St Combs,http://data.ordnancesurvey.co.uk/id/4000000074545425,http://www.ordnancesurvey.co.uk/xml/codelists/localtype.xml#village,,,,Aberdeenshire,http://data.ordnancesurvey.co.uk/id/7000000000030111,http://data.ordnancesurvey.co.uk/ontology/admingeo/UnitaryAuthority,Scotland,http://data.ordnancesurvey.co.uk/id/7000000000041429,Scotland,http://data.ordnancesurvey.co.uk/id/country/scotland,,,
AB438YT,http://data.ordnancesurvey.co.uk/id/postcodeunit/AB438YT,AB43 8YT,,,,other,Postcode,405217.300,863562.048,3500,18000,,,,,,,,,,,,,Aberdeenshire,http://data.ordnancesurvey.co.uk/id/7000000000030111,http://data.ordnancesurvey.co.uk/ontology/admingeo/UnitaryAuthority,Scotland,http://data.ordnancesurvey.co.uk/id/7000000000041429,Scotland,http://data.ordnancesurvey.co.uk/id/country/scotland,,,
AB438UJ,http://data.ordnancesurvey.co.uk/id/postcodeunit/AB438UJ,AB43 8UJ,,,,other,Postcode,404008.700,860575.900,3500,18000,,,,,,,,,,,,,Aberdeenshire,http://data.ordnancesurvey.co.uk/id/7000000000030111,http://data.ordnancesurvey.co.uk/ontology/admingeo/UnitaryAuthority,Scotland,http://data.ordnancesurvey.co.uk/id/7000000000041429,Scotland,http://data.ordnancesurvey.co.uk/id/country/scotland,,,
AB438ZX,http://data.ordnancesurvey.co.uk/id/postcodeunit/AB438ZX,AB43 8ZX,,,,other,Postcode,405565.000,863181.900,3500,18000,,,,,,,St Combs,http://data.ordnancesurvey.co.uk/id/4000000074545425,http://www.ordnancesurvey.co.uk/xml/codelists/localtype.xml#village,,,,Aberdeenshire,http://data.ordnancesurvey.co.uk/id/7000000000030111,http://data.ordnancesurvey.co.uk/ontology/admingeo/UnitaryAuthority,Scotland,http://data.ordnancesurvey.co.uk/id/7000000000041429,Scotland,http://data.ordnancesurvey.co.uk/id/country/scotland,,,
AB438XZ,http://data.ordnancesurvey.co.uk/id/postcodeunit/AB438XZ,AB43 8XZ,,,,other,Postcode,404307.900,865024.300,3500,18000,,,,,,,Inverallochy,http://data.ordnancesurvey.co.uk/id/4000000074545426,http://www.ordnancesurvey.co.uk/xml/codelists/localtype.xml#village,,,,Aberdeenshire,http://data.ordnancesurvey.co.uk/id/7000000000030111,http://data.ordnancesurvey.co.uk/ontology/admingeo/UnitaryAuthority,Scotland,http://data.ordnancesurvey.co.uk/id/7000000000041429,Scotland,http://data.ordnancesurvey.co.uk/id/country/scotland,,,
AB438XD,http://data.ordnancesurvey.co.uk/id/postcodeunit/AB438XD,AB43 8XD,,,,other,Postcode,403933.514,862021.738,3500,18000,,,,,,,,,,,,,Aberdeenshire,http://data.ordnancesurvey.co.uk/id/7000000000030111,http://data.ordnancesurvey.co.uk/ontology/admingeo/UnitaryAuthority,Scotland,http://data.ordnancesurvey.co.uk/id/7000000000041429,Scotland,http://data.ordnancesurvey.co.uk/id/country/scotland,,,
AB438ZF,http://data.ordnancesurvey.co.uk/id/postcodeunit/AB438ZF,AB43 8ZF,,,,other,Postcode,404742.000,862767.200,3500,18000,,,,,,,,,,,,,Aberdeenshire,http://data.ordnancesurvey.co.uk/id/7000000000030111,http://data.ordnancesurvey.co.uk/ontology/admingeo/UnitaryAuthority,Scotland,http://data.ordnancesurvey.co.uk/id/7000000000041429,Scotland,http://data.ordnancesurvey.co.uk/id/country/scotland,,,
AB438US,http://data.ordnancesurvey.co.uk/id/postcodeunit/AB438US,AB43 8US,,,,other,Postcode,403668.500,864891.100,3500,18000,,,,,,,Inverallochy,http://data.ordnancesurvey.co.uk/id/4000000074545426,http://www.ordnancesurvey.co.uk/xml/codelists/localtype.xml#village,,,,Aberdeenshire,http://data.ordnancesurvey.co.uk/id/7000000000030111,http://data.ordnancesurvey.co.uk/ontology/admingeo/UnitaryAuthority,Scotland,http://data.ordnancesurvey.co.uk/id/7000000000041429,Scotland,http://data.ordnancesurvey.co.uk/id/country/scotland,,,
AB438TQ,http://data.ordnancesurvey.co.uk/id/postcodeunit/AB438TQ,AB43 8TQ,,,,other,Postcode,402761.900,864476.600,3500,18000,,,,,,,,,,,,,Aberdeenshire,http://data.ordnancesurvey.co.uk/id/7000000000030111,http://data.ordnancesurvey.co.uk/ontology/admingeo/UnitaryAuthority,Scotland,http://data.ordnancesurvey.co.uk/id/7000000000041429,Scotland,http://data.ordnancesurvey.co.uk/id/country/scotland,,,
AB438WS,http://data.ordnancesurvey.co.uk/id/postcodeunit/AB438WS,AB43 8WS,,,,other,Postcode,403910.853,865337.363,3500,18000,,,,,,,Inverallochy,http://data.ordnancesurvey.co.uk/id/4000000074545426,http://www.ordnancesurvey.co.uk/xml/codelists/localtype.xml#village,,,,Aberdeenshire,http://data.ordnancesurvey.co.uk/id/7000000000030111,http://data.ordnancesurvey.co.uk/ontology/admingeo/UnitaryAuthority,Scotland,http://data.ordnancesurvey.co.uk/id/7000000000041429,Scotland,http://data.ordnancesurvey.co.uk/id/country/scotland,,,
AB438YE,http://data.ordnancesurvey.co.uk/id/postcodeunit/AB438YE,AB43 8YE,,,,other,Postcode,403668.400,864701.300,3500,18000,,,,,,,Inverallochy,http://data.ordnancesurvey.co.uk/id/4000000074545426,http://www.ordnancesurvey.co.uk/xml/codelists/localtype.xml#village,,,,Aberdeenshire,http://data.ordnancesurvey.co.uk/id/7000000000030111,http://data.ordnancesurvey.co.uk/ontology/admingeo/UnitaryAuthority,Scotland,http://data.ordnancesurvey.co.uk/id/7000000000041429,Scotland,http://data.ordnancesurvey.co.uk/id/country/scotland,,,
AB438XQ,http://data.ordnancesurvey.co.uk/id/postcodeunit/AB438XQ,AB43 8XQ,,,,other,Postcode,403064.184,861846.826,3500,18000,,,,,,,,,,,,,Aberdeenshire,http://data.ordnancesurvey.co.uk/id/7000000000030111,http://data.ordnancesurvey.co.uk/ontology/admingeo/UnitaryAuthority,Scotland,http://data.ordnancesurvey.co.uk/id/7000000000041429,Scotland,http://data.ordnancesurvey.co.uk/id/country/scotland,,,
AB438TD,http://data.ordnancesurvey.co.uk/id/postcodeunit/AB438TD,AB43 8TD,,,,other,Postcode,404463.800,864905.300,3500,18000,,,,,,,Inverallochy,http://data.ordnancesurvey.co.uk/id/4000000074545426,http://www.ordnancesurvey.co.uk/xml/codelists/localtype.xml#village,,,,Aberdeenshire,http://data.ordnancesurvey.co.uk/id/7000000000030111,http://data.ordnancesurvey.co.uk/ontology/admingeo/UnitaryAuthority,Scotland,http://data.ordnancesurvey.co.uk/id/7000000000041429,Scotland,http://data.ordnancesurvey.co.uk/id/country/scotland,,,
AB438YU,http://data.ordnancesurvey.co.uk/id/postcodeunit/AB438YU,AB43 8YU,,,,other,Postcode,405190.300,862852.100,3500,18000,,,,,,,St Combs,http://data.ordnancesurvey.co.uk/id/4000000074545425,http://www.ordnancesurvey.co.uk/xml/codelists/localtype.xml#village,,,,Aberdeenshire,http://data.ordnancesurvey.co.uk/id/7000000000030111,http://data.ordnancesurvey.co.uk/ontology/admingeo/UnitaryAuthority,Scotland,http://data.ordnancesurvey.co.uk/id/7000000000041429,Scotland,http://data.ordnancesurvey.co.uk/id/country/scotland,,,
AB438ZT,http://data.ordnancesurvey.co.uk/id/postcodeunit/AB438ZT,AB43 8ZT,,,,other,Postcode,405373.800,863184.100,3500,18000,,,,,,,St Combs,http://data.ordnancesurvey.co.uk/id/4000000074545425,http://www.ordnancesurvey.co.uk/xml/codelists/localtype.xml#village,,,,Aberdeenshire,http://data.ordnancesurvey.co.uk/id/7000000000030111,http://data.ordnancesurvey.co.uk/ontology/admingeo/UnitaryAuthority,Scotland,http://data.ordnancesurvey.co.uk/id/7000000000041429,Scotland,http://data.ordnancesurvey.co.uk/id/country/scotland,,,
AB438WL,http://data.ordnancesurvey.co.uk/id/postcodeunit/AB438WL,AB43 8WL,,,,other,Postcode,403897.600,865279.400,3500,18000,,,,,,,Inverallochy,http://data.ordnancesurvey.co.uk/id/4000000074545426,http://www.ordnancesurvey.co.uk/xml/codelists/localtype.xml#village,,,,Aberdeenshire,http://data.ordnancesurvey.co.uk/id/7000000000030111,http://data.ordnancesurvey.co.uk/ontology/admingeo/UnitaryAuthority,Scotland,http://data.ordnancesurvey.co.uk/id/7000000000041429,Scotland,http://data.ordnancesurvey.co.uk/id/country/scotland,,,
AB438TP,http://data.ordnancesurvey.co.uk/id/postcodeunit/AB438TP,AB43 8TP,,,,other,Postcode,402283.811,864131.767,3500,18000,,,,,,,,,,,,,Aberdeenshire,http://data.ordnancesurvey.co.uk/id/7000000000030111,http://data.ordnancesurvey.co.uk/ontology/admingeo/UnitaryAuthority,Scotland,http://data.ordnancesurvey.co.uk/id/7000000000041429,Scotland,http://data.ordnancesurvey.co.uk/id/country/scotland,,,
AB438TS,http://data.ordnancesurvey.co.uk/id/postcodeunit/AB438TS,AB43 8TS,,,,other,Postcode,400870.200,863055.700,3500,18000,,,,,,,,,,,,,Aberdeenshire,http://data.ordnancesurvey.co.uk/id/7000000000030111,http://data.ordnancesurvey.co.uk/ontology/admingeo/UnitaryAuthority,Scotland,http://data.ordnancesurvey.co.uk/id/7000000000041429,Scotland,http://data.ordnancesurvey.co.uk/id/country/scotland,,,
AB438WE,http://data.ordnancesurvey.co.uk/id/postcodeunit/AB438WE,AB43 8WE,,,,other,Postcode,404048.800,864847.200,3500,18000,,,,,,,Inverallochy,http://data.ordnancesurvey.co.uk/id/4000000074545426,http://www.ordnancesurvey.co.uk/xml/codelists/localtype.xml#village,,,,Aberdeenshire,http://data.ordnancesurvey.co.uk/id/7000000000030111,http://data.ordnancesurvey.co.uk/ontology/admingeo/UnitaryAuthority,Scotland,http://data.ordnancesurvey.co.uk/id/7000000000041429,Scotland,http://data.ordnancesurvey.co.uk/id/country/scotland,,,
AB438ZY,http://data.ordnancesurvey.co.uk/id/postcodeunit/AB438ZY,AB43 8ZY,,,,other,Postcode,405610.600,863171.300,3500,18000,,,,,,,St Combs,http://data.ordnancesurvey.co.uk/id/4000000074545425,http://www.ordnancesurvey.co.uk/xml/codelists/localtype.xml#village,,,,Aberdeenshire,http://data.ordnancesurvey.co.uk/id/7000000000030111,http://data.ordnancesurvey.co.uk/ontology/admingeo/UnitaryAuthority,Scotland,http://data.ordnancesurvey.co.uk/id/7000000000041429,Scotland,http://data.ordnancesurvey.co.uk/id/country/scotland,,,
AB438XH,http://data.ordnancesurvey.co.uk/id/postcodeunit/AB438XH,AB43 8XH,,,,other,Postcode,404857.400,862271.100,3500,18000,,,,,,,,,,,,,Aberdeenshire,http://data.ordnancesurvey.co.uk/id/7000000000030111,http://data.ordnancesurvey.co.uk/ontology/admingeo/UnitaryAuthority,Scotland,http://data.ordnancesurvey.co.uk/id/7000000000041429,Scotland,http://data.ordnancesurvey.co.uk/id/country/scotland,,,
AB438UN,http://data.ordnancesurvey.co.uk/id/postcodeunit/AB438UN,AB43 8UN,,,,other,Postcode,400469.638,860159.945,3500,18000,,,,,,,,,,,,,Aberdeenshire,http://data.ordnancesurvey.co.uk/id/7000000000030111,http://data.ordnancesurvey.co.uk/ontology/admingeo/UnitaryAuthority,Scotland,http://data.ordnancesurvey.co.uk/id/7000000000041429,Scotland,http://data.ordnancesurvey.co.uk/id/country/scotland,,,
AB438XY,http://data.ordnancesurvey.co.uk/id/postcodeunit/AB438XY,AB43 8XY,,,,other,Postcode,404324.500,865091.400,3500,18000,,,,,,,Inverallochy,http://data.ordnancesurvey.co.uk/id/4000000074545426,http://www.ordnancesurvey.co.uk/xml/codelists/localtype.xml#village,,,,Aberdeenshire,http://data.ordnancesurvey.co.uk/id/7000000000030111,http://data.ordnancesurvey.co.uk/ontology/admingeo/UnitaryAuthority,Scotland,http://data.ordnancesurvey.co.uk/id/7000000000041429,Scotland,http://data.ordnancesurvey.co.uk/id/country/scotland,,,
AB438WT,http://data.ordnancesurvey.co.uk/id/postcodeunit/AB438WT,AB43 8WT,,,,other,Postcode,403686.300,865547.300,3500,18000,,,,,,,Inverallochy,http://data.ordnancesurvey.co.uk/id/4000000074545426,http://www.ordnancesurvey.co.uk/xml/codelists/localtype.xml#village,,,,Aberdeenshire,http://data.ordnancesurvey.co.uk/id/7000000000030111,http://data.ordnancesurvey.co.uk/ontology/admingeo/UnitaryAuthority,Scotland,http://data.ordnancesurvey.co.uk/id/7000000000041429,Scotland,http://data.ordnancesurvey.co.uk/id/country/scotland,,,
AB439TD,http://data.ordnancesurvey.co.uk/id/postcodeunit/AB439TD,AB43 9TD,,,,other,Postcode,400076.774,866589.704,3500,18000,,,,,,,Fraserburgh,http://data.ordnancesurvey.co.uk/id/4000000074545701,http://www.ordnancesurvey.co.uk/xml/codelists/localtype.xml#town,,,,Aberdeenshire,http://data.ordnancesurvey.co.uk/id/7000000000030111,http://data.ordnancesurvey.co.uk/ontology/admingeo/UnitaryAuthority,Scotland,http://data.ordnancesurvey.co.uk/id/7000000000041429,Scotland,http://data.ordnancesurvey.co.uk/id/country/scotland,,,
AB438ZU,http://data.ordnancesurvey.co.uk/id/postcodeunit/AB438ZU,AB43 8ZU,,,,other,Postcode,405444.900,863152.800,3500,18000,,,,,,,St Combs,http://data.ordnancesurvey.co.uk/id/4000000074545425,http://www.ordnancesurvey.co.uk/xml/codelists/localtype.xml#village,,,,Aberdeenshire,http://data.ordnancesurvey.co.uk/id/7000000000030111,http://data.ordnancesurvey.co.uk/ontology/admingeo/UnitaryAuthority,Scotland,http://data.ordnancesurvey.co.uk/id/7000000000041429,Scotland,http://data.ordnancesurvey.co.uk/id/country/scotland,,,
AB438UT,http://data.ordnancesurvey.co.uk/id/postcodeunit/AB438UT,AB43 8UT,,,,other,Postcode,404173.701,862995.621,3500,18000,,,,,,,,,,,,,Aberdeenshire,http://data.ordnancesurvey.co.uk/id/7000000000030111,http://data.ordnancesurvey.co.uk/ontology/admingeo/UnitaryAuthority,Scotland,http://data.ordnancesurvey.co.uk/id/7000000000041429,Scotland,http://data.ordnancesurvey.co.uk/id/country/scotland,,,
AB438XU,http://data.ordnancesurvey.co.uk/id/postcodeunit/AB438XU,AB43 8XU,,,,other,Postcode,404313.312,865063.594,3500,18000,,,,,,,Inverallochy,http://data.ordnancesurvey.co.uk/id/4000000074545426,http://www.ordnancesurvey.co.uk/xml/codelists/localtype.xml#village,,,,Aberdeenshire,http://data.ordnancesurvey.co.uk/id/7000000000030111,http://data.ordnancesurvey.co.uk/ontology/admingeo/UnitaryAuthority,Scotland,http://data.ordnancesurvey.co.uk/id/7000000000041429,Scotland,http://data.ordnancesurvey.co.uk/id/country/scotland,,,
AB438WP,http://data.ordnancesurvey.co.uk/id/postcodeunit/AB438WP,AB43 8WP,,,,other,Postcode,404113.700,865130.000,3500,18000,,,,,,,Inverallochy,http://data.ordnancesurvey.co.uk/id/4000000074545426,http://www.ordnancesurvey.co.uk/xml/codelists/localtype.xml#village,,,,Aberdeenshire,http://data.ordnancesurvey.co.uk/id/7000000000030111,http://data.ordnancesurvey.co.uk/ontology/admingeo/UnitaryAuthority,Scotland,http://data.ordnancesurvey.co.uk/id/7000000000041429,Scotland,http://data.ordnancesurvey.co.uk/id/country/scotland,,,
AB438WJ,http://data.ordnancesurvey.co.uk/id/postcodeunit/AB438WJ,AB43 8WJ,,,,other,Postcode,404122.800,865256.900,3500,18000,,,,,,,Inverallochy,http://data.ordnancesurvey.co.uk/id/4000000074545426,http://www.ordnancesurvey.co.uk/xml/codelists/localtype.xml#village,,,,Aberdeenshire,http://data.ordnancesurvey.co.uk/id/7000000000030111,http://data.ordnancesurvey.co.uk/ontology/admingeo/UnitaryAuthority,Scotland,http://data.ordnancesurvey.co.uk/id/7000000000041429,Scotland,http://data.ordnancesurvey.co.uk/id/country/scotland,,,
AB438ZS,http://data.ordnancesurvey.co.uk/id/postcodeunit/AB438ZS,AB43 8ZS,,,,other,Postcode,405601.800,862988.800,3500,18000,,,,,,,St Combs,http://data.ordnancesurvey.co.uk/id/4000000074545425,http://www.ordnancesurvey.co.uk/xml/codelists/localtype.xml#village,,,,Aberdeenshire,http://data.ordnancesurvey.co.uk/id/7000000000030111,http://data.ordnancesurvey.co.uk/ontology/admingeo/UnitaryAuthority,Scotland,http://data.ordnancesurvey.co.uk/id/7000000000041429,Scotland,http://data.ordnancesurvey.co.uk/id/country/scotland,,,
AB438XT,http://data.ordnancesurvey.co.uk/id/postcodeunit/AB438XT,AB43 8XT,,,,other,Postcode,404644.125,860017.875,3500,18000,,,,,,,,,,,,,Aberdeenshire,http://data.ordnancesurvey.co.uk/id/7000000000030111,http://data.ordnancesurvey.co.uk/ontology/admingeo/UnitaryAuthority,Scotland,http://data.ordnancesurvey.co.uk/id/7000000000041429,Scotland,http://data.ordnancesurvey.co.uk/id/country/scotland,,,
AB438YQ,http://data.ordnancesurvey.co.uk/id/postcodeunit/AB438YQ,AB43 8YQ,,,,other,Postcode,404649.750,863642.150,3500,18000,,,,,,,,,,,,,Aberdeenshire,http://data.ordnancesurvey.co.uk/id/7000000000030111,http://data.ordnancesurvey.co.uk/ontology/admingeo/UnitaryAuthority,Scotland,http://data.ordnancesurvey.co.uk/id/7000000000041429,Scotland,http://data.ordnancesurvey.co.uk/id/country/scotland,,,
AB438XL,http://data.ordnancesurvey.co.uk/id/postcodeunit/AB438XL,AB43 8XL,,,,other,Postcode,405347.300,862149.900,3500,18000,,,,,,,,,,,,,Aberdeenshire,http://data.ordnancesurvey.co.uk/id/7000000000030111,http://data.ordnancesurvey.co.uk/ontology/admingeo/UnitaryAuthority,Scotland,http://data.ordnancesurvey.co.uk/id/7000000000041429,Scotland,http://data.ordnancesurvey.co.uk/id/country/scotland,,,
AB438WA,http://data.ordnancesurvey.co.uk/id/postcodeunit/AB438WA,AB43 8WA,,,,other,Postcode,404331.482,865200.736,3500,18000,,,,,,,Inverallochy,http://data.ordnancesurvey.co.uk/id/4000000074545426,http://www.ordnancesurvey.co.uk/xml/codelists/localtype.xml#village,,,,Aberdeenshire,http://data.ordnancesurvey.co.uk/id/7000000000030111,http://data.ordnancesurvey.co.uk/ontology/admingeo/UnitaryAuthority,Scotland,http://data.ordnancesurvey.co.uk/id/7000000000041429,Scotland,http://data.ordnancesurvey.co.uk/id/country/scotland,,,
AB438XB,http://data.ordnancesurvey.co.uk/id/postcodeunit/AB438XB,AB43 8XB,,,,other,Postcode,403274.721,862366.029,3500,18000,,,,,,,,,,,,,Aberdeenshire,http://data.ordnancesurvey.co.uk/id/7000000000030111,http://data.ordnancesurvey.co.uk/ontology/admingeo/UnitaryAuthority,Scotland,http://data.ordnancesurvey.co.uk/id/7000000000041429,Scotland,http://data.ordnancesurvey.co.uk/id/country/scotland,,,
AB438ZW,http://data.ordnancesurvey.co.uk/id/postcodeunit/AB438ZW,AB43 8ZW,,,,other,Postcode,405399.600,863325.200,3500,18000,,,,,,,St Combs,http://data.ordnancesurvey.co.uk/id/4000000074545425,http://www.ordnancesurvey.co.uk/xml/codelists/localtype.xml#village,,,,Aberdeenshire,http://data.ordnancesurvey.co.uk/id/7000000000030111,http://data.ordnancesurvey.co.uk/ontology/admingeo/UnitaryAuthority,Scotland,http://data.ordnancesurvey.co.uk/id/7000000000041429,Scotland,http://data.ordnancesurvey.co.uk/id/country/scotland,,,
AB438UL,http://data.ordnancesurvey.co.uk/id/postcodeunit/AB438UL,AB43 8UL,,,,other,Postcode,400110.805,860820.656,3500,18000,,,,,,,Rathen,http://data.ordnancesurvey.co.uk/id/4000000074545424,http://www.ordnancesurvey.co.uk/xml/codelists/localtype.xml#village,,,,Aberdeenshire,http://data.ordnancesurvey.co.uk/id/7000000000030111,http://data.ordnancesurvey.co.uk/ontology/admingeo/UnitaryAuthority,Scotland,http://data.ordnancesurvey.co.uk/id/7000000000041429,Scotland,http://data.ordnancesurvey.co.uk/id/country/scotland,,,
AB438YJ,http://data.ordnancesurvey.co.uk/id/postcodeunit/AB438YJ,AB43 8YJ,,,,other,Postcode,404038.700,865272.100,3500,18000,,,,,,,Inverallochy,http://data.ordnancesurvey.co.uk/id/4000000074545426,http://www.ordnancesurvey.co.uk/xml/codelists/localtype.xml#village,,,,Aberdeenshire,http://data.ordnancesurvey.co.uk/id/7000000000030111,http://data.ordnancesurvey.co.uk/ontology/admingeo/UnitaryAuthority,Scotland,http://data.ordnancesurvey.co.uk/id/7000000000041429,Scotland,http://data.ordnancesurvey.co.uk/id/country/scotland,,,
AB438WB,http://data.ordnancesurvey.co.uk/id/postcodeunit/AB438WB,AB43 8WB,,,,other,Postcode,404120.600,864882.000,3500,18000,,,,,,,Inverallochy,http://data.ordnancesurvey.co.uk/id/4000000074545426,http://www.ordnancesurvey.co.uk/xml/codelists/localtype.xml#village,,,,Aberdeenshire,http://data.ordnancesurvey.co.uk/id/7000000000030111,http://data.ordnancesurvey.co.uk/ontology/admingeo/UnitaryAuthority,Scotland,http://data.ordnancesurvey.co.uk/id/7000000000041429,Scotland,http://data.ordnancesurvey.co.uk/id/country/scotland,,,
AB438WU,http://data.ordnancesurvey.co.uk/id/postcodeunit/AB438WU,AB43 8WU,,,,other,Postcode,403952.600,865219.500,3500,18000,,,,,,,Inverallochy,http://data.ordnancesurvey.co.uk/id/4000000074545426,http://www.ordnancesurvey.co.uk/xml/codelists/localtype.xml#village,,,,Aberdeenshire,http://data.ordnancesurvey.co.uk/id/7000000000030111,http://data.ordnancesurvey.co.uk/ontology/admingeo/UnitaryAuthority,Scotland,http://data.ordnancesurvey.co.uk/id/7000000000041429,Scotland,http://data.ordnancesurvey.co.uk/id/country/scotland,,,
AB438XX,http://data.ordnancesurvey.co.uk/id/postcodeunit/AB438XX,AB43 8XX,,,,other,Postcode,404308.100,865130.200,3500,18000,,,,,,,Inverallochy,http://data.ordnancesurvey.co.uk/id/4000000074545426,http://www.ordnancesurvey.co.uk/xml/codelists/localtype.xml#village,,,,Aberdeenshire,http://data.ordnancesurvey.co.uk/id/7000000000030111,http://data.ordnancesurvey.co.uk/ontology/admingeo/UnitaryAuthority,Scotland,http://data.ordnancesurvey.co.uk/id/7000000000041429,Scotland,http://data.ordnancesurvey.co.uk/id/country/scotland,,,
AB438WG,http://data.ordnancesurvey.co.uk/id/postcodeunit/AB438WG,AB43 8WG,,,,other,Postcode,403890.500,864824.900,3500,18000,,,,,,,Inverallochy,http://data.ordnancesurvey.co.uk/id/4000000074545426,http://www.ordnancesurvey.co.uk/xml/codelists/localtype.xml#village,,,,Aberdeenshire,http://data.ordnancesurvey.co.uk/id/7000000000030111,http://data.ordnancesurvey.co.uk/ontology/admingeo/UnitaryAuthority,Scotland,http://data.ordnancesurvey.co.uk/id/7000000000041429,Scotland,http://data.ordnancesurvey.co.uk/id/country/scotland,,,
AB438XP,http://data.ordnancesurvey.co.uk/id/postcodeunit/AB438XP,AB43 8XP,,,,other,Postcode,403657.790,861534.002,3500,18000,,,,,,,,,,,,,Aberdeenshire,http://data.ordnancesurvey.co.uk/id/7000000000030111,http://data.ordnancesurvey.co.uk/ontology/admingeo/UnitaryAuthority,Scotland,http://data.ordnancesurvey.co.uk/id/7000000000041429,Scotland,http://data.ordnancesurvey.co.uk/id/country/scotland,,,
AB438UZ,http://data.ordnancesurvey.co.uk/id/postcodeunit/AB438UZ,AB43 8UZ,,,,other,Postcode,403488.500,864025.000,3500,18000,,,,,,,,,,,,,Aberdeenshire,http://data.ordnancesurvey.co.uk/id/7000000000030111,http://data.ordnancesurvey.co.uk/ontology/admingeo/UnitaryAuthority,Scotland,http://data.ordnancesurvey.co.uk/id/7000000000041429,Scotland,http://data.ordnancesurvey.co.uk/id/country/scotland,,,
AB438TN,http://data.ordnancesurvey.co.uk/id/postcodeunit/AB438TN,AB43 8TN,,,,other,Postcode,401608.800,863959.000,3500,18000,,,,,,,,,,,,,Aberdeenshire,http://data.ordnancesurvey.co.uk/id/7000000000030111,http://data.ordnancesurvey.co.uk/ontology/admingeo/UnitaryAuthority,Scotland,http://data.ordnancesurvey.co.uk/id/7000000000041429,Scotland,http://data.ordnancesurvey.co.uk/id/country/scotland,,,
AB438YN,http://data.ordnancesurvey.co.uk/id/postcodeunit/AB438YN,AB43 8YN,,,,other,Postcode,403989.399,865248.361,3500,18000,,,,,,,Inverallochy,http://data.ordnancesurvey.co.uk/id/4000000074545426,http://www.ordnancesurvey.co.uk/xml/codelists/localtype.xml#village,,,,Aberdeenshire,http://data.ordnancesurvey.co.uk/id/7000000000030111,http://data.ordnancesurvey.co.uk/ontology/admingeo/UnitaryAuthority,Scotland,http://data.ordnancesurvey.co.uk/id/7000000000041429,Scotland,http://data.ordnancesurvey.co.uk/id/country/scotland,,,
AB438SN,http://data.ordnancesurvey.co.uk/id/postcodeunit/AB438SN,AB43 8SN,,,,other,Postcode,402752.100,860125.300,3500,18000,,,,,,,,,,,,,Aberdeenshire,http://data.ordnancesurvey.co.uk/id/7000000000030111,http://data.ordnancesurvey.co.uk/ontology/admingeo/UnitaryAuthority,Scotland,http://data.ordnancesurvey.co.uk/id/7000000000041429,Scotland,http://data.ordnancesurvey.co.uk/id/country/scotland,,,
AB438XW,http://data.ordnancesurvey.co.uk/id/postcodeunit/AB438XW,AB43 8XW,,,,other,Postcode,404460.800,864980.500,3500,18000,,,,,,,Inverallochy,http://data.ordnancesurvey.co.uk/id/4000000074545426,http://www.ordnancesurvey.co.uk/xml/codelists/localtype.xml#village,,,,Aberdeenshire,http://data.ordnancesurvey.co.uk/id/7000000000030111,http://data.ordnancesurvey.co.uk/ontology/admingeo/UnitaryAuthority,Scotland,http://data.ordnancesurvey.co.uk/id/7000000000041429,Scotland,http://data.ordnancesurvey.co.uk/id/country/scotland,,,
AB438ZQ,http://data.ordnancesurvey.co.uk/id/postcodeunit/AB438ZQ,AB43 8ZQ,,,,other,Postcode,405503.300,862966.300,3500,18000,,,,,,,St Combs,http://data.ordnancesurvey.co.uk/id/4000000074545425,http://www.ordnancesurvey.co.uk/xml/codelists/localtype.xml#village,,,,Aberdeenshire,http://data.ordnancesurvey.co.uk/id/7000000000030111,http://data.ordnancesurvey.co.uk/ontology/admingeo/UnitaryAuthority,Scotland,http://data.ordnancesurvey.co.uk/id/7000000000041429,Scotland,http://data.ordnancesurvey.co.uk/id/country/scotland,,,
AB438ZP,http://data.ordnancesurvey.co.uk/id/postcodeunit/AB438ZP,AB43 8ZP,,,,other,Postcode,405427.400,863242.300,3500,18000,,,,,,,St Combs,http://data.ordnancesurvey.co.uk/id/4000000074545425,http://www.ordnancesurvey.co.uk/xml/codelists/localtype.xml#village,,,,Aberdeenshire,http://data.ordnancesurvey.co.uk/id/7000000000030111,http://data.ordnancesurvey.co.uk/ontology/admingeo/UnitaryAuthority,Scotland,http://data.ordnancesurvey.co.uk/id/7000000000041429,Scotland,http://data.ordnancesurvey.co.uk/id/country/scotland,,,
AB438YF,http://data.ordnancesurvey.co.uk/id/postcodeunit/AB438YF,AB43 8YF,,,,other,Postcode,403938.700,864808.400,3500,18000,,,,,,,Inverallochy,http://data.ordnancesurvey.co.uk/id/4000000074545426,http://www.ordnancesurvey.co.uk/xml/codelists/localtype.xml#village,,,,Aberdeenshire,http://data.ordnancesurvey.co.uk/id/7000000000030111,http://data.ordnancesurvey.co.uk/ontology/admingeo/UnitaryAuthority,Scotland,http://data.ordnancesurvey.co.uk/id/7000000000041429,Scotland,http://data.ordnancesurvey.co.uk/id/country/scotland,,,
AB438WR,http://data.ordnancesurvey.co.uk/id/postcodeunit/AB438WR,AB43 8WR,,,,other,Postcode,403802.200,864647.200,3500,18000,,,,,,,Inverallochy,http://data.ordnancesurvey.co.uk/id/4000000074545426,http://www.ordnancesurvey.co.uk/xml/codelists/localtype.xml#village,,,,Aberdeenshire,http://data.ordnancesurvey.co.uk/id/7000000000030111,http://data.ordnancesurvey.co.uk/ontology/admingeo/UnitaryAuthority,Scotland,http://data.ordnancesurvey.co.uk/id/7000000000041429,Scotland,http://data.ordnancesurvey.co.uk/id/country/scotland,,,
AB438XN,http://data.ordnancesurvey.co.uk/id/postcodeunit/AB438XN,AB43 8XN,,,,other,Postcode,405231.275,860848.438,3500,18000,,,,,,,,,,,,,Aberdeenshire,http://data.ordnancesurvey.co.uk/id/7000000000030111,http://data.ordnancesurvey.co.uk/ontology/admingeo/UnitaryAuthority,Scotland,http://data.ordnancesurvey.co.uk/id/7000000000041429,Scotland,http://data.ordnancesurvey.co.uk/id/country/scotland,,,
AB438XS,http://data.ordnancesurvey.co.uk/id/postcodeunit/AB438XS,AB43 8XS,,,,other,Postcode,402416.504,860674.935,3500,18000,,,,,,,,,,,,,Aberdeenshire,http://data.ordnancesurvey.co.uk/id/7000000000030111,http://data.ordnancesurvey.co.uk/ontology/admingeo/UnitaryAuthority,Scotland,http://data.ordnancesurvey.co.uk/id/7000000000041429,Scotland,http://data.ordnancesurvey.co.uk/id/country/scotland,,,
AB438TT,http://data.ordnancesurvey.co.uk/id/postcodeunit/AB438TT,AB43 8TT,,,,other,Postcode,400513.800,863964.100,3500,18000,,,,,,,,,,,,,Aberdeenshire,http://data.ordnancesurvey.co.uk/id/7000000000030111,http://data.ordnancesurvey.co.uk/ontology/admingeo/UnitaryAuthority,Scotland,http://data.ordnancesurvey.co.uk/id/7000000000041429,Scotland,http://data.ordnancesurvey.co.uk/id/country/scotland,,,
AB438WQ,http://data.ordnancesurvey.co.uk/id/postcodeunit/AB438WQ,AB43 8WQ,,,,other,Postcode,404015.200,865119.900,3500,18000,,,,,,,Inverallochy,http://data.ordnancesurvey.co.uk/id/4000000074545426,http://www.ordnancesurvey.co.uk/xml/codelists/localtype.xml#village,,,,Aberdeenshire,http://data.ordnancesurvey.co.uk/id/7000000000030111,http://data.ordnancesurvey.co.uk/ontology/admingeo/UnitaryAuthority,Scotland,http://data.ordnancesurvey.co.uk/id/7000000000041429,Scotland,http://data.ordnancesurvey.co.uk/id/country/scotland,,,
AB438TR,http://data.ordnancesurvey.co.uk/id/postcodeunit/AB438TR,AB43 8TR,,,,other,Postcode,402165.511,863076.264,3500,18000,,,,,,,,,,,,,Aberdeenshire,http://data.ordnancesurvey.co.uk/id/7000000000030111,http://data.ordnancesurvey.co.uk/ontology/admingeo/UnitaryAuthority,Scotland,http://data.ordnancesurvey.co.uk/id/7000000000041429,Scotland,http://data.ordnancesurvey.co.uk/id/country/scotland,,,
AB439EE,http://data.ordnancesurvey.co.uk/id/postcodeunit/AB439EE,AB43 9EE,,,,other,Postcode,400109.600,867071.100,3500,18000,,,,,,,Fraserburgh,http://data.ordnancesurvey.co.uk/id/4000000074545701,http://www.ordnancesurvey.co.uk/xml/codelists/localtype.xml#town,,,,Aberdeenshire,http://data.ordnancesurvey.co.uk/id/7000000000030111,http://data.ordnancesurvey.co.uk/ontology/admingeo/UnitaryAuthority,Scotland,http://data.ordnancesurvey.co.uk/id/7000000000041429,Scotland,http://data.ordnancesurvey.co.uk/id/country/scotland,,,
AB438ZN,http://data.ordnancesurvey.co.uk/id/postcodeunit/AB438ZN,AB43 8ZN,,,,other,Postcode,405470.095,863216.014,3500,18000,,,,,,,St Combs,http://data.ordnancesurvey.co.uk/id/4000000074545425,http://www.ordnancesurvey.co.uk/xml/codelists/localtype.xml#village,,,,Aberdeenshire,http://data.ordnancesurvey.co.uk/id/7000000000030111,http://data.ordnancesurvey.co.uk/ontology/admingeo/UnitaryAuthority,Scotland,http://data.ordnancesurvey.co.uk/id/7000000000041429,Scotland,http://data.ordnancesurvey.co.uk/id/country/scotland,,,
AB438UX,http://data.ordnancesurvey.co.uk/id/postcodeunit/AB438UX,AB43 8UX,,,,other,Postcode,402989.902,863002.215,3500,18000,,,,,,,,,,,,,Aberdeenshire,http://data.ordnancesurvey.co.uk/id/7000000000030111,http://data.ordnancesurvey.co.uk/ontology/admingeo/UnitaryAuthority,Scotland,http://data.ordnancesurvey.co.uk/id/7000000000041429,Scotland,http://data.ordnancesurvey.co.uk/id/country/scotland,,,
AB439TB,http://data.ordnancesurvey.co.uk/id/postcodeunit/AB439TB,AB43 9TB,,,,other,Postcode,400013.154,866612.038,3500,18000,,,,,,,Fraserburgh,http://data.ordnancesurvey.co.uk/id/4000000074545701,http://www.ordnancesurvey.co.uk/xml/codelists/localtype.xml#town,,,,Aberdeenshire,http://data.ordnancesurvey.co.uk/id/7000000000030111,http://data.ordnancesurvey.co.uk/ontology/admingeo/UnitaryAuthority,Scotland,http://data.ordnancesurvey.co.uk/id/7000000000041429,Scotland,http://data.ordnancesurvey.co.uk/id/country/scotland,,,
AB438YS,http://data.ordnancesurvey.co.uk/id/postcodeunit/AB438YS,AB43 8YS,,,,other,Postcode,405375.600,862923.200,3500,18000,,,,,,,St Combs,http://data.ordnancesurvey.co.uk/id/4000000074545425,http://www.ordnancesurvey.co.uk/xml/codelists/localtype.xml#village,,,,Aberdeenshire,http://data.ordnancesurvey.co.uk/id/7000000000030111,http://data.ordnancesurvey.co.uk/ontology/admingeo/UnitaryAuthority,Scotland,http://data.ordnancesurvey.co.uk/id/7000000000041429,Scotland,http://data.ordnancesurvey.co.uk/id/country/scotland,,,
AB438YL,http://data.ordnancesurvey.co.uk/id/postcodeunit/AB438YL,AB43 8YL,,,,other,Postcode,403960.700,865365.400,3500,18000,,,,,,,Inverallochy,http://data.ordnancesurvey.co.uk/id/4000000074545426,http://www.ordnancesurvey.co.uk/xml/codelists/localtype.xml#village,,,,Aberdeenshire,http://data.ordnancesurvey.co.uk/id/7000000000030111,http://data.ordnancesurvey.co.uk/ontology/admingeo/UnitaryAuthority,Scotland,http://data.ordnancesurvey.co.uk/id/7000000000041429,Scotland,http://data.ordnancesurvey.co.uk/id/country/scotland,,,
AB438YW,http://data.ordnancesurvey.co.uk/id/postcodeunit/AB438YW,AB43 8YW,,,,other,Postcode,404014.700,865185.800,3500,18000,,,,,,,Inverallochy,http://data.ordnancesurvey.co.uk/id/4000000074545426,http://www.ordnancesurvey.co.uk/xml/codelists/localtype.xml#village,,,,Aberdeenshire,http://data.ordnancesurvey.co.uk/id/7000000000030111,http://data.ordnancesurvey.co.uk/ontology/admingeo/UnitaryAuthority,Scotland,http://data.ordnancesurvey.co.uk/id/7000000000041429,Scotland,http://data.ordnancesurvey.co.uk/id/country/scotland,,,
AB438UR,http://data.ordnancesurvey.co.uk/id/postcodeunit/AB438UR,AB43 8UR,,,,other,Postcode,401624.506,862251.205,3500,18000,,,,,,,,,,,,,Aberdeenshire,http://data.ordnancesurvey.co.uk/id/7000000000030111,http://data.ordnancesurvey.co.uk/ontology/admingeo/UnitaryAuthority,Scotland,http://data.ordnancesurvey.co.uk/id/7000000000041429,Scotland,http://data.ordnancesurvey.co.uk/id/country/scotland,,,
AB438XJ,http://data.ordnancesurvey.co.uk/id/postcodeunit/AB438XJ,AB43 8XJ,,,,other,Postcode,404968.200,862345.200,3500,18000,,,,,,,,,,,,,Aberdeenshire,http://data.ordnancesurvey.co.uk/id/7000000000030111,http://data.ordnancesurvey.co.uk/ontology/admingeo/UnitaryAuthority,Scotland,http://data.ordnancesurvey.co.uk/id/7000000000041429,Scotland,http://data.ordnancesurvey.co.uk/id/country/scotland,,,
AB438TB,http://data.ordnancesurvey.co.uk/id/postcodeunit/AB438TB,AB43 8TB,,,,other,Postcode,404087.100,864993.300,3500,18000,,,,,,,Inverallochy,http://data.ordnancesurvey.co.uk/id/4000000074545426,http://www.ordnancesurvey.co.uk/xml/codelists/localtype.xml#village,,,,Aberdeenshire,http://data.ordnancesurvey.co.uk/id/7000000000030111,http://data.ordnancesurvey.co.uk/ontology/admingeo/UnitaryAuthority,Scotland,http://data.ordnancesurvey.co.uk/id/7000000000041429,Scotland,http://data.ordnancesurvey.co.uk/id/country/scotland,,,
AB438YB,http://data.ordnancesurvey.co.uk/id/postcodeunit/AB438YB,AB43 8YB,,,,other,Postcode,404017.500,864912.200,3500,18000,,,,,,,Inverallochy,http://data.ordnancesurvey.co.uk/id/4000000074545426,http://www.ordnancesurvey.co.uk/xml/codelists/localtype.xml#village,,,,Aberdeenshire,http://data.ordnancesurvey.co.uk/id/7000000000030111,http://data.ordnancesurvey.co.uk/ontology/admingeo/UnitaryAuthority,Scotland,http://data.ordnancesurvey.co.uk/id/7000000000041429,Scotland,http://data.ordnancesurvey.co.uk/id/country/scotland,,,
AB438TA,http://data.ordnancesurvey.co.uk/id/postcodeunit/AB438TA,AB43 8TA,,,,other,Postcode,404548.400,864623.800,3500,18000,,,,,,,,,,,,,Aberdeenshire,http://data.ordnancesurvey.co.uk/id/7000000000030111,http://data.ordnancesurvey.co.uk/ontology/admingeo/UnitaryAuthority,Scotland,http://data.ordnancesurvey.co.uk/id/7000000000041429,Scotland,http://data.ordnancesurvey.co.uk/id/country/scotland,,,
AB438ZZ,http://data.ordnancesurvey.co.uk/id/postcodeunit/AB438ZZ,AB43 8ZZ,,,,other,Postcode,405351.400,863079.200,3500,18000,,,,,,,St Combs,http://data.ordnancesurvey.co.uk/id/4000000074545425,http://www.ordnancesurvey.co.uk/xml/codelists/localtype.xml#village,,,,Aberdeenshire,http://data.ordnancesurvey.co.uk/id/7000000000030111,http://data.ordnancesurvey.co.uk/ontology/admingeo/UnitaryAuthority,Scotland,http://data.ordnancesurvey.co.uk/id/7000000000041429,Scotland,http://data.ordnancesurvey.co.uk/id/country/scotland,,,
AB438WD,http://data.ordnancesurvey.co.uk/id/postcodeunit/AB438WD,AB43 8WD,,,,other,Postcode,404210.600,864915.300,3500,18000,,,,,,,Inverallochy,http://data.ordnancesurvey.co.uk/id/4000000074545426,http://www.ordnancesurvey.co.uk/xml/codelists/localtype.xml#village,,,,Aberdeenshire,http://data.ordnancesurvey.co.uk/id/7000000000030111,http://data.ordnancesurvey.co.uk/ontology/admingeo/UnitaryAuthority,Scotland,http://data.ordnancesurvey.co.uk/id/7000000000041429,Scotland,http://data.ordnancesurvey.co.uk/id/country/scotland,,,
AB438YZ,http://data.ordnancesurvey.co.uk/id/postcodeunit/AB438YZ,AB43 8YZ,,,,other,Postcode,405284.532,863176.541,3500,18000,,,,,,,St Combs,http://data.ordnancesurvey.co.uk/id/4000000074545425,http://www.ordnancesurvey.co.uk/xml/codelists/localtype.xml#village,,,,Aberdeenshire,http://data.ordnancesurvey.co.uk/id/7000000000030111,http://data.ordnancesurvey.co.uk/ontology/admingeo/UnitaryAuthority,Scotland,http://data.ordnancesurvey.co.uk/id/7000000000041429,Scotland,http://data.ordnancesurvey.co.uk/id/country/scotland,,,
AB438YA,http://data.ordnancesurvey.co.uk/id/postcodeunit/AB438YA,AB43 8YA,,,,other,Postcode,404336.219,865153.427,3500,18000,,,,,,,Inverallochy,http://data.ordnancesurvey.co.uk/id/4000000074545426,http://www.ordnancesurvey.co.uk/xml/codelists/localtype.xml#village,,,,Aberdeenshire,http://data.ordnancesurvey.co.uk/id/7000000000030111,http://data.ordnancesurvey.co.uk/ontology/admingeo/UnitaryAuthority,Scotland,http://data.ordnancesurvey.co.uk/id/7000000000041429,Scotland,http://data.ordnancesurvey.co.uk/id/country/scotland,,,
AB438UP,http://data.ordnancesurvey.co.uk/id/postcodeunit/AB438UP,AB43 8UP,,,,other,Postcode,401196.621,861852.644,3500,18000,,,,,,,,,,,,,Aberdeenshire,http://data.ordnancesurvey.co.uk/id/7000000000030111,http://data.ordnancesurvey.co.uk/ontology/admingeo/UnitaryAuthority,Scotland,http://data.ordnancesurvey.co.uk/id/7000000000041429,Scotland,http://data.ordnancesurvey.co.uk/id/country/scotland,,,
AB438WF,http://data.ordnancesurvey.co.uk/id/postcodeunit/AB438WF,AB43 8WF,,,,other,Postcode,404294.100,864907.800,3500,18000,,,,,,,Inverallochy,http://data.ordnancesurvey.co.uk/id/4000000074545426,http://www.ordnancesurvey.co.uk/xml/codelists/localtype.xml#village,,,,Aberdeenshire,http://data.ordnancesurvey.co.uk/id/7000000000030111,http://data.ordnancesurvey.co.uk/ontology/admingeo/UnitaryAuthority,Scotland,http://data.ordnancesurvey.co.uk/id/7000000000041429,Scotland,http://data.ordnancesurvey.co.uk/id/country/scotland,,,
osgb4000000004193167,http://data.ordnancesurvey.co.uk/id/osgb4000000004193167,Macgregor Road,,,,transportNetwork,Named Road,403705.000,864773.000,1000,20000,403691.109,864716.467,403746.913,864794.322,AB43,http://data.ordnancesurvey.co.uk/id/postcodedistrict/AB43,Inverallochy,http://data.ordnancesurvey.co.uk/id/4000000074545426,http://www.ordnancesurvey.co.uk/xml/codelists/localtype.xml#village,,,,Aberdeenshire,http://data.ordnancesurvey.co.uk/id/7000000000030111,http://data.ordnancesurvey.co.uk/ontology/admingeo/UnitaryAuthority,Scotland,http://data.ordnancesurvey.co.uk/id/7000000000041429,Scotland,http://data.ordnancesurvey.co.uk/id/country/scotland,,,
osgb4000000004193346,http://data.ordnancesurvey.co.uk/id/osgb4000000004193346,B9107,,,,transportNetwork,Numbered Road,403648.362,864767.591,7000,250000,403202.174,864144.134,404219.654,865100.302,AB43,http://data.ordnancesurvey.co.uk/id/postcodedistrict/AB43,Inverallochy,http://data.ordnancesurvey.co.uk/id/4000000074545426,http://www.ordnancesurvey.co.uk/xml/codelists/localtype.xml#village,,,,Aberdeenshire,http://data.ordnancesurvey.co.uk/id/7000000000030111,http://data.ordnancesurvey.co.uk/ontology/admingeo/UnitaryAuthority,Scotland,http://data.ordnancesurvey.co.uk/id/7000000000041429,Scotland,http://data.ordnancesurvey.co.uk/id/country/scotland,,,
osgb4000000004193004,http://data.ordnancesurvey.co.uk/id/osgb4000000004193004,Frederick Street,,,,transportNetwork,Named Road,404319.600,865050.275,1000,20000,404219.654,864989.247,404425.221,865138.640,AB43,http://data.ordnancesurvey.co.uk/id/postcodedistrict/AB43,Inverallochy,http://data.ordnancesurvey.co.uk/id/4000000074545426,http://www.ordnancesurvey.co.uk/xml/codelists/localtype.xml#village,,,,Aberdeenshire,http://data.ordnancesurvey.co.uk/id/7000000000030111,http://data.ordnancesurvey.co.uk/ontology/admingeo/UnitaryAuthority,Scotland,http://data.ordnancesurvey.co.uk/id/7000000000041429,Scotland,http://data.ordnancesurvey.co.uk/id/country/scotland,,,
osgb4000000004193164,http://data.ordnancesurvey.co.uk/id/osgb4000000004193164,Summerfield Terrace,,,,transportNetwork,Named Road,404143.728,864928.255,1000,20000,404086.141,864871.171,404169.302,864959.518,AB43,http://data.ordnancesurvey.co.uk/id/postcodedistrict/AB43,Inverallochy,http://data.ordnancesurvey.co.uk/id/4000000074545426,http://www.ordnancesurvey.co.uk/xml/codelists/localtype.xml#village,,,,Aberdeenshire,http://data.ordnancesurvey.co.uk/id/7000000000030111,http://data.ordnancesurvey.co.uk/ontology/admingeo/UnitaryAuthority,Scotland,http://data.ordnancesurvey.co.uk/id/7000000000041429,Scotland,http://data.ordnancesurvey.co.uk/id/country/scotland,,,
osgb4000000004192908,http://data.ordnancesurvey.co.uk/id/osgb4000000004192908,Mid Street,,,,transportNetwork,Named Road,405522.466,863206.569,2000,20000,405458.652,863072.552,405550.324,863321.894,AB43,http://data.ordnancesurvey.co.uk/id/postcodedistrict/AB43,St Combs,http://data.ordnancesurvey.co.uk/id/4000000074545425,http://www.ordnancesurvey.co.uk/xml/codelists/localtype.xml#village,,,,Aberdeenshire,http://data.ordnancesurvey.co.uk/id/7000000000030111,http://data.ordnancesurvey.co.uk/ontology/admingeo/UnitaryAuthority,Scotland,http://data.ordnancesurvey.co.uk/id/7000000000041429,Scotland,http://data.ordnancesurvey.co.uk/id/country/scotland,,,
osgb4000000004193808,http://data.ordnancesurvey.co.uk/id/osgb4000000004193808,Allochy Place,,,,transportNetwork,Named Road,403943.645,864727.801,1000,20000,403919.130,864727.801,403943.645,864794.076,AB43,http://data.ordnancesurvey.co.uk/id/postcodedistrict/AB43,Inverallochy,http://data.ordnancesurvey.co.uk/id/4000000074545426,http://www.ordnancesurvey.co.uk/xml/codelists/localtype.xml#village,,,,Aberdeenshire,http://data.ordnancesurvey.co.uk/id/7000000000030111,http://data.ordnancesurvey.co.uk/ontology/admingeo/UnitaryAuthority,Scotland,http://data.ordnancesurvey.co.uk/id/7000000000041429,Scotland,http://data.ordnancesurvey.co.uk/id/country/scotland,,,
osgb4000000004193007,http://data.ordnancesurvey.co.uk/id/osgb4000000004193007,Duthie Terrace,,,,transportNetwork,Named Road,403977.243,865242.214,1000,20000,403937.362,865179.570,404001.827,865271.350,AB43,http://data.ordnancesurvey.co.uk/id/postcodedistrict/AB43,Inverallochy,http://data.ordnancesurvey.co.uk/id/4000000074545426,http://www.ordnancesurvey.co.uk/xml/codelists/localtype.xml#village,,,,Aberdeenshire,http://data.ordnancesurvey.co.uk/id/7000000000030111,http://data.ordnancesurvey.co.uk/ontology/admingeo/UnitaryAuthority,Scotland,http://data.ordnancesurvey.co.uk/id/7000000000041429,Scotland,http://data.ordnancesurvey.co.uk/id/country/scotland,,,
osgb4000000004193809,http://data.ordnancesurvey.co.uk/id/osgb4000000004193809,Cairndenity Place,,,,transportNetwork,Named Road,404419.358,864935.768,1000,20000,404401.333,864899.523,404463.355,864954.438,AB43,http://data.ordnancesurvey.co.uk/id/postcodedistrict/AB43,Inverallochy,http://data.ordnancesurvey.co.uk/id/4000000074545426,http://www.ordnancesurvey.co.uk/xml/codelists/localtype.xml#village,,,,Aberdeenshire,http://data.ordnancesurvey.co.uk/id/7000000000030111,http://data.ordnancesurvey.co.uk/ontology/admingeo/UnitaryAuthority,Scotland,http://data.ordnancesurvey.co.uk/id/7000000000041429,Scotland,http://data.ordnancesurvey.co.uk/id/country/scotland,,,
osgb4000000004192873,http://data.ordnancesurvey.co.uk/id/osgb4000000004192873,Harbour Road,,,,transportNetwork,Named Road,400018.000,866441.000,5000,20000,399878.000,866050.700,400024.000,866826.000,AB43,http://data.ordnancesurvey.co.uk/id/postcodedistrict/AB43,Fraserburgh,http://data.ordnancesurvey.co.uk/id/4000000074545701,http://www.ordnancesurvey.co.uk/xml/codelists/localtype.xml#town,,,,Aberdeenshire,http://data.ordnancesurvey.co.uk/id/7000000000030111,http://data.ordnancesurvey.co.uk/ontology/admingeo/UnitaryAuthority,Scotland,http://data.ordnancesurvey.co.uk/id/7000000000041429,Scotland,http://data.ordnancesurvey.co.uk/id/country/scotland,,,
osgb4000000004193159,http://data.ordnancesurvey.co.uk/id/osgb4000000004193159,Millburn Avenue,,,,transportNetwork,Named Road,405319.124,863186.950,1000,20000,405228.968,863090.881,405362.799,863236.040,AB43,http://data.ordnancesurvey.co.uk/id/postcodedistrict/AB43,St Combs,http://data.ordnancesurvey.co.uk/id/4000000074545425,http://www.ordnancesurvey.co.uk/xml/codelists/localtype.xml#village,,,,Aberdeenshire,http://data.ordnancesurvey.co.uk/id/7000000000030111,http://data.ordnancesurvey.co.uk/ontology/admingeo/UnitaryAuthority,Scotland,http://data.ordnancesurvey.co.uk/id/7000000000041429,Scotland,http://data.ordnancesurvey.co.uk/id/country/scotland,,,
osgb4000000004193006,http://data.ordnancesurvey.co.uk/id/osgb4000000004193006,Seatown Place,,,,transportNetwork,Named Road,404134.140,865165.920,1000,20000,404114.640,865092.670,404144.000,865195.000,AB43,http://data.ordnancesurvey.co.uk/id/postcodedistrict/AB43,Inverallochy,http://data.ordnancesurvey.co.uk/id/4000000074545426,http://www.ordnancesurvey.co.uk/xml/codelists/localtype.xml#village,,,,Aberdeenshire,http://data.ordnancesurvey.co.uk/id/7000000000030111,http://data.ordnancesurvey.co.uk/ontology/admingeo/UnitaryAuthority,Scotland,http://data.ordnancesurvey.co.uk/id/7000000000041429,Scotland,http://data.ordnancesurvey.co.uk/id/country/scotland,,,
osgb4000000004193008,http://data.ordnancesurvey.co.uk/id/osgb4000000004193008,William Street,,,,transportNetwork,Named Road,403909.511,865342.283,1000,20000,403831.404,865258.421,404036.427,865404.802,AB43,http://data.ordnancesurvey.co.uk/id/postcodedistrict/AB43,Inverallochy,http://data.ordnancesurvey.co.uk/id/4000000074545426,http://www.ordnancesurvey.co.uk/xml/codelists/localtype.xml#village,,,,Aberdeenshire,http://data.ordnancesurvey.co.uk/id/7000000000030111,http://data.ordnancesurvey.co.uk/ontology/admingeo/UnitaryAuthority,Scotland,http://data.ordnancesurvey.co.uk/id/7000000000041429,Scotland,http://data.ordnancesurvey.co.uk/id/country/scotland,,,
osgb4000000004192913,http://data.ordnancesurvey.co.uk/id/osgb4000000004192913,Church Street,,,,transportNetwork,Named Road,404000.000,865225.000,3000,20000,403815.899,865144.000,404212.000,865361.302,AB43,http://data.ordnancesurvey.co.uk/id/postcodedistrict/AB43,Inverallochy,http://data.ordnancesurvey.co.uk/id/4000000074545426,http://www.ordnancesurvey.co.uk/xml/codelists/localtype.xml#village,,,,Aberdeenshire,http://data.ordnancesurvey.co.uk/id/7000000000030111,http://data.ordnancesurvey.co.uk/ontology/admingeo/UnitaryAuthority,Scotland,http://data.ordnancesurvey.co.uk/id/7000000000041429,Scotland,http://data.ordnancesurvey.co.uk/id/country/scotland,,,
osgb4000000004193162,http://data.ordnancesurvey.co.uk/id/osgb4000000004193162,Bridge Street,,,,transportNetwork,Named Road,405412.000,863344.000,1000,20000,405404.428,863322.377,405416.178,863372.256,AB43,http://data.ordnancesurvey.co.uk/id/postcodedistrict/AB43,St Combs,http://data.ordnancesurvey.co.uk/id/4000000074545425,http://www.ordnancesurvey.co.uk/xml/codelists/localtype.xml#village,,,,Aberdeenshire,http://data.ordnancesurvey.co.uk/id/7000000000030111,http://data.ordnancesurvey.co.uk/ontology/admingeo/UnitaryAuthority,Scotland,http://data.ordnancesurvey.co.uk/id/7000000000041429,Scotland,http://data.ordnancesurvey.co.uk/id/country/scotland,,,
osgb4000000004192999,http://data.ordnancesurvey.co.uk/id/osgb4000000004192999,Corsekelly Place,,,,transportNetwork,Named Road,405587.827,863004.946,1000,20000,405504.706,862975.179,405682.799,863040.175,AB43,http://data.ordnancesurvey.co.uk/id/postcodedistrict/AB43,St Combs,http://data.ordnancesurvey.co.uk/id/4000000074545425,http://www.ordnancesurvey.co.uk/xml/codelists/localtype.xml#village,,,,Aberdeenshire,http://data.ordnancesurvey.co.uk/id/7000000000030111,http://data.ordnancesurvey.co.uk/ontology/admingeo/UnitaryAuthority,Scotland,http://data.ordnancesurvey.co.uk/id/7000000000041429,Scotland,http://data.ordnancesurvey.co.uk/id/country/scotland,,,
osgb4000000004192995,http://data.ordnancesurvey.co.uk/id/osgb4000000004192995,Charles Street,,,,transportNetwork,Named Road,405457.083,863130.546,1000,20000,405439.117,863043.902,405473.191,863210.327,AB43,http://data.ordnancesurvey.co.uk/id/postcodedistrict/AB43,St Combs,http://data.ordnancesurvey.co.uk/id/4000000074545425,http://www.ordnancesurvey.co.uk/xml/codelists/localtype.xml#village,,,,Aberdeenshire,http://data.ordnancesurvey.co.uk/id/7000000000030111,http://data.ordnancesurvey.co.uk/ontology/admingeo/UnitaryAuthority,Scotland,http://data.ordnancesurvey.co.uk/id/7000000000041429,Scotland,http://data.ordnancesurvey.co.uk/id/country/scotland,,,
osgb4000000004193288,http://data.ordnancesurvey.co.uk/id/osgb4000000004193288,Shore Street,,,,transportNetwork,Named Road,404151.335,865270.440,4000,20000,403803.333,865072.000,404480.000,865457.825,AB43,http://data.ordnancesurvey.co.uk/id/postcodedistrict/AB43,Inverallochy,http://data.ordnancesurvey.co.uk/id/4000000074545426,http://www.ordnancesurvey.co.uk/xml/codelists/localtype.xml#village,,,,Aberdeenshire,http://data.ordnancesurvey.co.uk/id/7000000000030111,http://data.ordnancesurvey.co.uk/ontology/admingeo/UnitaryAuthority,Scotland,http://data.ordnancesurvey.co.uk/id/7000000000041429,Scotland,http://data.ordnancesurvey.co.uk/id/country/scotland,,,
dfb9530e-8a53-460d-be89-a7b25566649f,http://data.ordnancesurvey.co.uk/id/dfb9530e-8a53-460d-be89-a7b25566649f,B9033,,,,transportNetwork,Section Of Numbered Road,400227.000,865517.000,4000,25000,399812.000,865256.082,400478.630,865631.000,AB43,http://data.ordnancesurvey.co.uk/id/postcodedistrict/AB43,Fraserburgh,http://data.ordnancesurvey.co.uk/id/4000000074545701,http://www.ordnancesurvey.co.uk/xml/codelists/localtype.xml#town,,,,Aberdeenshire,http://data.ordnancesurvey.co.uk/id/7000000000030111,http://data.ordnancesurvey.co.uk/ontology/admingeo/UnitaryAuthority,Scotland,http://data.ordnancesurvey.co.uk/id/7000000000041429,Scotland,http://data.ordnancesurvey.co.uk/id/country/scotland,osgb4000000004193343,,
osgb4000000004193160,http://data.ordnancesurvey.co.uk/id/osgb4000000004193160,Mormond Place,,,,transportNetwork,Named Road,403650.210,864729.402,1000,20000,403632.841,864665.591,403697.391,864748.989,AB43,http://data.ordnancesurvey.co.uk/id/postcodedistrict/AB43,Inverallochy,http://data.ordnancesurvey.co.uk/id/4000000074545426,http://www.ordnancesurvey.co.uk/xml/codelists/localtype.xml#village,,,,Aberdeenshire,http://data.ordnancesurvey.co.uk/id/7000000000030111,http://data.ordnancesurvey.co.uk/ontology/admingeo/UnitaryAuthority,Scotland,http://data.ordnancesurvey.co.uk/id/7000000000041429,Scotland,http://data.ordnancesurvey.co.uk/id/country/scotland,,,
osgb4000000004192875,http://data.ordnancesurvey.co.uk/id/osgb4000000004192875,Main Street,,,,transportNetwork,Named Road,404252.039,865160.813,4000,20000,403909.865,864895.342,404590.169,865362.949,AB43,http://data.ordnancesurvey.co.uk/id/postcodedistrict/AB43,Inverallochy,http://data.ordnancesurvey.co.uk/id/4000000074545426,http://www.ordnancesurvey.co.uk/xml/codelists/localtype.xml#village,,,,Aberdeenshire,http://data.ordnancesurvey.co.uk/id/7000000000030111,http://data.ordnancesurvey.co.uk/ontology/admingeo/UnitaryAuthority,Scotland,http://data.ordnancesurvey.co.uk/id/7000000000041429,Scotland,http://data.ordnancesurvey.co.uk/id/country/scotland,,,
osgb4000000004193158,http://data.ordnancesurvey.co.uk/id/osgb4000000004193158,Reidfield Place,,,,transportNetwork,Named Road,405495.000,863000.000,1000,20000,405478.400,862938.587,405519.002,863045.104,AB43,http://data.ordnancesurvey.co.uk/id/postcodedistrict/AB43,St Combs,http://data.ordnancesurvey.co.uk/id/4000000074545425,http://www.ordnancesurvey.co.uk/xml/codelists/localtype.xml#village,,,,Aberdeenshire,http://data.ordnancesurvey.co.uk/id/7000000000030111,http://data.ordnancesurvey.co.uk/ontology/admingeo/UnitaryAuthority,Scotland,http://data.ordnancesurvey.co.uk/id/7000000000041429,Scotland,http://data.ordnancesurvey.co.uk/id/country/scotland,,,
osgb4000000004192996,http://data.ordnancesurvey.co.uk/id/osgb4000000004192996,East Street,,,,transportNetwork,Named Road,405566.146,863179.215,1000,20000,405550.092,863084.773,405585.585,863268.320,AB43,http://data.ordnancesurvey.co.uk/id/postcodedistrict/AB43,St Combs,http://data.ordnancesurvey.co.uk/id/4000000074545425,http://www.ordnancesurvey.co.uk/xml/codelists/localtype.xml#village,,,,Aberdeenshire,http://data.ordnancesurvey.co.uk/id/7000000000030111,http://data.ordnancesurvey.co.uk/ontology/admingeo/UnitaryAuthority,Scotland,http://data.ordnancesurvey.co.uk/id/7000000000041429,Scotland,http://data.ordnancesurvey.co.uk/id/country/scotland,,,
osgb4000000004193169,http://data.ordnancesurvey.co.uk/id/osgb4000000004193169,Fraser Place,,,,transportNetwork,Named Road,404455.450,865043.173,1000,20000,404425.221,865009.120,404480.000,865072.000,AB43,http://data.ordnancesurvey.co.uk/id/postcodedistrict/AB43,Inverallochy,http://data.ordnancesurvey.co.uk/id/4000000074545426,http://www.ordnancesurvey.co.uk/xml/codelists/localtype.xml#village,,,,Aberdeenshire,http://data.ordnancesurvey.co.uk/id/7000000000030111,http://data.ordnancesurvey.co.uk/ontology/admingeo/UnitaryAuthority,Scotland,http://data.ordnancesurvey.co.uk/id/7000000000041429,Scotland,http://data.ordnancesurvey.co.uk/id/country/scotland,,,
osgb4000000004192998,http://data.ordnancesurvey.co.uk/id/osgb4000000004192998,Church Street,,,,transportNetwork,Named Road,405601.000,863205.000,1000,20000,405506.234,863099.999,405622.249,863271.971,AB43,http://data.ordnancesurvey.co.uk/id/postcodedistrict/AB43,St Combs,http://data.ordnancesurvey.co.uk/id/4000000074545425,http://www.ordnancesurvey.co.uk/xml/codelists/localtype.xml#village,,,,Aberdeenshire,http://data.ordnancesurvey.co.uk/id/7000000000030111,http://data.ordnancesurvey.co.uk/ontology/admingeo/UnitaryAuthority,Scotland,http://data.ordnancesurvey.co.uk/id/7000000000041429,Scotland,http://data.ordnancesurvey.co.uk/id/country/scotland,,,
osgb4000000004192909,http://data.ordnancesurvey.co.uk/id/osgb4000000004192909,Gordon Street,,,,transportNetwork,Named Road,405479.000,863215.000,2000,20000,405404.428,863057.927,405510.255,863376.989,AB43,http://data.ordnancesurvey.co.uk/id/postcodedistrict/AB43,St Combs,http://data.ordnancesurvey.co.uk/id/4000000074545425,http://www.ordnancesurvey.co.uk/xml/codelists/localtype.xml#village,,,,Aberdeenshire,http://data.ordnancesurvey.co.uk/id/7000000000030111,http://data.ordnancesurvey.co.uk/ontology/admingeo/UnitaryAuthority,Scotland,http://data.ordnancesurvey.co.uk/id/7000000000041429,Scotland,http://data.ordnancesurvey.co.uk/id/country/scotland,,,
osgb4000000004193161,http://data.ordnancesurvey.co.uk/id/osgb4000000004193161,Braeheads,,,,transportNetwork,Named Road,405436.748,863274.343,1000,20000,405416.178,863210.327,405454.000,863322.377,AB43,http://data.ordnancesurvey.co.uk/id/postcodedistrict/AB43,St Combs,http://data.ordnancesurvey.co.uk/id/4000000074545425,http://www.ordnancesurvey.co.uk/xml/codelists/localtype.xml#village,,,,Aberdeenshire,http://data.ordnancesurvey.co.uk/id/7000000000030111,http://data.ordnancesurvey.co.uk/ontology/admingeo/UnitaryAuthority,Scotland,http://data.ordnancesurvey.co.uk/id/7000000000041429,Scotland,http://data.ordnancesurvey.co.uk/id/country/scotland,,,
osgb4000000004193163,http://data.ordnancesurvey.co.uk/id/osgb4000000004193163,Castle Drive,,,,transportNetwork,Named Road,404052.000,864829.000,1000,20000,404013.246,864813.909,404058.580,864904.576,AB43,http://data.ordnancesurvey.co.uk/id/postcodedistrict/AB43,Inverallochy,http://data.ordnancesurvey.co.uk/id/4000000074545426,http://www.ordnancesurvey.co.uk/xml/codelists/localtype.xml#village,,,,Aberdeenshire,http://data.ordnancesurvey.co.uk/id/7000000000030111,http://data.ordnancesurvey.co.uk/ontology/admingeo/UnitaryAuthority,Scotland,http://data.ordnancesurvey.co.uk/id/7000000000041429,Scotland,http://data.ordnancesurvey.co.uk/id/country/scotland,,,
osgb4000000004193343,http://data.ordnancesurvey.co.uk/id/osgb4000000004193343,B9033,,,,transportNetwork,Numbered Road,403976.000,863295.000,50000,250000,399812.000,858000.000,405062.599,865631.000,AB43,http://data.ordnancesurvey.co.uk/id/postcodedistrict/AB43,,,,,,,Aberdeenshire,http://data.ordnancesurvey.co.uk/id/7000000000030111,http://data.ordnancesurvey.co.uk/ontology/admingeo/UnitaryAuthority,Scotland,http://data.ordnancesurvey.co.uk/id/7000000000041429,Scotland,http://data.ordnancesurvey.co.uk/id/country/scotland,,,
osgb4000000004193165,http://data.ordnancesurvey.co.uk/id/osgb4000000004193165,Summerfield Place,,,,transportNetwork,Named Road,404176.947,864912.192,1000,20000,404144.503,864826.351,404240.717,864942.212,AB43,http://data.ordnancesurvey.co.uk/id/postcodedistrict/AB43,Inverallochy,http://data.ordnancesurvey.co.uk/id/4000000074545426,http://www.ordnancesurvey.co.uk/xml/codelists/localtype.xml#village,,,,Aberdeenshire,http://data.ordnancesurvey.co.uk/id/7000000000030111,http://data.ordnancesurvey.co.uk/ontology/admingeo/UnitaryAuthority,Scotland,http://data.ordnancesurvey.co.uk/id/7000000000041429,Scotland,http://data.ordnancesurvey.co.uk/id/country/scotland,,,
79e6ab56-dc71-444b-8b40-8335de616a08,http://data.ordnancesurvey.co.uk/id/79e6ab56-dc71-444b-8b40-8335de616a08,High Street,,,,transportNetwork,Section Of Named Road,405334.751,862991.612,3000,25000,405095.659,862763.909,405622.249,863099.999,AB43,http://data.ordnancesurvey.co.uk/id/postcodedistrict/AB43,St Combs,http://data.ordnancesurvey.co.uk/id/4000000074545425,http://www.ordnancesurvey.co.uk/xml/codelists/localtype.xml#village,,,,Aberdeenshire,http://data.ordnancesurvey.co.uk/id/7000000000030111,http://data.ordnancesurvey.co.uk/ontology/admingeo/UnitaryAuthority,Scotland,http://data.ordnancesurvey.co.uk/id/7000000000041429,Scotland,http://data.ordnancesurvey.co.uk/id/country/scotland,osgb4000000004192871,,
osgb4000000004192871,http://data.ordnancesurvey.co.uk/id/osgb4000000004192871,High Street,,,,transportNetwork,Named Road,405295.683,862976.386,4000,20000,405062.599,862666.795,405622.249,863099.999,AB43,http://data.ordnancesurvey.co.uk/id/postcodedistrict/AB43,St Combs,http://data.ordnancesurvey.co.uk/id/4000000074545425,http://www.ordnancesurvey.co.uk/xml/codelists/localtype.xml#village,,,,Aberdeenshire,http://data.ordnancesurvey.co.uk/id/7000000000030111,http://data.ordnancesurvey.co.uk/ontology/admingeo/UnitaryAuthority,Scotland,http://data.ordnancesurvey.co.uk/id/7000000000041429,Scotland,http://data.ordnancesurvey.co.uk/id/country/scotland,,,
osgb4000000004193000,http://data.ordnancesurvey.co.uk/id/osgb4000000004193000,Cemetery Road,,,,transportNetwork,Named Road,400020.000,865610.000,1000,20000,399974.757,865605.634,400140.000,865631.000,AB43,http://data.ordnancesurvey.co.uk/id/postcodedistrict/AB43,Fraserburgh,http://data.ordnancesurvey.co.uk/id/4000000074545701,http://www.ordnancesurvey.co.uk/xml/codelists/localtype.xml#town,,,,Aberdeenshire,http://data.ordnancesurvey.co.uk/id/7000000000030111,http://data.ordnancesurvey.co.uk/ontology/admingeo/UnitaryAuthority,Scotland,http://data.ordnancesurvey.co.uk/id/7000000000041429,Scotland,http://data.ordnancesurvey.co.uk/id/country/scotland,,,
osgb4000000004193166,http://data.ordnancesurvey.co.uk/id/osgb4000000004193166,Summerfield Walk,,,,transportNetwork,Named Road,404279.210,864886.344,1000,20000,404253.710,864882.402,404304.464,864900.634,AB43,http://data.ordnancesurvey.co.uk/id/postcodedistrict/AB43,Inverallochy,http://data.ordnancesurvey.co.uk/id/4000000074545426,http://www.ordnancesurvey.co.uk/xml/codelists/localtype.xml#village,,,,Aberdeenshire,http://data.ordnancesurvey.co.uk/id/7000000000030111,http://data.ordnancesurvey.co.uk/ontology/admingeo/UnitaryAuthority,Scotland,http://data.ordnancesurvey.co.uk/id/7000000000041429,Scotland,http://data.ordnancesurvey.co.uk/id/country/scotland,,,
osgb4000000004192911,http://data.ordnancesurvey.co.uk/id/osgb4000000004192911,Fraser Crescent,,,,transportNetwork,Named Road,403746.913,864716.467,3000,20000,403582.000,864537.620,403967.635,864789.764,AB43,http://data.ordnancesurvey.co.uk/id/postcodedistrict/AB43,Inverallochy,http://data.ordnancesurvey.co.uk/id/4000000074545426,http://www.ordnancesurvey.co.uk/xml/codelists/localtype.xml#village,,,,Aberdeenshire,http://data.ordnancesurvey.co.uk/id/7000000000030111,http://data.ordnancesurvey.co.uk/ontology/admingeo/UnitaryAuthority,Scotland,http://data.ordnancesurvey.co.uk/id/7000000000041429,Scotland,http://data.ordnancesurvey.co.uk/id/country/scotland,,,
osgb4000000004193003,http://data.ordnancesurvey.co.uk/id/osgb4000000004193003,Station Road,,,,transportNetwork,Named Road,404047.536,865106.181,2000,20000,403937.362,865067.920,404205.390,865179.570,AB43,http://data.ordnancesurvey.co.uk/id/postcodedistrict/AB43,Inverallochy,http://data.ordnancesurvey.co.uk/id/4000000074545426,http://www.ordnancesurvey.co.uk/xml/codelists/localtype.xml#village,,,,Aberdeenshire,http://data.ordnancesurvey.co.uk/id/7000000000030111,http://data.ordnancesurvey.co.uk/ontology/admingeo/UnitaryAuthority,Scotland,http://data.ordnancesurvey.co.uk/id/7000000000041429,Scotland,http://data.ordnancesurvey.co.uk/id/country/scotland,,,
osgb4000000004192912,http://data.ordnancesurvey.co.uk/id/osgb4000000004192912,Charles Street,,,,transportNetwork,Named Road,404353.107,865065.572,2000,20000,404241.782,864939.808,404515.362,865160.813,AB43,http://data.ordnancesurvey.co.uk/id/postcodedistrict/AB43,Inverallochy,http://data.ordnancesurvey.co.uk/id/4000000074545426,http://www.ordnancesurvey.co.uk/xml/codelists/localtype.xml#village,,,,Aberdeenshire,http://data.ordnancesurvey.co.uk/id/7000000000030111,http://data.ordnancesurvey.co.uk/ontology/admingeo/UnitaryAuthority,Scotland,http://data.ordnancesurvey.co.uk/id/7000000000041429,Scotland,http://data.ordnancesurvey.co.uk/id/country/scotland,,,
49b4e8f7-df54-4a1a-a56b-34e671594b4a,http://data.ordnancesurvey.co.uk/id/49b4e8f7-df54-4a1a-a56b-34e671594b4a,West Street,,,,transportNetwork,Section Of Named Road,405391.249,863140.069,2000,25000,405305.486,863026.673,405428.113,863279.931,AB43,http://data.ordnancesurvey.co.uk/id/postcodedistrict/AB43,St Combs,http://data.ordnancesurvey.co.uk/id/4000000074545425,http://www.ordnancesurvey.co.uk/xml/codelists/localtype.xml#village,,,,Aberdeenshire,http://data.ordnancesurvey.co.uk/id/7000000000030111,http://data.ordnancesurvey.co.uk/ontology/admingeo/UnitaryAuthority,Scotland,http://data.ordnancesurvey.co.uk/id/7000000000041429,Scotland,http://data.ordnancesurvey.co.uk/id/country/scotland,osgb4000000004192997,,
osgb4000000004193002,http://data.ordnancesurvey.co.uk/id/osgb4000000004193002,Corn Road,,,,transportNetwork,Named Road,403802.594,864647.975,1000,20000,403722.029,864568.641,403943.645,864727.801,AB43,http://data.ordnancesurvey.co.uk/id/postcodedistrict/AB43,Inverallochy,http://data.ordnancesurvey.co.uk/id/4000000074545426,http://www.ordnancesurvey.co.uk/xml/codelists/localtype.xml#village,,,,Aberdeenshire,http://data.ordnancesurvey.co.uk/id/7000000000030111,http://data.ordnancesurvey.co.uk/ontology/admingeo/UnitaryAuthority,Scotland,http://data.ordnancesurvey.co.uk/id/7000000000041429,Scotland,http://data.ordnancesurvey.co.uk/id/country/scotland,,,
osgb4000000004192874,http://data.ordnancesurvey.co.uk/id/osgb4000000004192874,Rathen Road,,,,transportNetwork,Named Road,403876.507,864878.460,4000,20000,403551.000,864700.000,404219.654,865144.000,AB43,http://data.ordnancesurvey.co.uk/id/postcodedistrict/AB43,Inverallochy,http://data.ordnancesurvey.co.uk/id/4000000074545426,http://www.ordnancesurvey.co.uk/xml/codelists/localtype.xml#village,,,,Aberdeenshire,http://data.ordnancesurvey.co.uk/id/7000000000030111,http://data.ordnancesurvey.co.uk/ontology/admingeo/UnitaryAuthority,Scotland,http://data.ordnancesurvey.co.uk/id/7000000000041429,Scotland,http://data.ordnancesurvey.co.uk/id/country/scotland,,,
osgb4000000004193168,http://data.ordnancesurvey.co.uk/id/osgb4000000004193168,Allochy Road,,,,transportNetwork,Named Road,404208.870,864834.236,4000,20000,403884.268,864789.764,404522.762,864899.523,AB43,http://data.ordnancesurvey.co.uk/id/postcodedistrict/AB43,Inverallochy,http://data.ordnancesurvey.co.uk/id/4000000074545426,http://www.ordnancesurvey.co.uk/xml/codelists/localtype.xml#village,,,,Aberdeenshire,http://data.ordnancesurvey.co.uk/id/7000000000030111,http://data.ordnancesurvey.co.uk/ontology/admingeo/UnitaryAuthority,Scotland,http://data.ordnancesurvey.co.uk/id/7000000000041429,Scotland,http://data.ordnancesurvey.co.uk/id/country/scotland,,,
osgb4000000004192906,http://data.ordnancesurvey.co.uk/id/osgb4000000004192906,West Park,,,,transportNetwork,Named Road,405387.699,862930.997,2000,20000,405224.360,862898.610,405504.706,862975.179,AB43,http://data.ordnancesurvey.co.uk/id/postcodedistrict/AB43,St Combs,http://data.ordnancesurvey.co.uk/id/4000000074545425,http://www.ordnancesurvey.co.uk/xml/codelists/localtype.xml#village,,,,Aberdeenshire,http://data.ordnancesurvey.co.uk/id/7000000000030111,http://data.ordnancesurvey.co.uk/ontology/admingeo/UnitaryAuthority,Scotland,http://data.ordnancesurvey.co.uk/id/7000000000041429,Scotland,http://data.ordnancesurvey.co.uk/id/country/scotland,,,
osgb4000000004193157,http://data.ordnancesurvey.co.uk/id/osgb4000000004193157,Tillyduff Gardens,,,,transportNetwork,Named Road,405187.604,862891.353,1000,20000,405124.587,862828.530,405210.107,862894.653,AB43,http://data.ordnancesurvey.co.uk/id/postcodedistrict/AB43,St Combs,http://data.ordnancesurvey.co.uk/id/4000000074545425,http://www.ordnancesurvey.co.uk/xml/codelists/localtype.xml#village,,,,Aberdeenshire,http://data.ordnancesurvey.co.uk/id/7000000000030111,http://data.ordnancesurvey.co.uk/ontology/admingeo/UnitaryAuthority,Scotland,http://data.ordnancesurvey.co.uk/id/7000000000041429,Scotland,http://data.ordnancesurvey.co.uk/id/country/scotland,,,
AB438YG,http://data.ordnancesurvey.co.uk/id/postcodeunit/AB438YG,AB43 8YG,,,,other,Postcode,403730.400,864688.500,3500,18000,,,,,,,Inverallochy,http://data.ordnancesurvey.co.uk/id/4000000074545426,http://www.ordnancesurvey.co.uk/xml/codelists/localtype.xml#village,,,,Aberdeenshire,http://data.ordnancesurvey.co.uk/id/7000000000030111,http://data.ordnancesurvey.co.uk/ontology/admingeo/UnitaryAuthority,Scotland,http://data.ordnancesurvey.co.uk/id/7000000000041429,Scotland,http://data.ordnancesurvey.co.uk/id/country/scotland,,,
AB438WN,http://data.ordnancesurvey.co.uk/id/postcodeunit/AB438WN,AB43 8WN,,,,other,Postcode,403890.900,865207.600,3500,18000,,,,,,,Inverallochy,http://data.ordnancesurvey.co.uk/id/4000000074545426,http://www.ordnancesurvey.co.uk/xml/codelists/localtype.xml#village,,,,Aberdeenshire,http://data.ordnancesurvey.co.uk/id/7000000000030111,http://data.ordnancesurvey.co.uk/ontology/admingeo/UnitaryAuthority,Scotland,http://data.ordnancesurvey.co.uk/id/7000000000041429,Scotland,http://data.ordnancesurvey.co.uk/id/country/scotland,,,
21b19a80-86c6-4705-85f9-0e28306ed637,http://data.ordnancesurvey.co.uk/id/21b19a80-86c6-4705-85f9-0e28306ed637,Fraser Crescent,,,,transportNetwork,Section Of Named Road,403746.913,864716.467,3000,25000,403582.000,864545.018,403967.635,864789.764,AB43,http://data.ordnancesurvey.co.uk/id/postcodedistrict/AB43,Inverallochy,http://data.ordnancesurvey.co.uk/id/4000000074545426,http://www.ordnancesurvey.co.uk/xml/codelists/localtype.xml#village,,,,Aberdeenshire,http://data.ordnancesurvey.co.uk/id/7000000000030111,http://data.ordnancesurvey.co.uk/ontology/admingeo/UnitaryAuthority,Scotland,http://data.ordnancesurvey.co.uk/id/7000000000041429,Scotland,http://data.ordnancesurvey.co.uk/id/country/scotland,osgb4000000004192911,,
osgb4000000004192910,http://data.ordnancesurvey.co.uk/id/osgb4000000004192910,Dundas Road,,,,transportNetwork,Named Road,403776.355,864828.446,1000,20000,403705.000,864773.000,403884.268,864861.091,AB43,http://data.ordnancesurvey.co.uk/id/postcodedistrict/AB43,Inverallochy,http://data.ordnancesurvey.co.uk/id/4000000074545426,http://www.ordnancesurvey.co.uk/xml/codelists/localtype.xml#village,,,,Aberdeenshire,http://data.ordnancesurvey.co.uk/id/7000000000030111,http://data.ordnancesurvey.co.uk/ontology/admingeo/UnitaryAuthority,Scotland,http://data.ordnancesurvey.co.uk/id/7000000000041429,Scotland,http://data.ordnancesurvey.co.uk/id/country/scotland,,,
osgb4000000004193005,http://data.ordnancesurvey.co.uk/id/osgb4000000004193005,West Haven Crescent,,,,transportNetwork,Named Road,403872.000,865241.000,1000,20000,403869.073,865179.570,403937.362,865303.947,AB43,http://data.ordnancesurvey.co.uk/id/postcodedistrict/AB43,Inverallochy,http://data.ordnancesurvey.co.uk/id/4000000074545426,http://www.ordnancesurvey.co.uk/xml/codelists/localtype.xml#village,,,,Aberdeenshire,http://data.ordnancesurvey.co.uk/id/7000000000030111,http://data.ordnancesurvey.co.uk/ontology/admingeo/UnitaryAuthority,Scotland,http://data.ordnancesurvey.co.uk/id/7000000000041429,Scotland,http://data.ordnancesurvey.co.uk/id/country/scotland,,,
osgb4000000004192997,http://data.ordnancesurvey.co.uk/id/osgb4000000004192997,West Street,,,,transportNetwork,Named Road,405391.249,863140.069,2000,20000,405289.737,863026.673,405428.113,863279.931,AB43,http://data.ordnancesurvey.co.uk/id/postcodedistrict/AB43,St Combs,http://data.ordnancesurvey.co.uk/id/4000000074545425,http://www.ordnancesurvey.co.uk/xml/codelists/localtype.xml#village,,,,Aberdeenshire,http://data.ordnancesurvey.co.uk/id/7000000000030111,http://data.ordnancesurvey.co.uk/ontology/admingeo/UnitaryAuthority,Scotland,http://data.ordnancesurvey.co.uk/id/7000000000041429,Scotland,http://data.ordnancesurvey.co.uk/id/country/scotland,,,
osgb4000000004192914,http://data.ordnancesurvey.co.uk/id/osgb4000000004192914,Mid Street,,,,transportNetwork,Named Road,404228.183,865205.064,3000,20000,404002.009,865043.173,404455.450,865314.145,AB43,http://data.ordnancesurvey.co.uk/id/postcodedistrict/AB43,Inverallochy,http://data.ordnancesurvey.co.uk/id/4000000074545426,http://www.ordnancesurvey.co.uk/xml/codelists/localtype.xml#village,,,,Aberdeenshire,http://data.ordnancesurvey.co.uk/id/7000000000030111,http://data.ordnancesurvey.co.uk/ontology/admingeo/UnitaryAuthority,Scotland,http://data.ordnancesurvey.co.uk/id/7000000000041429,Scotland,http://data.ordnancesurvey.co.uk/id/country/scotland,,,
