osgb4000000074335263,http://data.ordnancesurvey.co.uk/id/osgb4000000074335263,Glen Forsa,,,,populatedPlace,Other Settlement,159863.120,742163.750,15000,25000,159102.055,741475.494,160375.776,742964.728,PA72,http://data.ordnancesurvey.co.uk/id/postcodedistrict/PA72,,,,,,,Argyll and Bute,http://data.ordnancesurvey.co.uk/id/7000000000030106,http://data.ordnancesurvey.co.uk/ontology/admingeo/UnitaryAuthority,Scotland,http://data.ordnancesurvey.co.uk/id/7000000000041429,Scotland,http://data.ordnancesurvey.co.uk/id/country/scotland,,,
osgb4000000074552728,http://data.ordnancesurvey.co.uk/id/osgb4000000074552728,Gruline,,,,populatedPlace,Other Settlement,154465.000,740083.000,15000,25000,154244.501,739292.189,155393.855,740642.023,PA71,http://data.ordnancesurvey.co.uk/id/postcodedistrict/PA71,,,,,,,Argyll and Bute,http://data.ordnancesurvey.co.uk/id/7000000000030106,http://data.ordnancesurvey.co.uk/ontology/admingeo/UnitaryAuthority,Scotland,http://data.ordnancesurvey.co.uk/id/7000000000041429,Scotland,http://data.ordnancesurvey.co.uk/id/country/scotland,,,
osgb4000000074334608,http://data.ordnancesurvey.co.uk/id/osgb4000000074334608,Killiechronan,,,,populatedPlace,Other Settlement,153878.000,741248.000,15000,25000,152706.872,741078.898,154335.857,741790.104,PA72,http://data.ordnancesurvey.co.uk/id/postcodedistrict/PA72,,,,,,,Argyll and Bute,http://data.ordnancesurvey.co.uk/id/7000000000030106,http://data.ordnancesurvey.co.uk/ontology/admingeo/UnitaryAuthority,Scotland,http://data.ordnancesurvey.co.uk/id/7000000000041429,Scotland,http://data.ordnancesurvey.co.uk/id/country/scotland,,,http://sws.geonames.org/2645637
osgb4000000074550851,http://data.ordnancesurvey.co.uk/id/osgb4000000074550851,Dervaig,,,,populatedPlace,Village,142867.000,751117.000,16000,250000,141431.734,750281.803,143863.862,752277.762,PA75,http://data.ordnancesurvey.co.uk/id/postcodedistrict/PA75,,,,,,,Argyll and Bute,http://data.ordnancesurvey.co.uk/id/7000000000030106,http://data.ordnancesurvey.co.uk/ontology/admingeo/UnitaryAuthority,Scotland,http://data.ordnancesurvey.co.uk/id/7000000000041429,Scotland,http://data.ordnancesurvey.co.uk/id/country/scotland,,,http://sws.geonames.org/2651323
osgb4000000074552727,http://data.ordnancesurvey.co.uk/id/osgb4000000074552727,Salen,,,,populatedPlace,Village,157245.000,742969.000,12000,250000,156965.388,742175.834,158402.560,743953.635,PA72,http://data.ordnancesurvey.co.uk/id/postcodedistrict/PA72,,,,,,,Argyll and Bute,http://data.ordnancesurvey.co.uk/id/7000000000030106,http://data.ordnancesurvey.co.uk/ontology/admingeo/UnitaryAuthority,Scotland,http://data.ordnancesurvey.co.uk/id/7000000000041429,Scotland,http://data.ordnancesurvey.co.uk/id/country/scotland,,,http://sws.geonames.org/2638676
osgb4000000074548212,http://data.ordnancesurvey.co.uk/id/osgb4000000074548212,Aros,,,,populatedPlace,Other Settlement,155646.000,744832.000,15000,25000,155312.468,744202.004,156546.885,745645.181,PA72,http://data.ordnancesurvey.co.uk/id/postcodedistrict/PA72,,,,,,,Argyll and Bute,http://data.ordnancesurvey.co.uk/id/7000000000030106,http://data.ordnancesurvey.co.uk/ontology/admingeo/UnitaryAuthority,Scotland,http://data.ordnancesurvey.co.uk/id/7000000000041429,Scotland,http://data.ordnancesurvey.co.uk/id/country/scotland,,,
osgb4000000074553474,http://data.ordnancesurvey.co.uk/id/osgb4000000074553474,Fanmore,,,,populatedPlace,Other Settlement,141555.000,744565.000,15000,25000,141207.601,743926.702,142379.925,744901.094,PA73,http://data.ordnancesurvey.co.uk/id/postcodedistrict/PA73,,,,,,,Argyll and Bute,http://data.ordnancesurvey.co.uk/id/7000000000030106,http://data.ordnancesurvey.co.uk/ontology/admingeo/UnitaryAuthority,Scotland,http://data.ordnancesurvey.co.uk/id/7000000000041429,Scotland,http://data.ordnancesurvey.co.uk/id/country/scotland,,,
osgb4000000074548590,http://data.ordnancesurvey.co.uk/id/osgb4000000074548590,Tobermory,,,,populatedPlace,Town,150551.720,755297.820,24000,2000000,149078.888,752662.982,152413.150,756300.081,PA75,http://data.ordnancesurvey.co.uk/id/postcodedistrict/PA75,,,,,,,Argyll and Bute,http://data.ordnancesurvey.co.uk/id/7000000000030106,http://data.ordnancesurvey.co.uk/ontology/admingeo/UnitaryAuthority,Scotland,http://data.ordnancesurvey.co.uk/id/7000000000041429,Scotland,http://data.ordnancesurvey.co.uk/id/country/scotland,,"http://dbpedia.org/resource/Tobermory,_Mull",http://sws.geonames.org/2635754
osgb4000000074553473,http://data.ordnancesurvey.co.uk/id/osgb4000000074553473,Ballygown,,,,populatedPlace,Hamlet,143535.000,743203.000,5000,25000,142817.754,742708.711,143963.314,743680.183,PA73,http://data.ordnancesurvey.co.uk/id/postcodedistrict/PA73,,,,,,,Argyll and Bute,http://data.ordnancesurvey.co.uk/id/7000000000030106,http://data.ordnancesurvey.co.uk/ontology/admingeo/UnitaryAuthority,Scotland,http://data.ordnancesurvey.co.uk/id/7000000000041429,Scotland,http://data.ordnancesurvey.co.uk/id/country/scotland,,,http://sws.geonames.org/2656508
osgb4000000074552729,http://data.ordnancesurvey.co.uk/id/osgb4000000074552729,Kellan,,,,populatedPlace,Other Settlement,151932.490,740535.780,15000,25000,150281.653,740044.344,152483.356,741048.426,PA72,http://data.ordnancesurvey.co.uk/id/postcodedistrict/PA72,,,,,,,Argyll and Bute,http://data.ordnancesurvey.co.uk/id/7000000000030106,http://data.ordnancesurvey.co.uk/ontology/admingeo/UnitaryAuthority,Scotland,http://data.ordnancesurvey.co.uk/id/7000000000041429,Scotland,http://data.ordnancesurvey.co.uk/id/country/scotland,,,
osgb4000000074542977,http://data.ordnancesurvey.co.uk/id/osgb4000000074542977,Bun a' Mhuilinn,gla,Bunavullin,eng,populatedPlace,Hamlet,156076.690,753649.480,5000,25000,155612.052,753267.309,156249.214,754095.282,PA80,http://data.ordnancesurvey.co.uk/id/postcodedistrict/PA80,,,,,,,Highland,http://data.ordnancesurvey.co.uk/id/7000000000029638,http://data.ordnancesurvey.co.uk/ontology/admingeo/UnitaryAuthority,Scotland,http://data.ordnancesurvey.co.uk/id/7000000000041429,Scotland,http://data.ordnancesurvey.co.uk/id/country/scotland,,,
osgb4000000074542723,http://data.ordnancesurvey.co.uk/id/osgb4000000074542723,Na Druimeanan,,,,populatedPlace,Hamlet,155656.590,753971.950,5000,25000,155035.203,753887.171,155735.415,754527.038,PA80,http://data.ordnancesurvey.co.uk/id/postcodedistrict/PA80,,,,,,,Highland,http://data.ordnancesurvey.co.uk/id/7000000000029638,http://data.ordnancesurvey.co.uk/ontology/admingeo/UnitaryAuthority,Scotland,http://data.ordnancesurvey.co.uk/id/7000000000041429,Scotland,http://data.ordnancesurvey.co.uk/id/country/scotland,,,http://sws.geonames.org/2650984
PA726JF,http://data.ordnancesurvey.co.uk/id/postcodeunit/PA726JF,PA72 6JF,,,,other,Postcode,157244.549,742836.806,3500,18000,,,,,,,Salen,http://data.ordnancesurvey.co.uk/id/4000000074552727,http://www.ordnancesurvey.co.uk/xml/codelists/localtype.xml#village,,,,Argyll and Bute,http://data.ordnancesurvey.co.uk/id/7000000000030106,http://data.ordnancesurvey.co.uk/ontology/admingeo/UnitaryAuthority,Scotland,http://data.ordnancesurvey.co.uk/id/7000000000041429,Scotland,http://data.ordnancesurvey.co.uk/id/country/scotland,,,
PA746NH,http://data.ordnancesurvey.co.uk/id/postcodeunit/PA746NH,PA74 6NH,,,,other,Postcode,140279.324,745546.178,3500,18000,,,,,,,,,,,,,Argyll and Bute,http://data.ordnancesurvey.co.uk/id/7000000000030106,http://data.ordnancesurvey.co.uk/ontology/admingeo/UnitaryAuthority,Scotland,http://data.ordnancesurvey.co.uk/id/7000000000041429,Scotland,http://data.ordnancesurvey.co.uk/id/country/scotland,,,
PA756QJ,http://data.ordnancesurvey.co.uk/id/postcodeunit/PA756QJ,PA75 6QJ,,,,other,Postcode,142972.362,752086.069,3500,18000,,,,,,,Dervaig,http://data.ordnancesurvey.co.uk/id/4000000074550851,http://www.ordnancesurvey.co.uk/xml/codelists/localtype.xml#village,,,,Argyll and Bute,http://data.ordnancesurvey.co.uk/id/7000000000030106,http://data.ordnancesurvey.co.uk/ontology/admingeo/UnitaryAuthority,Scotland,http://data.ordnancesurvey.co.uk/id/7000000000041429,Scotland,http://data.ordnancesurvey.co.uk/id/country/scotland,,,
PA756PS,http://data.ordnancesurvey.co.uk/id/postcodeunit/PA756PS,PA75 6PS,,,,other,Postcode,150595.720,755724.831,3500,18000,,,,,,,Tobermory,http://data.ordnancesurvey.co.uk/id/4000000074548590,http://www.ordnancesurvey.co.uk/xml/codelists/localtype.xml#town,,,,Argyll and Bute,http://data.ordnancesurvey.co.uk/id/7000000000030106,http://data.ordnancesurvey.co.uk/ontology/admingeo/UnitaryAuthority,Scotland,http://data.ordnancesurvey.co.uk/id/7000000000041429,Scotland,http://data.ordnancesurvey.co.uk/id/country/scotland,,,
PA756QN,http://data.ordnancesurvey.co.uk/id/postcodeunit/PA756QN,PA75 6QN,,,,other,Postcode,143390.518,751933.361,3500,18000,,,,,,,Dervaig,http://data.ordnancesurvey.co.uk/id/4000000074550851,http://www.ordnancesurvey.co.uk/xml/codelists/localtype.xml#village,,,,Argyll and Bute,http://data.ordnancesurvey.co.uk/id/7000000000030106,http://data.ordnancesurvey.co.uk/ontology/admingeo/UnitaryAuthority,Scotland,http://data.ordnancesurvey.co.uk/id/7000000000041429,Scotland,http://data.ordnancesurvey.co.uk/id/country/scotland,,,
PA756QW,http://data.ordnancesurvey.co.uk/id/postcodeunit/PA756QW,PA75 6QW,,,,other,Postcode,143458.403,751456.654,3500,18000,,,,,,,,,,,,,Argyll and Bute,http://data.ordnancesurvey.co.uk/id/7000000000030106,http://data.ordnancesurvey.co.uk/ontology/admingeo/UnitaryAuthority,Scotland,http://data.ordnancesurvey.co.uk/id/7000000000041429,Scotland,http://data.ordnancesurvey.co.uk/id/country/scotland,,,
PA726JS,http://data.ordnancesurvey.co.uk/id/postcodeunit/PA726JS,PA72 6JS,,,,other,Postcode,155275.159,747008.890,3500,18000,,,,,,,,,,,,,Argyll and Bute,http://data.ordnancesurvey.co.uk/id/7000000000030106,http://data.ordnancesurvey.co.uk/ontology/admingeo/UnitaryAuthority,Scotland,http://data.ordnancesurvey.co.uk/id/7000000000041429,Scotland,http://data.ordnancesurvey.co.uk/id/country/scotland,,,
PA726JY,http://data.ordnancesurvey.co.uk/id/postcodeunit/PA726JY,PA72 6JY,,,,other,Postcode,151475.300,740578.100,3500,18000,,,,,,,,,,,,,Argyll and Bute,http://data.ordnancesurvey.co.uk/id/7000000000030106,http://data.ordnancesurvey.co.uk/ontology/admingeo/UnitaryAuthority,Scotland,http://data.ordnancesurvey.co.uk/id/7000000000041429,Scotland,http://data.ordnancesurvey.co.uk/id/country/scotland,,,
PA756PF,http://data.ordnancesurvey.co.uk/id/postcodeunit/PA756PF,PA75 6PF,,,,other,Postcode,150344.100,755483.100,3500,18000,,,,,,,Tobermory,http://data.ordnancesurvey.co.uk/id/4000000074548590,http://www.ordnancesurvey.co.uk/xml/codelists/localtype.xml#town,,,,Argyll and Bute,http://data.ordnancesurvey.co.uk/id/7000000000030106,http://data.ordnancesurvey.co.uk/ontology/admingeo/UnitaryAuthority,Scotland,http://data.ordnancesurvey.co.uk/id/7000000000041429,Scotland,http://data.ordnancesurvey.co.uk/id/country/scotland,,,
PA756RB,http://data.ordnancesurvey.co.uk/id/postcodeunit/PA756RB,PA75 6RB,,,,other,Postcode,150621.900,755635.600,3500,18000,,,,,,,Tobermory,http://data.ordnancesurvey.co.uk/id/4000000074548590,http://www.ordnancesurvey.co.uk/xml/codelists/localtype.xml#town,,,,Argyll and Bute,http://data.ordnancesurvey.co.uk/id/7000000000030106,http://data.ordnancesurvey.co.uk/ontology/admingeo/UnitaryAuthority,Scotland,http://data.ordnancesurvey.co.uk/id/7000000000041429,Scotland,http://data.ordnancesurvey.co.uk/id/country/scotland,,,
PA756AG,http://data.ordnancesurvey.co.uk/id/postcodeunit/PA756AG,PA75 6AG,,,,other,Postcode,150627.500,755427.520,3500,18000,,,,,,,Tobermory,http://data.ordnancesurvey.co.uk/id/4000000074548590,http://www.ordnancesurvey.co.uk/xml/codelists/localtype.xml#town,,,,Argyll and Bute,http://data.ordnancesurvey.co.uk/id/7000000000030106,http://data.ordnancesurvey.co.uk/ontology/admingeo/UnitaryAuthority,Scotland,http://data.ordnancesurvey.co.uk/id/7000000000041429,Scotland,http://data.ordnancesurvey.co.uk/id/country/scotland,,,
PA756PU,http://data.ordnancesurvey.co.uk/id/postcodeunit/PA756PU,PA75 6PU,,,,other,Postcode,150385.939,755648.239,3500,18000,,,,,,,Tobermory,http://data.ordnancesurvey.co.uk/id/4000000074548590,http://www.ordnancesurvey.co.uk/xml/codelists/localtype.xml#town,,,,Argyll and Bute,http://data.ordnancesurvey.co.uk/id/7000000000030106,http://data.ordnancesurvey.co.uk/ontology/admingeo/UnitaryAuthority,Scotland,http://data.ordnancesurvey.co.uk/id/7000000000041429,Scotland,http://data.ordnancesurvey.co.uk/id/country/scotland,,,
PA756QE,http://data.ordnancesurvey.co.uk/id/postcodeunit/PA756QE,PA75 6QE,,,,other,Postcode,143933.200,757193.100,3500,18000,,,,,,,,,,,,,Argyll and Bute,http://data.ordnancesurvey.co.uk/id/7000000000030106,http://data.ordnancesurvey.co.uk/ontology/admingeo/UnitaryAuthority,Scotland,http://data.ordnancesurvey.co.uk/id/7000000000041429,Scotland,http://data.ordnancesurvey.co.uk/id/country/scotland,,,
PA756GN,http://data.ordnancesurvey.co.uk/id/postcodeunit/PA756GN,PA75 6GN,,,,other,Postcode,143255.700,752091.000,3500,18000,,,,,,,Dervaig,http://data.ordnancesurvey.co.uk/id/4000000074550851,http://www.ordnancesurvey.co.uk/xml/codelists/localtype.xml#village,,,,Argyll and Bute,http://data.ordnancesurvey.co.uk/id/7000000000030106,http://data.ordnancesurvey.co.uk/ontology/admingeo/UnitaryAuthority,Scotland,http://data.ordnancesurvey.co.uk/id/7000000000041429,Scotland,http://data.ordnancesurvey.co.uk/id/country/scotland,,,
PA726LA,http://data.ordnancesurvey.co.uk/id/postcodeunit/PA726LA,PA72 6LA,,,,other,Postcode,157185.600,742951.200,3500,18000,,,,,,,Salen,http://data.ordnancesurvey.co.uk/id/4000000074552727,http://www.ordnancesurvey.co.uk/xml/codelists/localtype.xml#village,,,,Argyll and Bute,http://data.ordnancesurvey.co.uk/id/7000000000030106,http://data.ordnancesurvey.co.uk/ontology/admingeo/UnitaryAuthority,Scotland,http://data.ordnancesurvey.co.uk/id/7000000000041429,Scotland,http://data.ordnancesurvey.co.uk/id/country/scotland,,,
PA756AH,http://data.ordnancesurvey.co.uk/id/postcodeunit/PA756AH,PA75 6AH,,,,other,Postcode,150493.366,754341.130,3500,18000,,,,,,,Tobermory,http://data.ordnancesurvey.co.uk/id/4000000074548590,http://www.ordnancesurvey.co.uk/xml/codelists/localtype.xml#town,,,,Argyll and Bute,http://data.ordnancesurvey.co.uk/id/7000000000030106,http://data.ordnancesurvey.co.uk/ontology/admingeo/UnitaryAuthority,Scotland,http://data.ordnancesurvey.co.uk/id/7000000000041429,Scotland,http://data.ordnancesurvey.co.uk/id/country/scotland,,,
PA756QF,http://data.ordnancesurvey.co.uk/id/postcodeunit/PA756QF,PA75 6QF,,,,other,Postcode,147711.003,753541.578,3500,18000,,,,,,,,,,,,,Argyll and Bute,http://data.ordnancesurvey.co.uk/id/7000000000030106,http://data.ordnancesurvey.co.uk/ontology/admingeo/UnitaryAuthority,Scotland,http://data.ordnancesurvey.co.uk/id/7000000000041429,Scotland,http://data.ordnancesurvey.co.uk/id/country/scotland,,,
PA756PZ,http://data.ordnancesurvey.co.uk/id/postcodeunit/PA756PZ,PA75 6PZ,,,,other,Postcode,150305.373,755473.372,3500,18000,,,,,,,Tobermory,http://data.ordnancesurvey.co.uk/id/4000000074548590,http://www.ordnancesurvey.co.uk/xml/codelists/localtype.xml#town,,,,Argyll and Bute,http://data.ordnancesurvey.co.uk/id/7000000000030106,http://data.ordnancesurvey.co.uk/ontology/admingeo/UnitaryAuthority,Scotland,http://data.ordnancesurvey.co.uk/id/7000000000041429,Scotland,http://data.ordnancesurvey.co.uk/id/country/scotland,,,
PA756NR,http://data.ordnancesurvey.co.uk/id/postcodeunit/PA756NR,PA75 6NR,,,,other,Postcode,150451.900,755082.800,3500,18000,,,,,,,Tobermory,http://data.ordnancesurvey.co.uk/id/4000000074548590,http://www.ordnancesurvey.co.uk/xml/codelists/localtype.xml#town,,,,Argyll and Bute,http://data.ordnancesurvey.co.uk/id/7000000000030106,http://data.ordnancesurvey.co.uk/ontology/admingeo/UnitaryAuthority,Scotland,http://data.ordnancesurvey.co.uk/id/7000000000041429,Scotland,http://data.ordnancesurvey.co.uk/id/country/scotland,,,
PA736LT,http://data.ordnancesurvey.co.uk/id/postcodeunit/PA736LT,PA73 6LT,,,,other,Postcode,144915.200,741649.700,3500,18000,,,,,,,,,,,,,Argyll and Bute,http://data.ordnancesurvey.co.uk/id/7000000000030106,http://data.ordnancesurvey.co.uk/ontology/admingeo/UnitaryAuthority,Scotland,http://data.ordnancesurvey.co.uk/id/7000000000041429,Scotland,http://data.ordnancesurvey.co.uk/id/country/scotland,,,
PA756RF,http://data.ordnancesurvey.co.uk/id/postcodeunit/PA756RF,PA75 6RF,,,,other,Postcode,150081.200,754861.300,3500,18000,,,,,,,Tobermory,http://data.ordnancesurvey.co.uk/id/4000000074548590,http://www.ordnancesurvey.co.uk/xml/codelists/localtype.xml#town,,,,Argyll and Bute,http://data.ordnancesurvey.co.uk/id/7000000000030106,http://data.ordnancesurvey.co.uk/ontology/admingeo/UnitaryAuthority,Scotland,http://data.ordnancesurvey.co.uk/id/7000000000041429,Scotland,http://data.ordnancesurvey.co.uk/id/country/scotland,,,
PA756PY,http://data.ordnancesurvey.co.uk/id/postcodeunit/PA756PY,PA75 6PY,,,,other,Postcode,149872.319,755038.804,3500,18000,,,,,,,Tobermory,http://data.ordnancesurvey.co.uk/id/4000000074548590,http://www.ordnancesurvey.co.uk/xml/codelists/localtype.xml#town,,,,Argyll and Bute,http://data.ordnancesurvey.co.uk/id/7000000000030106,http://data.ordnancesurvey.co.uk/ontology/admingeo/UnitaryAuthority,Scotland,http://data.ordnancesurvey.co.uk/id/7000000000041429,Scotland,http://data.ordnancesurvey.co.uk/id/country/scotland,,,
PA726JW,http://data.ordnancesurvey.co.uk/id/postcodeunit/PA726JW,PA72 6JW,,,,other,Postcode,159419.700,742865.900,3500,18000,,,,,,,Glen Forsa,http://data.ordnancesurvey.co.uk/id/4000000074335263,http://www.ordnancesurvey.co.uk/xml/codelists/localtype.xml#otherSettlement,,,,Argyll and Bute,http://data.ordnancesurvey.co.uk/id/7000000000030106,http://data.ordnancesurvey.co.uk/ontology/admingeo/UnitaryAuthority,Scotland,http://data.ordnancesurvey.co.uk/id/7000000000041429,Scotland,http://data.ordnancesurvey.co.uk/id/country/scotland,,,
PA756AE,http://data.ordnancesurvey.co.uk/id/postcodeunit/PA756AE,PA75 6AE,,,,other,Postcode,150343.090,754548.392,3500,18000,,,,,,,Tobermory,http://data.ordnancesurvey.co.uk/id/4000000074548590,http://www.ordnancesurvey.co.uk/xml/codelists/localtype.xml#town,,,,Argyll and Bute,http://data.ordnancesurvey.co.uk/id/7000000000030106,http://data.ordnancesurvey.co.uk/ontology/admingeo/UnitaryAuthority,Scotland,http://data.ordnancesurvey.co.uk/id/7000000000041429,Scotland,http://data.ordnancesurvey.co.uk/id/country/scotland,,,
PA756PG,http://data.ordnancesurvey.co.uk/id/postcodeunit/PA756PG,PA75 6PG,,,,other,Postcode,150273.800,755498.600,3500,18000,,,,,,,Tobermory,http://data.ordnancesurvey.co.uk/id/4000000074548590,http://www.ordnancesurvey.co.uk/xml/codelists/localtype.xml#town,,,,Argyll and Bute,http://data.ordnancesurvey.co.uk/id/7000000000030106,http://data.ordnancesurvey.co.uk/ontology/admingeo/UnitaryAuthority,Scotland,http://data.ordnancesurvey.co.uk/id/7000000000041429,Scotland,http://data.ordnancesurvey.co.uk/id/country/scotland,,,
PA756PN,http://data.ordnancesurvey.co.uk/id/postcodeunit/PA756PN,PA75 6PN,,,,other,Postcode,150099.000,754971.800,3500,18000,,,,,,,Tobermory,http://data.ordnancesurvey.co.uk/id/4000000074548590,http://www.ordnancesurvey.co.uk/xml/codelists/localtype.xml#town,,,,Argyll and Bute,http://data.ordnancesurvey.co.uk/id/7000000000030106,http://data.ordnancesurvey.co.uk/ontology/admingeo/UnitaryAuthority,Scotland,http://data.ordnancesurvey.co.uk/id/7000000000041429,Scotland,http://data.ordnancesurvey.co.uk/id/country/scotland,,,
PA756PA,http://data.ordnancesurvey.co.uk/id/postcodeunit/PA756PA,PA75 6PA,,,,other,Postcode,150470.600,755375.600,3500,18000,,,,,,,Tobermory,http://data.ordnancesurvey.co.uk/id/4000000074548590,http://www.ordnancesurvey.co.uk/xml/codelists/localtype.xml#town,,,,Argyll and Bute,http://data.ordnancesurvey.co.uk/id/7000000000030106,http://data.ordnancesurvey.co.uk/ontology/admingeo/UnitaryAuthority,Scotland,http://data.ordnancesurvey.co.uk/id/7000000000041429,Scotland,http://data.ordnancesurvey.co.uk/id/country/scotland,,,
PA726JP,http://data.ordnancesurvey.co.uk/id/postcodeunit/PA726JP,PA72 6JP,,,,other,Postcode,155395.312,745012.845,3500,18000,,,,,,,,,,,,,Argyll and Bute,http://data.ordnancesurvey.co.uk/id/7000000000030106,http://data.ordnancesurvey.co.uk/ontology/admingeo/UnitaryAuthority,Scotland,http://data.ordnancesurvey.co.uk/id/7000000000041429,Scotland,http://data.ordnancesurvey.co.uk/id/country/scotland,,,
PA726JE,http://data.ordnancesurvey.co.uk/id/postcodeunit/PA726JE,PA72 6JE,,,,other,Postcode,157312.800,743115.200,3500,18000,,,,,,,Salen,http://data.ordnancesurvey.co.uk/id/4000000074552727,http://www.ordnancesurvey.co.uk/xml/codelists/localtype.xml#village,,,,Argyll and Bute,http://data.ordnancesurvey.co.uk/id/7000000000030106,http://data.ordnancesurvey.co.uk/ontology/admingeo/UnitaryAuthority,Scotland,http://data.ordnancesurvey.co.uk/id/7000000000041429,Scotland,http://data.ordnancesurvey.co.uk/id/country/scotland,,,
PA756PR,http://data.ordnancesurvey.co.uk/id/postcodeunit/PA756PR,PA75 6PR,,,,other,Postcode,150800.012,755472.150,3500,18000,,,,,,,Tobermory,http://data.ordnancesurvey.co.uk/id/4000000074548590,http://www.ordnancesurvey.co.uk/xml/codelists/localtype.xml#town,,,,Argyll and Bute,http://data.ordnancesurvey.co.uk/id/7000000000030106,http://data.ordnancesurvey.co.uk/ontology/admingeo/UnitaryAuthority,Scotland,http://data.ordnancesurvey.co.uk/id/7000000000041429,Scotland,http://data.ordnancesurvey.co.uk/id/country/scotland,,,
PA726JN,http://data.ordnancesurvey.co.uk/id/postcodeunit/PA726JN,PA72 6JN,,,,other,Postcode,159440.023,742707.658,3500,18000,,,,,,,Glen Forsa,http://data.ordnancesurvey.co.uk/id/4000000074335263,http://www.ordnancesurvey.co.uk/xml/codelists/localtype.xml#otherSettlement,,,,Argyll and Bute,http://data.ordnancesurvey.co.uk/id/7000000000030106,http://data.ordnancesurvey.co.uk/ontology/admingeo/UnitaryAuthority,Scotland,http://data.ordnancesurvey.co.uk/id/7000000000041429,Scotland,http://data.ordnancesurvey.co.uk/id/country/scotland,,,
PA756RS,http://data.ordnancesurvey.co.uk/id/postcodeunit/PA756RS,PA75 6RS,,,,other,Postcode,150356.533,755625.770,3500,18000,,,,,,,Tobermory,http://data.ordnancesurvey.co.uk/id/4000000074548590,http://www.ordnancesurvey.co.uk/xml/codelists/localtype.xml#town,,,,Argyll and Bute,http://data.ordnancesurvey.co.uk/id/7000000000030106,http://data.ordnancesurvey.co.uk/ontology/admingeo/UnitaryAuthority,Scotland,http://data.ordnancesurvey.co.uk/id/7000000000041429,Scotland,http://data.ordnancesurvey.co.uk/id/country/scotland,,,
PA726JL,http://data.ordnancesurvey.co.uk/id/postcodeunit/PA726JL,PA72 6JL,,,,other,Postcode,157583.432,743398.566,3500,18000,,,,,,,Salen,http://data.ordnancesurvey.co.uk/id/4000000074552727,http://www.ordnancesurvey.co.uk/xml/codelists/localtype.xml#village,,,,Argyll and Bute,http://data.ordnancesurvey.co.uk/id/7000000000030106,http://data.ordnancesurvey.co.uk/ontology/admingeo/UnitaryAuthority,Scotland,http://data.ordnancesurvey.co.uk/id/7000000000041429,Scotland,http://data.ordnancesurvey.co.uk/id/country/scotland,,,
PA726JG,http://data.ordnancesurvey.co.uk/id/postcodeunit/PA726JG,PA72 6JG,,,,other,Postcode,157164.100,743143.500,3500,18000,,,,,,,Salen,http://data.ordnancesurvey.co.uk/id/4000000074552727,http://www.ordnancesurvey.co.uk/xml/codelists/localtype.xml#village,,,,Argyll and Bute,http://data.ordnancesurvey.co.uk/id/7000000000030106,http://data.ordnancesurvey.co.uk/ontology/admingeo/UnitaryAuthority,Scotland,http://data.ordnancesurvey.co.uk/id/7000000000041429,Scotland,http://data.ordnancesurvey.co.uk/id/country/scotland,,,
PA726JR,http://data.ordnancesurvey.co.uk/id/postcodeunit/PA726JR,PA72 6JR,,,,other,Postcode,150626.000,747591.300,3500,18000,,,,,,,,,,,,,Argyll and Bute,http://data.ordnancesurvey.co.uk/id/7000000000030106,http://data.ordnancesurvey.co.uk/ontology/admingeo/UnitaryAuthority,Scotland,http://data.ordnancesurvey.co.uk/id/7000000000041429,Scotland,http://data.ordnancesurvey.co.uk/id/country/scotland,,,
PA756PX,http://data.ordnancesurvey.co.uk/id/postcodeunit/PA756PX,PA75 6PX,,,,other,Postcode,150248.700,755056.900,3500,18000,,,,,,,Tobermory,http://data.ordnancesurvey.co.uk/id/4000000074548590,http://www.ordnancesurvey.co.uk/xml/codelists/localtype.xml#town,,,,Argyll and Bute,http://data.ordnancesurvey.co.uk/id/7000000000030106,http://data.ordnancesurvey.co.uk/ontology/admingeo/UnitaryAuthority,Scotland,http://data.ordnancesurvey.co.uk/id/7000000000041429,Scotland,http://data.ordnancesurvey.co.uk/id/country/scotland,,,
PA726JJ,http://data.ordnancesurvey.co.uk/id/postcodeunit/PA726JJ,PA72 6JJ,,,,other,Postcode,157681.500,743577.500,3500,18000,,,,,,,Salen,http://data.ordnancesurvey.co.uk/id/4000000074552727,http://www.ordnancesurvey.co.uk/xml/codelists/localtype.xml#village,,,,Argyll and Bute,http://data.ordnancesurvey.co.uk/id/7000000000030106,http://data.ordnancesurvey.co.uk/ontology/admingeo/UnitaryAuthority,Scotland,http://data.ordnancesurvey.co.uk/id/7000000000041429,Scotland,http://data.ordnancesurvey.co.uk/id/country/scotland,,,
PA756QR,http://data.ordnancesurvey.co.uk/id/postcodeunit/PA756QR,PA75 6QR,,,,other,Postcode,142488.226,751114.157,3500,18000,,,,,,,,,,,,,Argyll and Bute,http://data.ordnancesurvey.co.uk/id/7000000000030106,http://data.ordnancesurvey.co.uk/ontology/admingeo/UnitaryAuthority,Scotland,http://data.ordnancesurvey.co.uk/id/7000000000041429,Scotland,http://data.ordnancesurvey.co.uk/id/country/scotland,,,
PA756AD,http://data.ordnancesurvey.co.uk/id/postcodeunit/PA756AD,PA75 6AD,,,,other,Postcode,150500.179,754291.827,3500,18000,,,,,,,Tobermory,http://data.ordnancesurvey.co.uk/id/4000000074548590,http://www.ordnancesurvey.co.uk/xml/codelists/localtype.xml#town,,,,Argyll and Bute,http://data.ordnancesurvey.co.uk/id/7000000000030106,http://data.ordnancesurvey.co.uk/ontology/admingeo/UnitaryAuthority,Scotland,http://data.ordnancesurvey.co.uk/id/7000000000041429,Scotland,http://data.ordnancesurvey.co.uk/id/country/scotland,,,
PA756RA,http://data.ordnancesurvey.co.uk/id/postcodeunit/PA756RA,PA75 6RA,,,,other,Postcode,150720.188,755489.890,3500,18000,,,,,,,Tobermory,http://data.ordnancesurvey.co.uk/id/4000000074548590,http://www.ordnancesurvey.co.uk/xml/codelists/localtype.xml#town,,,,Argyll and Bute,http://data.ordnancesurvey.co.uk/id/7000000000030106,http://data.ordnancesurvey.co.uk/ontology/admingeo/UnitaryAuthority,Scotland,http://data.ordnancesurvey.co.uk/id/7000000000041429,Scotland,http://data.ordnancesurvey.co.uk/id/country/scotland,,,
PA756NU,http://data.ordnancesurvey.co.uk/id/postcodeunit/PA756NU,PA75 6NU,,,,other,Postcode,150639.804,755316.027,3500,18000,,,,,,,Tobermory,http://data.ordnancesurvey.co.uk/id/4000000074548590,http://www.ordnancesurvey.co.uk/xml/codelists/localtype.xml#town,,,,Argyll and Bute,http://data.ordnancesurvey.co.uk/id/7000000000030106,http://data.ordnancesurvey.co.uk/ontology/admingeo/UnitaryAuthority,Scotland,http://data.ordnancesurvey.co.uk/id/7000000000041429,Scotland,http://data.ordnancesurvey.co.uk/id/country/scotland,,,
PA726JH,http://data.ordnancesurvey.co.uk/id/postcodeunit/PA726JH,PA72 6JH,,,,other,Postcode,157503.800,743382.800,3500,18000,,,,,,,Salen,http://data.ordnancesurvey.co.uk/id/4000000074552727,http://www.ordnancesurvey.co.uk/xml/codelists/localtype.xml#village,,,,Argyll and Bute,http://data.ordnancesurvey.co.uk/id/7000000000030106,http://data.ordnancesurvey.co.uk/ontology/admingeo/UnitaryAuthority,Scotland,http://data.ordnancesurvey.co.uk/id/7000000000041429,Scotland,http://data.ordnancesurvey.co.uk/id/country/scotland,,,
PA736LX,http://data.ordnancesurvey.co.uk/id/postcodeunit/PA736LX,PA73 6LX,,,,other,Postcode,141702.364,744542.930,3500,18000,,,,,,,Fanmore,http://data.ordnancesurvey.co.uk/id/4000000074553474,http://www.ordnancesurvey.co.uk/xml/codelists/localtype.xml#otherSettlement,,,,Argyll and Bute,http://data.ordnancesurvey.co.uk/id/7000000000030106,http://data.ordnancesurvey.co.uk/ontology/admingeo/UnitaryAuthority,Scotland,http://data.ordnancesurvey.co.uk/id/7000000000041429,Scotland,http://data.ordnancesurvey.co.uk/id/country/scotland,,,
PA726JU,http://data.ordnancesurvey.co.uk/id/postcodeunit/PA726JU,PA72 6JU,,,,other,Postcode,153740.918,741382.027,3500,18000,,,,,,,,,,,,,Argyll and Bute,http://data.ordnancesurvey.co.uk/id/7000000000030106,http://data.ordnancesurvey.co.uk/ontology/admingeo/UnitaryAuthority,Scotland,http://data.ordnancesurvey.co.uk/id/7000000000041429,Scotland,http://data.ordnancesurvey.co.uk/id/country/scotland,,,
PA756PD,http://data.ordnancesurvey.co.uk/id/postcodeunit/PA756PD,PA75 6PD,,,,other,Postcode,150315.200,755241.200,3500,18000,,,,,,,Tobermory,http://data.ordnancesurvey.co.uk/id/4000000074548590,http://www.ordnancesurvey.co.uk/xml/codelists/localtype.xml#town,,,,Argyll and Bute,http://data.ordnancesurvey.co.uk/id/7000000000030106,http://data.ordnancesurvey.co.uk/ontology/admingeo/UnitaryAuthority,Scotland,http://data.ordnancesurvey.co.uk/id/7000000000041429,Scotland,http://data.ordnancesurvey.co.uk/id/country/scotland,,,
PA756PJ,http://data.ordnancesurvey.co.uk/id/postcodeunit/PA756PJ,PA75 6PJ,,,,other,Postcode,150253.500,755305.700,3500,18000,,,,,,,Tobermory,http://data.ordnancesurvey.co.uk/id/4000000074548590,http://www.ordnancesurvey.co.uk/xml/codelists/localtype.xml#town,,,,Argyll and Bute,http://data.ordnancesurvey.co.uk/id/7000000000030106,http://data.ordnancesurvey.co.uk/ontology/admingeo/UnitaryAuthority,Scotland,http://data.ordnancesurvey.co.uk/id/7000000000041429,Scotland,http://data.ordnancesurvey.co.uk/id/country/scotland,,,
PA756QZ,http://data.ordnancesurvey.co.uk/id/postcodeunit/PA756QZ,PA75 6QZ,,,,other,Postcode,150331.483,755194.040,3500,18000,,,,,,,Tobermory,http://data.ordnancesurvey.co.uk/id/4000000074548590,http://www.ordnancesurvey.co.uk/xml/codelists/localtype.xml#town,,,,Argyll and Bute,http://data.ordnancesurvey.co.uk/id/7000000000030106,http://data.ordnancesurvey.co.uk/ontology/admingeo/UnitaryAuthority,Scotland,http://data.ordnancesurvey.co.uk/id/7000000000041429,Scotland,http://data.ordnancesurvey.co.uk/id/country/scotland,,,
PA756QL,http://data.ordnancesurvey.co.uk/id/postcodeunit/PA756QL,PA75 6QL,,,,other,Postcode,142047.325,753034.369,3500,18000,,,,,,,,,,,,,Argyll and Bute,http://data.ordnancesurvey.co.uk/id/7000000000030106,http://data.ordnancesurvey.co.uk/ontology/admingeo/UnitaryAuthority,Scotland,http://data.ordnancesurvey.co.uk/id/7000000000041429,Scotland,http://data.ordnancesurvey.co.uk/id/country/scotland,,,
PA756PE,http://data.ordnancesurvey.co.uk/id/postcodeunit/PA756PE,PA75 6PE,,,,other,Postcode,150357.900,755340.500,3500,18000,,,,,,,Tobermory,http://data.ordnancesurvey.co.uk/id/4000000074548590,http://www.ordnancesurvey.co.uk/xml/codelists/localtype.xml#town,,,,Argyll and Bute,http://data.ordnancesurvey.co.uk/id/7000000000030106,http://data.ordnancesurvey.co.uk/ontology/admingeo/UnitaryAuthority,Scotland,http://data.ordnancesurvey.co.uk/id/7000000000041429,Scotland,http://data.ordnancesurvey.co.uk/id/country/scotland,,,
PA756QA,http://data.ordnancesurvey.co.uk/id/postcodeunit/PA756QA,PA75 6QA,,,,other,Postcode,150354.922,754659.788,3500,18000,,,,,,,Tobermory,http://data.ordnancesurvey.co.uk/id/4000000074548590,http://www.ordnancesurvey.co.uk/xml/codelists/localtype.xml#town,,,,Argyll and Bute,http://data.ordnancesurvey.co.uk/id/7000000000030106,http://data.ordnancesurvey.co.uk/ontology/admingeo/UnitaryAuthority,Scotland,http://data.ordnancesurvey.co.uk/id/7000000000041429,Scotland,http://data.ordnancesurvey.co.uk/id/country/scotland,,,
PA756NT,http://data.ordnancesurvey.co.uk/id/postcodeunit/PA756NT,PA75 6NT,,,,other,Postcode,150430.300,755167.700,3500,18000,,,,,,,Tobermory,http://data.ordnancesurvey.co.uk/id/4000000074548590,http://www.ordnancesurvey.co.uk/xml/codelists/localtype.xml#town,,,,Argyll and Bute,http://data.ordnancesurvey.co.uk/id/7000000000030106,http://data.ordnancesurvey.co.uk/ontology/admingeo/UnitaryAuthority,Scotland,http://data.ordnancesurvey.co.uk/id/7000000000041429,Scotland,http://data.ordnancesurvey.co.uk/id/country/scotland,,,
PA805XY,http://data.ordnancesurvey.co.uk/id/postcodeunit/PA805XY,PA80 5XY,,,,other,Postcode,156061.200,753507.200,3500,18000,,,,,,,Bun a' Mhuilinn / Bunavullin,http://data.ordnancesurvey.co.uk/id/4000000074542977,http://www.ordnancesurvey.co.uk/xml/codelists/localtype.xml#hamlet,,,,Highland,http://data.ordnancesurvey.co.uk/id/7000000000029638,http://data.ordnancesurvey.co.uk/ontology/admingeo/UnitaryAuthority,Scotland,http://data.ordnancesurvey.co.uk/id/7000000000041429,Scotland,http://data.ordnancesurvey.co.uk/id/country/scotland,,,
PA756PQ,http://data.ordnancesurvey.co.uk/id/postcodeunit/PA756PQ,PA75 6PQ,,,,other,Postcode,150248.400,755463.200,3500,18000,,,,,,,Tobermory,http://data.ordnancesurvey.co.uk/id/4000000074548590,http://www.ordnancesurvey.co.uk/xml/codelists/localtype.xml#town,,,,Argyll and Bute,http://data.ordnancesurvey.co.uk/id/7000000000030106,http://data.ordnancesurvey.co.uk/ontology/admingeo/UnitaryAuthority,Scotland,http://data.ordnancesurvey.co.uk/id/7000000000041429,Scotland,http://data.ordnancesurvey.co.uk/id/country/scotland,,,
PA756QS,http://data.ordnancesurvey.co.uk/id/postcodeunit/PA756QS,PA75 6QS,,,,other,Postcode,140169.681,753187.079,3500,18000,,,,,,,,,,,,,Argyll and Bute,http://data.ordnancesurvey.co.uk/id/7000000000030106,http://data.ordnancesurvey.co.uk/ontology/admingeo/UnitaryAuthority,Scotland,http://data.ordnancesurvey.co.uk/id/7000000000041429,Scotland,http://data.ordnancesurvey.co.uk/id/country/scotland,,,
PA756RD,http://data.ordnancesurvey.co.uk/id/postcodeunit/PA756RD,PA75 6RD,,,,other,Postcode,150167.157,755562.071,3500,18000,,,,,,,Tobermory,http://data.ordnancesurvey.co.uk/id/4000000074548590,http://www.ordnancesurvey.co.uk/xml/codelists/localtype.xml#town,,,,Argyll and Bute,http://data.ordnancesurvey.co.uk/id/7000000000030106,http://data.ordnancesurvey.co.uk/ontology/admingeo/UnitaryAuthority,Scotland,http://data.ordnancesurvey.co.uk/id/7000000000041429,Scotland,http://data.ordnancesurvey.co.uk/id/country/scotland,,,
PA756PH,http://data.ordnancesurvey.co.uk/id/postcodeunit/PA756PH,PA75 6PH,,,,other,Postcode,150294.900,755387.700,3500,18000,,,,,,,Tobermory,http://data.ordnancesurvey.co.uk/id/4000000074548590,http://www.ordnancesurvey.co.uk/xml/codelists/localtype.xml#town,,,,Argyll and Bute,http://data.ordnancesurvey.co.uk/id/7000000000030106,http://data.ordnancesurvey.co.uk/ontology/admingeo/UnitaryAuthority,Scotland,http://data.ordnancesurvey.co.uk/id/7000000000041429,Scotland,http://data.ordnancesurvey.co.uk/id/country/scotland,,,
PA756QB,http://data.ordnancesurvey.co.uk/id/postcodeunit/PA756QB,PA75 6QB,,,,other,Postcode,151497.000,753636.200,3500,18000,,,,,,,Tobermory,http://data.ordnancesurvey.co.uk/id/4000000074548590,http://www.ordnancesurvey.co.uk/xml/codelists/localtype.xml#town,,,,Argyll and Bute,http://data.ordnancesurvey.co.uk/id/7000000000030106,http://data.ordnancesurvey.co.uk/ontology/admingeo/UnitaryAuthority,Scotland,http://data.ordnancesurvey.co.uk/id/7000000000041429,Scotland,http://data.ordnancesurvey.co.uk/id/country/scotland,,,
PA805XZ,http://data.ordnancesurvey.co.uk/id/postcodeunit/PA805XZ,PA80 5XZ,,,,other,Postcode,156519.176,752673.360,3500,18000,,,,,,,,,,,,,Highland,http://data.ordnancesurvey.co.uk/id/7000000000029638,http://data.ordnancesurvey.co.uk/ontology/admingeo/UnitaryAuthority,Scotland,http://data.ordnancesurvey.co.uk/id/7000000000041429,Scotland,http://data.ordnancesurvey.co.uk/id/country/scotland,,,
PA726LB,http://data.ordnancesurvey.co.uk/id/postcodeunit/PA726LB,PA72 6LB,,,,other,Postcode,157153.500,742994.100,3500,18000,,,,,,,Salen,http://data.ordnancesurvey.co.uk/id/4000000074552727,http://www.ordnancesurvey.co.uk/xml/codelists/localtype.xml#village,,,,Argyll and Bute,http://data.ordnancesurvey.co.uk/id/7000000000030106,http://data.ordnancesurvey.co.uk/ontology/admingeo/UnitaryAuthority,Scotland,http://data.ordnancesurvey.co.uk/id/7000000000041429,Scotland,http://data.ordnancesurvey.co.uk/id/country/scotland,,,
PA756AB,http://data.ordnancesurvey.co.uk/id/postcodeunit/PA756AB,PA75 6AB,,,,other,Postcode,150051.900,755057.600,3500,18000,,,,,,,Tobermory,http://data.ordnancesurvey.co.uk/id/4000000074548590,http://www.ordnancesurvey.co.uk/xml/codelists/localtype.xml#town,,,,Argyll and Bute,http://data.ordnancesurvey.co.uk/id/7000000000030106,http://data.ordnancesurvey.co.uk/ontology/admingeo/UnitaryAuthority,Scotland,http://data.ordnancesurvey.co.uk/id/7000000000041429,Scotland,http://data.ordnancesurvey.co.uk/id/country/scotland,,,
PA756QD,http://data.ordnancesurvey.co.uk/id/postcodeunit/PA756QD,PA75 6QD,,,,other,Postcode,145406.876,756316.406,3500,18000,,,,,,,,,,,,,Argyll and Bute,http://data.ordnancesurvey.co.uk/id/7000000000030106,http://data.ordnancesurvey.co.uk/ontology/admingeo/UnitaryAuthority,Scotland,http://data.ordnancesurvey.co.uk/id/7000000000041429,Scotland,http://data.ordnancesurvey.co.uk/id/country/scotland,,,
PA726JB,http://data.ordnancesurvey.co.uk/id/postcodeunit/PA726JB,PA72 6JB,,,,other,Postcode,157609.475,743087.897,3500,18000,,,,,,,Salen,http://data.ordnancesurvey.co.uk/id/4000000074552727,http://www.ordnancesurvey.co.uk/xml/codelists/localtype.xml#village,,,,Argyll and Bute,http://data.ordnancesurvey.co.uk/id/7000000000030106,http://data.ordnancesurvey.co.uk/ontology/admingeo/UnitaryAuthority,Scotland,http://data.ordnancesurvey.co.uk/id/7000000000041429,Scotland,http://data.ordnancesurvey.co.uk/id/country/scotland,,,
PA756AF,http://data.ordnancesurvey.co.uk/id/postcodeunit/PA756AF,PA75 6AF,,,,other,Postcode,150761.100,755585.100,3500,18000,,,,,,,Tobermory,http://data.ordnancesurvey.co.uk/id/4000000074548590,http://www.ordnancesurvey.co.uk/xml/codelists/localtype.xml#town,,,,Argyll and Bute,http://data.ordnancesurvey.co.uk/id/7000000000030106,http://data.ordnancesurvey.co.uk/ontology/admingeo/UnitaryAuthority,Scotland,http://data.ordnancesurvey.co.uk/id/7000000000041429,Scotland,http://data.ordnancesurvey.co.uk/id/country/scotland,,,
PA736LU,http://data.ordnancesurvey.co.uk/id/postcodeunit/PA736LU,PA73 6LU,,,,other,Postcode,143105.183,743498.483,3500,18000,,,,,,,Ballygown,http://data.ordnancesurvey.co.uk/id/4000000074553473,http://www.ordnancesurvey.co.uk/xml/codelists/localtype.xml#hamlet,,,,Argyll and Bute,http://data.ordnancesurvey.co.uk/id/7000000000030106,http://data.ordnancesurvey.co.uk/ontology/admingeo/UnitaryAuthority,Scotland,http://data.ordnancesurvey.co.uk/id/7000000000041429,Scotland,http://data.ordnancesurvey.co.uk/id/country/scotland,,,
osgb4000000004232805,http://data.ordnancesurvey.co.uk/id/osgb4000000004232805,Argyll Terrace,,,,transportNetwork,Named Road,150408.000,755259.000,2000,20000,150342.000,755104.000,150460.000,755411.000,PA75,http://data.ordnancesurvey.co.uk/id/postcodedistrict/PA75,Tobermory,http://data.ordnancesurvey.co.uk/id/4000000074548590,http://www.ordnancesurvey.co.uk/xml/codelists/localtype.xml#town,,,,Argyll and Bute,http://data.ordnancesurvey.co.uk/id/7000000000030106,http://data.ordnancesurvey.co.uk/ontology/admingeo/UnitaryAuthority,Scotland,http://data.ordnancesurvey.co.uk/id/7000000000041429,Scotland,http://data.ordnancesurvey.co.uk/id/country/scotland,,,
osgb4000000004232807,http://data.ordnancesurvey.co.uk/id/osgb4000000004232807,Viewmount Drive,,,,transportNetwork,Named Road,150324.000,755468.000,1000,20000,150265.000,755403.300,150384.550,755539.000,PA75,http://data.ordnancesurvey.co.uk/id/postcodedistrict/PA75,Tobermory,http://data.ordnancesurvey.co.uk/id/4000000074548590,http://www.ordnancesurvey.co.uk/xml/codelists/localtype.xml#town,,,,Argyll and Bute,http://data.ordnancesurvey.co.uk/id/7000000000030106,http://data.ordnancesurvey.co.uk/ontology/admingeo/UnitaryAuthority,Scotland,http://data.ordnancesurvey.co.uk/id/7000000000041429,Scotland,http://data.ordnancesurvey.co.uk/id/country/scotland,,,
osgb4000000004232764,http://data.ordnancesurvey.co.uk/id/osgb4000000004232764,Eas Brae,,,,transportNetwork,Named Road,150357.000,754986.000,2000,20000,150232.000,754817.000,150414.000,755121.000,PA75,http://data.ordnancesurvey.co.uk/id/postcodedistrict/PA75,Tobermory,http://data.ordnancesurvey.co.uk/id/4000000074548590,http://www.ordnancesurvey.co.uk/xml/codelists/localtype.xml#town,,,,Argyll and Bute,http://data.ordnancesurvey.co.uk/id/7000000000030106,http://data.ordnancesurvey.co.uk/ontology/admingeo/UnitaryAuthority,Scotland,http://data.ordnancesurvey.co.uk/id/7000000000041429,Scotland,http://data.ordnancesurvey.co.uk/id/country/scotland,,,
osgb4000000004233010,http://data.ordnancesurvey.co.uk/id/osgb4000000004233010,A848,,,,transportNetwork,Numbered Road,154335.480,749490.494,79000,1000000,150218.000,743095.000,157777.500,755325.000,PA72,http://data.ordnancesurvey.co.uk/id/postcodedistrict/PA72,,,,,,,Argyll and Bute,http://data.ordnancesurvey.co.uk/id/7000000000030106,http://data.ordnancesurvey.co.uk/ontology/admingeo/UnitaryAuthority,Scotland,http://data.ordnancesurvey.co.uk/id/7000000000041429,Scotland,http://data.ordnancesurvey.co.uk/id/country/scotland,,,
osgb4000000004232755,http://data.ordnancesurvey.co.uk/id/osgb4000000004232755,Ardmor Road,,,,transportNetwork,Named Road,157708.980,743523.030,5000,20000,157352.851,743095.494,157777.500,743892.250,PA72,http://data.ordnancesurvey.co.uk/id/postcodedistrict/PA72,Salen,http://data.ordnancesurvey.co.uk/id/4000000074552727,http://www.ordnancesurvey.co.uk/xml/codelists/localtype.xml#village,,,,Argyll and Bute,http://data.ordnancesurvey.co.uk/id/7000000000030106,http://data.ordnancesurvey.co.uk/ontology/admingeo/UnitaryAuthority,Scotland,http://data.ordnancesurvey.co.uk/id/7000000000041429,Scotland,http://data.ordnancesurvey.co.uk/id/country/scotland,,,
osgb4000000004232878,http://data.ordnancesurvey.co.uk/id/osgb4000000004232878,Western Road,,,,transportNetwork,Named Road,150645.000,755544.000,1000,20000,150549.000,755438.000,150713.000,755648.000,PA75,http://data.ordnancesurvey.co.uk/id/postcodedistrict/PA75,Tobermory,http://data.ordnancesurvey.co.uk/id/4000000074548590,http://www.ordnancesurvey.co.uk/xml/codelists/localtype.xml#town,,,,Argyll and Bute,http://data.ordnancesurvey.co.uk/id/7000000000030106,http://data.ordnancesurvey.co.uk/ontology/admingeo/UnitaryAuthority,Scotland,http://data.ordnancesurvey.co.uk/id/7000000000041429,Scotland,http://data.ordnancesurvey.co.uk/id/country/scotland,,,
osgb4000000004232874,http://data.ordnancesurvey.co.uk/id/osgb4000000004232874,Riverside Court,,,,transportNetwork,Named Road,150125.570,754860.242,1000,20000,150074.000,754845.630,150185.675,754902.000,PA75,http://data.ordnancesurvey.co.uk/id/postcodedistrict/PA75,Tobermory,http://data.ordnancesurvey.co.uk/id/4000000074548590,http://www.ordnancesurvey.co.uk/xml/codelists/localtype.xml#town,,,,Argyll and Bute,http://data.ordnancesurvey.co.uk/id/7000000000030106,http://data.ordnancesurvey.co.uk/ontology/admingeo/UnitaryAuthority,Scotland,http://data.ordnancesurvey.co.uk/id/7000000000041429,Scotland,http://data.ordnancesurvey.co.uk/id/country/scotland,,,
osgb4000000004232766,http://data.ordnancesurvey.co.uk/id/osgb4000000004232766,Rockfield Road,,,,transportNetwork,Named Road,150011.000,755014.000,3000,20000,149813.162,754881.000,150207.000,755131.344,PA75,http://data.ordnancesurvey.co.uk/id/postcodedistrict/PA75,Tobermory,http://data.ordnancesurvey.co.uk/id/4000000074548590,http://www.ordnancesurvey.co.uk/xml/codelists/localtype.xml#town,,,,Argyll and Bute,http://data.ordnancesurvey.co.uk/id/7000000000030106,http://data.ordnancesurvey.co.uk/ontology/admingeo/UnitaryAuthority,Scotland,http://data.ordnancesurvey.co.uk/id/7000000000041429,Scotland,http://data.ordnancesurvey.co.uk/id/country/scotland,,,
osgb4000000004232765,http://data.ordnancesurvey.co.uk/id/osgb4000000004232765,Dervaig Road,,,,transportNetwork,Named Road,150192.000,755309.000,1000,20000,150145.785,755299.077,150224.000,755331.000,PA75,http://data.ordnancesurvey.co.uk/id/postcodedistrict/PA75,Tobermory,http://data.ordnancesurvey.co.uk/id/4000000074548590,http://www.ordnancesurvey.co.uk/xml/codelists/localtype.xml#town,,,,Argyll and Bute,http://data.ordnancesurvey.co.uk/id/7000000000030106,http://data.ordnancesurvey.co.uk/ontology/admingeo/UnitaryAuthority,Scotland,http://data.ordnancesurvey.co.uk/id/7000000000041429,Scotland,http://data.ordnancesurvey.co.uk/id/country/scotland,,,
osgb4000000004232804,http://data.ordnancesurvey.co.uk/id/osgb4000000004232804,Albert Street,,,,transportNetwork,Named Road,150315.000,755296.000,1000,20000,150224.000,755259.000,150408.000,755331.000,PA75,http://data.ordnancesurvey.co.uk/id/postcodedistrict/PA75,Tobermory,http://data.ordnancesurvey.co.uk/id/4000000074548590,http://www.ordnancesurvey.co.uk/xml/codelists/localtype.xml#town,,,,Argyll and Bute,http://data.ordnancesurvey.co.uk/id/7000000000030106,http://data.ordnancesurvey.co.uk/ontology/admingeo/UnitaryAuthority,Scotland,http://data.ordnancesurvey.co.uk/id/7000000000041429,Scotland,http://data.ordnancesurvey.co.uk/id/country/scotland,,,
osgb4000000004232767,http://data.ordnancesurvey.co.uk/id/osgb4000000004232767,Breadalbane Street,,,,transportNetwork,Named Road,150338.000,755287.000,2000,20000,150236.000,755139.000,150426.000,755435.000,PA75,http://data.ordnancesurvey.co.uk/id/postcodedistrict/PA75,Tobermory,http://data.ordnancesurvey.co.uk/id/4000000074548590,http://www.ordnancesurvey.co.uk/xml/codelists/localtype.xml#town,,,,Argyll and Bute,http://data.ordnancesurvey.co.uk/id/7000000000030106,http://data.ordnancesurvey.co.uk/ontology/admingeo/UnitaryAuthority,Scotland,http://data.ordnancesurvey.co.uk/id/7000000000041429,Scotland,http://data.ordnancesurvey.co.uk/id/country/scotland,,,
osgb4000000004232875,http://data.ordnancesurvey.co.uk/id/osgb4000000004232875,West Street,,,,transportNetwork,Named Road,150310.000,755214.000,1000,20000,150271.000,755183.000,150379.000,755230.000,PA75,http://data.ordnancesurvey.co.uk/id/postcodedistrict/PA75,Tobermory,http://data.ordnancesurvey.co.uk/id/4000000074548590,http://www.ordnancesurvey.co.uk/xml/codelists/localtype.xml#town,,,,Argyll and Bute,http://data.ordnancesurvey.co.uk/id/7000000000030106,http://data.ordnancesurvey.co.uk/ontology/admingeo/UnitaryAuthority,Scotland,http://data.ordnancesurvey.co.uk/id/7000000000041429,Scotland,http://data.ordnancesurvey.co.uk/id/country/scotland,,,
osgb4000000004232942,http://data.ordnancesurvey.co.uk/id/osgb4000000004232942,Jarvisfield Place,,,,transportNetwork,Named Road,157172.212,742982.738,1000,20000,157169.696,742949.000,157182.000,742988.794,PA72,http://data.ordnancesurvey.co.uk/id/postcodedistrict/PA72,Salen,http://data.ordnancesurvey.co.uk/id/4000000074552727,http://www.ordnancesurvey.co.uk/xml/codelists/localtype.xml#village,,,,Argyll and Bute,http://data.ordnancesurvey.co.uk/id/7000000000030106,http://data.ordnancesurvey.co.uk/ontology/admingeo/UnitaryAuthority,Scotland,http://data.ordnancesurvey.co.uk/id/7000000000041429,Scotland,http://data.ordnancesurvey.co.uk/id/country/scotland,,,
ab83cab1-22b1-4d92-bfa5-21b92ccf5a14,http://data.ordnancesurvey.co.uk/id/ab83cab1-22b1-4d92-bfa5-21b92ccf5a14,Craigspuir Lane,,,,transportNetwork,Section Of Named Road,150187.000,755520.000,1000,25000,150079.378,755412.533,150244.494,755624.704,PA75,http://data.ordnancesurvey.co.uk/id/postcodedistrict/PA75,Tobermory,http://data.ordnancesurvey.co.uk/id/4000000074548590,http://www.ordnancesurvey.co.uk/xml/codelists/localtype.xml#town,,,,Argyll and Bute,http://data.ordnancesurvey.co.uk/id/7000000000030106,http://data.ordnancesurvey.co.uk/ontology/admingeo/UnitaryAuthority,Scotland,http://data.ordnancesurvey.co.uk/id/7000000000041429,Scotland,http://data.ordnancesurvey.co.uk/id/country/scotland,osgb4000000004232806,,
osgb4000000004232806,http://data.ordnancesurvey.co.uk/id/osgb4000000004232806,Craigspuir Lane,,,,transportNetwork,Named Road,150157.000,755559.000,2000,20000,150024.000,755412.533,150244.494,755652.000,PA75,http://data.ordnancesurvey.co.uk/id/postcodedistrict/PA75,Tobermory,http://data.ordnancesurvey.co.uk/id/4000000074548590,http://www.ordnancesurvey.co.uk/xml/codelists/localtype.xml#town,,,,Argyll and Bute,http://data.ordnancesurvey.co.uk/id/7000000000030106,http://data.ordnancesurvey.co.uk/ontology/admingeo/UnitaryAuthority,Scotland,http://data.ordnancesurvey.co.uk/id/7000000000041429,Scotland,http://data.ordnancesurvey.co.uk/id/country/scotland,,,
osgb4000000004232756,http://data.ordnancesurvey.co.uk/id/osgb4000000004232756,Main Street,,,,transportNetwork,Named Road,150521.000,755269.000,2000,20000,150414.000,755121.000,150754.000,755325.000,PA75,http://data.ordnancesurvey.co.uk/id/postcodedistrict/PA75,Tobermory,http://data.ordnancesurvey.co.uk/id/4000000074548590,http://www.ordnancesurvey.co.uk/xml/codelists/localtype.xml#town,,,,Argyll and Bute,http://data.ordnancesurvey.co.uk/id/7000000000030106,http://data.ordnancesurvey.co.uk/ontology/admingeo/UnitaryAuthority,Scotland,http://data.ordnancesurvey.co.uk/id/7000000000041429,Scotland,http://data.ordnancesurvey.co.uk/id/country/scotland,,,
osgb4000000004232872,http://data.ordnancesurvey.co.uk/id/osgb4000000004232872,Jarvisfield Road,,,,transportNetwork,Named Road,157207.000,742957.000,1000,20000,157156.956,742941.294,157245.000,742969.000,PA72,http://data.ordnancesurvey.co.uk/id/postcodedistrict/PA72,Salen,http://data.ordnancesurvey.co.uk/id/4000000074552727,http://www.ordnancesurvey.co.uk/xml/codelists/localtype.xml#village,,,,Argyll and Bute,http://data.ordnancesurvey.co.uk/id/7000000000030106,http://data.ordnancesurvey.co.uk/ontology/admingeo/UnitaryAuthority,Scotland,http://data.ordnancesurvey.co.uk/id/7000000000041429,Scotland,http://data.ordnancesurvey.co.uk/id/country/scotland,,,
osgb4000000004234452,http://data.ordnancesurvey.co.uk/id/osgb4000000004234452,Druimfin Gardens,,,,transportNetwork,Named Road,150034.000,755061.000,1000,20000,150004.958,755020.000,150068.084,755082.599,PA75,http://data.ordnancesurvey.co.uk/id/postcodedistrict/PA75,Tobermory,http://data.ordnancesurvey.co.uk/id/4000000074548590,http://www.ordnancesurvey.co.uk/xml/codelists/localtype.xml#town,,,,Argyll and Bute,http://data.ordnancesurvey.co.uk/id/7000000000030106,http://data.ordnancesurvey.co.uk/ontology/admingeo/UnitaryAuthority,Scotland,http://data.ordnancesurvey.co.uk/id/7000000000041429,Scotland,http://data.ordnancesurvey.co.uk/id/country/scotland,,,
osgb4000000004232810,http://data.ordnancesurvey.co.uk/id/osgb4000000004232810,Raeric Road,,,,transportNetwork,Named Road,150423.000,755630.000,1000,20000,150349.000,755546.000,150485.000,755725.000,PA75,http://data.ordnancesurvey.co.uk/id/postcodedistrict/PA75,Tobermory,http://data.ordnancesurvey.co.uk/id/4000000074548590,http://www.ordnancesurvey.co.uk/xml/codelists/localtype.xml#town,,,,Argyll and Bute,http://data.ordnancesurvey.co.uk/id/7000000000030106,http://data.ordnancesurvey.co.uk/ontology/admingeo/UnitaryAuthority,Scotland,http://data.ordnancesurvey.co.uk/id/7000000000041429,Scotland,http://data.ordnancesurvey.co.uk/id/country/scotland,,,
osgb5000005100224063,http://data.ordnancesurvey.co.uk/id/osgb5000005100224063,Struan Crescent,,,,transportNetwork,Named Road,150504.633,754291.153,1000,20000,150454.736,754279.591,150560.818,754325.671,PA75,http://data.ordnancesurvey.co.uk/id/postcodedistrict/PA75,Tobermory,http://data.ordnancesurvey.co.uk/id/4000000074548590,http://www.ordnancesurvey.co.uk/xml/codelists/localtype.xml#town,,,,Argyll and Bute,http://data.ordnancesurvey.co.uk/id/7000000000030106,http://data.ordnancesurvey.co.uk/ontology/admingeo/UnitaryAuthority,Scotland,http://data.ordnancesurvey.co.uk/id/7000000000041429,Scotland,http://data.ordnancesurvey.co.uk/id/country/scotland,,,
osgb4000000004232876,http://data.ordnancesurvey.co.uk/id/osgb4000000004232876,Erray Road,,,,transportNetwork,Named Road,150560.400,755896.446,5000,20000,150397.527,755470.155,150624.000,756225.000,PA75,http://data.ordnancesurvey.co.uk/id/postcodedistrict/PA75,Tobermory,http://data.ordnancesurvey.co.uk/id/4000000074548590,http://www.ordnancesurvey.co.uk/xml/codelists/localtype.xml#town,,,,Argyll and Bute,http://data.ordnancesurvey.co.uk/id/7000000000030106,http://data.ordnancesurvey.co.uk/ontology/admingeo/UnitaryAuthority,Scotland,http://data.ordnancesurvey.co.uk/id/7000000000041429,Scotland,http://data.ordnancesurvey.co.uk/id/country/scotland,,,
osgb4000000004234584,http://data.ordnancesurvey.co.uk/id/osgb4000000004234584,B8073,,,,transportNetwork,Numbered Road,143226.800,743436.150,123000,250000,135838.000,739540.000,154696.000,755131.344,PA73,http://data.ordnancesurvey.co.uk/id/postcodedistrict/PA73,Ballygown,http://data.ordnancesurvey.co.uk/id/4000000074553473,http://www.ordnancesurvey.co.uk/xml/codelists/localtype.xml#hamlet,,,,Argyll and Bute,http://data.ordnancesurvey.co.uk/id/7000000000030106,http://data.ordnancesurvey.co.uk/ontology/admingeo/UnitaryAuthority,Scotland,http://data.ordnancesurvey.co.uk/id/7000000000041429,Scotland,http://data.ordnancesurvey.co.uk/id/country/scotland,,,
osgb4000000004232808,http://data.ordnancesurvey.co.uk/id/osgb4000000004232808,Victoria Street,,,,transportNetwork,Named Road,150320.000,755380.000,1000,20000,150244.494,755338.000,150438.000,755412.533,PA75,http://data.ordnancesurvey.co.uk/id/postcodedistrict/PA75,Tobermory,http://data.ordnancesurvey.co.uk/id/4000000074548590,http://www.ordnancesurvey.co.uk/xml/codelists/localtype.xml#town,,,,Argyll and Bute,http://data.ordnancesurvey.co.uk/id/7000000000030106,http://data.ordnancesurvey.co.uk/ontology/admingeo/UnitaryAuthority,Scotland,http://data.ordnancesurvey.co.uk/id/7000000000041429,Scotland,http://data.ordnancesurvey.co.uk/id/country/scotland,,,
osgb4000000004232943,http://data.ordnancesurvey.co.uk/id/osgb4000000004232943,Glen Iosal,,,,transportNetwork,Named Road,150204.000,755168.000,1000,20000,150174.400,755139.000,150236.000,755194.650,PA75,http://data.ordnancesurvey.co.uk/id/postcodedistrict/PA75,Tobermory,http://data.ordnancesurvey.co.uk/id/4000000074548590,http://www.ordnancesurvey.co.uk/xml/codelists/localtype.xml#town,,,,Argyll and Bute,http://data.ordnancesurvey.co.uk/id/7000000000030106,http://data.ordnancesurvey.co.uk/ontology/admingeo/UnitaryAuthority,Scotland,http://data.ordnancesurvey.co.uk/id/7000000000041429,Scotland,http://data.ordnancesurvey.co.uk/id/country/scotland,,,
osgb4000000004232768,http://data.ordnancesurvey.co.uk/id/osgb4000000004232768,Breadalbane Lane,,,,transportNetwork,Named Road,150365.000,755248.000,2000,20000,150247.000,755150.000,150405.000,755381.000,PA75,http://data.ordnancesurvey.co.uk/id/postcodedistrict/PA75,Tobermory,http://data.ordnancesurvey.co.uk/id/4000000074548590,http://www.ordnancesurvey.co.uk/xml/codelists/localtype.xml#town,,,,Argyll and Bute,http://data.ordnancesurvey.co.uk/id/7000000000030106,http://data.ordnancesurvey.co.uk/ontology/admingeo/UnitaryAuthority,Scotland,http://data.ordnancesurvey.co.uk/id/7000000000041429,Scotland,http://data.ordnancesurvey.co.uk/id/country/scotland,,,
osgb4000000004233017,http://data.ordnancesurvey.co.uk/id/osgb4000000004233017,B882,,,,transportNetwork,Numbered Road,150266.000,755314.000,6000,250000,149813.162,755131.344,150684.000,755412.567,PA75,http://data.ordnancesurvey.co.uk/id/postcodedistrict/PA75,Tobermory,http://data.ordnancesurvey.co.uk/id/4000000074548590,http://www.ordnancesurvey.co.uk/xml/codelists/localtype.xml#town,,,,Argyll and Bute,http://data.ordnancesurvey.co.uk/id/7000000000030106,http://data.ordnancesurvey.co.uk/ontology/admingeo/UnitaryAuthority,Scotland,http://data.ordnancesurvey.co.uk/id/7000000000041429,Scotland,http://data.ordnancesurvey.co.uk/id/country/scotland,,,
osgb4000000004232763,http://data.ordnancesurvey.co.uk/id/osgb4000000004232763,Bentalla Crescent,,,,transportNetwork,Named Road,157504.669,743357.444,1000,20000,157482.833,743251.000,157528.000,743470.652,PA72,http://data.ordnancesurvey.co.uk/id/postcodedistrict/PA72,Salen,http://data.ordnancesurvey.co.uk/id/4000000074552727,http://www.ordnancesurvey.co.uk/xml/codelists/localtype.xml#village,,,,Argyll and Bute,http://data.ordnancesurvey.co.uk/id/7000000000030106,http://data.ordnancesurvey.co.uk/ontology/admingeo/UnitaryAuthority,Scotland,http://data.ordnancesurvey.co.uk/id/7000000000041429,Scotland,http://data.ordnancesurvey.co.uk/id/country/scotland,,,
PA756PB,http://data.ordnancesurvey.co.uk/id/postcodeunit/PA756PB,PA75 6PB,,,,other,Postcode,150406.600,755271.300,3500,18000,,,,,,,Tobermory,http://data.ordnancesurvey.co.uk/id/4000000074548590,http://www.ordnancesurvey.co.uk/xml/codelists/localtype.xml#town,,,,Argyll and Bute,http://data.ordnancesurvey.co.uk/id/7000000000030106,http://data.ordnancesurvey.co.uk/ontology/admingeo/UnitaryAuthority,Scotland,http://data.ordnancesurvey.co.uk/id/7000000000041429,Scotland,http://data.ordnancesurvey.co.uk/id/country/scotland,,,
PA756PL,http://data.ordnancesurvey.co.uk/id/postcodeunit/PA756PL,PA75 6PL,,,,other,Postcode,150217.700,755266.600,3500,18000,,,,,,,Tobermory,http://data.ordnancesurvey.co.uk/id/4000000074548590,http://www.ordnancesurvey.co.uk/xml/codelists/localtype.xml#town,,,,Argyll and Bute,http://data.ordnancesurvey.co.uk/id/7000000000030106,http://data.ordnancesurvey.co.uk/ontology/admingeo/UnitaryAuthority,Scotland,http://data.ordnancesurvey.co.uk/id/7000000000041429,Scotland,http://data.ordnancesurvey.co.uk/id/country/scotland,,,
PA756PT,http://data.ordnancesurvey.co.uk/id/postcodeunit/PA756PT,PA75 6PT,,,,other,Postcode,150503.700,755637.700,3500,18000,,,,,,,Tobermory,http://data.ordnancesurvey.co.uk/id/4000000074548590,http://www.ordnancesurvey.co.uk/xml/codelists/localtype.xml#town,,,,Argyll and Bute,http://data.ordnancesurvey.co.uk/id/7000000000030106,http://data.ordnancesurvey.co.uk/ontology/admingeo/UnitaryAuthority,Scotland,http://data.ordnancesurvey.co.uk/id/7000000000041429,Scotland,http://data.ordnancesurvey.co.uk/id/country/scotland,,,
PA726JD,http://data.ordnancesurvey.co.uk/id/postcodeunit/PA726JD,PA72 6JD,,,,other,Postcode,157422.500,743114.000,3500,18000,,,,,,,Salen,http://data.ordnancesurvey.co.uk/id/4000000074552727,http://www.ordnancesurvey.co.uk/xml/codelists/localtype.xml#village,,,,Argyll and Bute,http://data.ordnancesurvey.co.uk/id/7000000000030106,http://data.ordnancesurvey.co.uk/ontology/admingeo/UnitaryAuthority,Scotland,http://data.ordnancesurvey.co.uk/id/7000000000041429,Scotland,http://data.ordnancesurvey.co.uk/id/country/scotland,,,
PA756QP,http://data.ordnancesurvey.co.uk/id/postcodeunit/PA756QP,PA75 6QP,,,,other,Postcode,150193.200,755222.700,3500,18000,,,,,,,Tobermory,http://data.ordnancesurvey.co.uk/id/4000000074548590,http://www.ordnancesurvey.co.uk/xml/codelists/localtype.xml#town,,,,Argyll and Bute,http://data.ordnancesurvey.co.uk/id/7000000000030106,http://data.ordnancesurvey.co.uk/ontology/admingeo/UnitaryAuthority,Scotland,http://data.ordnancesurvey.co.uk/id/7000000000041429,Scotland,http://data.ordnancesurvey.co.uk/id/country/scotland,,,
PA726JQ,http://data.ordnancesurvey.co.uk/id/postcodeunit/PA726JQ,PA72 6JQ,,,,other,Postcode,157227.300,743124.600,3500,18000,,,,,,,Salen,http://data.ordnancesurvey.co.uk/id/4000000074552727,http://www.ordnancesurvey.co.uk/xml/codelists/localtype.xml#village,,,,Argyll and Bute,http://data.ordnancesurvey.co.uk/id/7000000000030106,http://data.ordnancesurvey.co.uk/ontology/admingeo/UnitaryAuthority,Scotland,http://data.ordnancesurvey.co.uk/id/7000000000041429,Scotland,http://data.ordnancesurvey.co.uk/id/country/scotland,,,
osgb4000000004232877,http://data.ordnancesurvey.co.uk/id/osgb4000000004232877,Middle Brae,,,,transportNetwork,Named Road,150481.000,755364.000,1000,20000,150453.000,755302.000,150496.000,755403.000,PA75,http://data.ordnancesurvey.co.uk/id/postcodedistrict/PA75,Tobermory,http://data.ordnancesurvey.co.uk/id/4000000074548590,http://www.ordnancesurvey.co.uk/xml/codelists/localtype.xml#town,,,,Argyll and Bute,http://data.ordnancesurvey.co.uk/id/7000000000030106,http://data.ordnancesurvey.co.uk/ontology/admingeo/UnitaryAuthority,Scotland,http://data.ordnancesurvey.co.uk/id/7000000000041429,Scotland,http://data.ordnancesurvey.co.uk/id/country/scotland,,,
0a2b8f8c-8195-4a0c-87e7-d1f275a51be5,http://data.ordnancesurvey.co.uk/id/0a2b8f8c-8195-4a0c-87e7-d1f275a51be5,B8073,,,,transportNetwork,Section Of Numbered Road,149654.931,754870.650,7000,25000,149157.783,754552.313,150221.000,755131.344,PA75,http://data.ordnancesurvey.co.uk/id/postcodedistrict/PA75,Tobermory,http://data.ordnancesurvey.co.uk/id/4000000074548590,http://www.ordnancesurvey.co.uk/xml/codelists/localtype.xml#town,,,,Argyll and Bute,http://data.ordnancesurvey.co.uk/id/7000000000030106,http://data.ordnancesurvey.co.uk/ontology/admingeo/UnitaryAuthority,Scotland,http://data.ordnancesurvey.co.uk/id/7000000000041429,Scotland,http://data.ordnancesurvey.co.uk/id/country/scotland,osgb4000000004234584,,
osgb4000000004232809,http://data.ordnancesurvey.co.uk/id/osgb4000000004232809,Back Brae,,,,transportNetwork,Named Road,150586.838,755364.879,1000,20000,150460.000,755298.000,150684.000,755412.567,PA75,http://data.ordnancesurvey.co.uk/id/postcodedistrict/PA75,Tobermory,http://data.ordnancesurvey.co.uk/id/4000000074548590,http://www.ordnancesurvey.co.uk/xml/codelists/localtype.xml#town,,,,Argyll and Bute,http://data.ordnancesurvey.co.uk/id/7000000000030106,http://data.ordnancesurvey.co.uk/ontology/admingeo/UnitaryAuthority,Scotland,http://data.ordnancesurvey.co.uk/id/7000000000041429,Scotland,http://data.ordnancesurvey.co.uk/id/country/scotland,,,
osgb5000005104964205,http://data.ordnancesurvey.co.uk/id/osgb5000005104964205,Morvern Drive,,,,transportNetwork,Named Road,150496.294,754349.543,1000,20000,150455.626,754325.671,150540.646,754379.769,PA75,http://data.ordnancesurvey.co.uk/id/postcodedistrict/PA75,Tobermory,http://data.ordnancesurvey.co.uk/id/4000000074548590,http://www.ordnancesurvey.co.uk/xml/codelists/localtype.xml#town,,,,Argyll and Bute,http://data.ordnancesurvey.co.uk/id/7000000000030106,http://data.ordnancesurvey.co.uk/ontology/admingeo/UnitaryAuthority,Scotland,http://data.ordnancesurvey.co.uk/id/7000000000041429,Scotland,http://data.ordnancesurvey.co.uk/id/country/scotland,,,
fda2ba89-d231-4a4d-bc66-d1c65c9c5f70,http://data.ordnancesurvey.co.uk/id/fda2ba89-d231-4a4d-bc66-d1c65c9c5f70,A848,,,,transportNetwork,Section Of Numbered Road,151121.000,753955.000,15000,25000,150218.000,752986.106,152236.058,755325.000,PA75,http://data.ordnancesurvey.co.uk/id/postcodedistrict/PA75,Tobermory,http://data.ordnancesurvey.co.uk/id/4000000074548590,http://www.ordnancesurvey.co.uk/xml/codelists/localtype.xml#town,,,,Argyll and Bute,http://data.ordnancesurvey.co.uk/id/7000000000030106,http://data.ordnancesurvey.co.uk/ontology/admingeo/UnitaryAuthority,Scotland,http://data.ordnancesurvey.co.uk/id/7000000000041429,Scotland,http://data.ordnancesurvey.co.uk/id/country/scotland,osgb4000000004233010,,
