osgb4000000074334456,http://data.ordnancesurvey.co.uk/id/osgb4000000074334456,Strathtummel,,,,populatedPlace,Other Settlement,281923.950,760167.730,15000,25000,281040.440,759757.841,282225.032,760711.078,PH16,http://data.ordnancesurvey.co.uk/id/postcodedistrict/PH16,,,,,,,Perth and Kinross,http://data.ordnancesurvey.co.uk/id/7000000000030110,http://data.ordnancesurvey.co.uk/ontology/admingeo/UnitaryAuthority,Scotland,http://data.ordnancesurvey.co.uk/id/7000000000041429,Scotland,http://data.ordnancesurvey.co.uk/id/country/scotland,,,
osgb4000000074548665,http://data.ordnancesurvey.co.uk/id/osgb4000000074548665,Blair Atholl,,,,populatedPlace,Village,287136.000,765351.000,16000,250000,286497.879,764560.956,288853.130,766993.610,PH18,http://data.ordnancesurvey.co.uk/id/postcodedistrict/PH18,,,,,,,Perth and Kinross,http://data.ordnancesurvey.co.uk/id/7000000000030110,http://data.ordnancesurvey.co.uk/ontology/admingeo/UnitaryAuthority,Scotland,http://data.ordnancesurvey.co.uk/id/7000000000041429,Scotland,http://data.ordnancesurvey.co.uk/id/country/scotland,,http://dbpedia.org/resource/Blair_Atholl,http://sws.geonames.org/2655397
osgb4000000074548664,http://data.ordnancesurvey.co.uk/id/osgb4000000074548664,Aldclune,,,,populatedPlace,Hamlet,290139.000,763584.000,5000,25000,289672.054,763235.445,290856.556,764025.999,PH16,http://data.ordnancesurvey.co.uk/id/postcodedistrict/PH16,,,,,,,Perth and Kinross,http://data.ordnancesurvey.co.uk/id/7000000000030110,http://data.ordnancesurvey.co.uk/ontology/admingeo/UnitaryAuthority,Scotland,http://data.ordnancesurvey.co.uk/id/7000000000041429,Scotland,http://data.ordnancesurvey.co.uk/id/country/scotland,,http://dbpedia.org/resource/Aldclune,
osgb4000000074543050,http://data.ordnancesurvey.co.uk/id/osgb4000000074543050,Old Bridge of Tilt,,,,populatedPlace,Suburban Area,287649.800,766365.020,2000,25000,287436.458,766160.632,287936.458,766660.632,PH18,http://data.ordnancesurvey.co.uk/id/postcodedistrict/PH18,,,,,,,Perth and Kinross,http://data.ordnancesurvey.co.uk/id/7000000000030110,http://data.ordnancesurvey.co.uk/ontology/admingeo/UnitaryAuthority,Scotland,http://data.ordnancesurvey.co.uk/id/7000000000041429,Scotland,http://data.ordnancesurvey.co.uk/id/country/scotland,,,
osgb4000000074334767,http://data.ordnancesurvey.co.uk/id/osgb4000000074334767,Baluain,,,,populatedPlace,Hamlet,283563.000,766040.000,5000,25000,283067.513,765788.728,284044.388,766288.728,PH18,http://data.ordnancesurvey.co.uk/id/postcodedistrict/PH18,,,,,,,Perth and Kinross,http://data.ordnancesurvey.co.uk/id/7000000000030110,http://data.ordnancesurvey.co.uk/ontology/admingeo/UnitaryAuthority,Scotland,http://data.ordnancesurvey.co.uk/id/7000000000041429,Scotland,http://data.ordnancesurvey.co.uk/id/country/scotland,,,
osgb4000000074548667,http://data.ordnancesurvey.co.uk/id/osgb4000000074548667,Fenderbridge,,,,populatedPlace,Suburban Area,288098.200,766752.050,1000,25000,287836.644,766516.914,288336.644,767016.914,PH18,http://data.ordnancesurvey.co.uk/id/postcodedistrict/PH18,,,,,,,Perth and Kinross,http://data.ordnancesurvey.co.uk/id/7000000000030110,http://data.ordnancesurvey.co.uk/ontology/admingeo/UnitaryAuthority,Scotland,http://data.ordnancesurvey.co.uk/id/7000000000041429,Scotland,http://data.ordnancesurvey.co.uk/id/country/scotland,,,
osgb4000000074549043,http://data.ordnancesurvey.co.uk/id/osgb4000000074549043,Calvine,,,,populatedPlace,Hamlet,280395.000,765798.000,5000,25000,280157.508,765584.502,280657.508,766084.502,PH18,http://data.ordnancesurvey.co.uk/id/postcodedistrict/PH18,,,,,,,Perth and Kinross,http://data.ordnancesurvey.co.uk/id/7000000000030110,http://data.ordnancesurvey.co.uk/ontology/admingeo/UnitaryAuthority,Scotland,http://data.ordnancesurvey.co.uk/id/7000000000041429,Scotland,http://data.ordnancesurvey.co.uk/id/country/scotland,,,http://sws.geonames.org/6619986
osgb4000000074549041,http://data.ordnancesurvey.co.uk/id/osgb4000000074549041,Old Struan,,,,populatedPlace,Hamlet,280935.000,765313.000,5000,25000,280419.422,764927.585,281185.256,765427.585,PH18,http://data.ordnancesurvey.co.uk/id/postcodedistrict/PH18,,,,,,,Perth and Kinross,http://data.ordnancesurvey.co.uk/id/7000000000030110,http://data.ordnancesurvey.co.uk/ontology/admingeo/UnitaryAuthority,Scotland,http://data.ordnancesurvey.co.uk/id/7000000000041429,Scotland,http://data.ordnancesurvey.co.uk/id/country/scotland,,,
osgb4000000074549042,http://data.ordnancesurvey.co.uk/id/osgb4000000074549042,Struan,,,,populatedPlace,Hamlet,280237.980,765302.140,5000,25000,279873.750,765231.083,280373.750,765731.083,PH18,http://data.ordnancesurvey.co.uk/id/postcodedistrict/PH18,,,,,,,Perth and Kinross,http://data.ordnancesurvey.co.uk/id/7000000000030110,http://data.ordnancesurvey.co.uk/ontology/admingeo/UnitaryAuthority,Scotland,http://data.ordnancesurvey.co.uk/id/7000000000041429,Scotland,http://data.ordnancesurvey.co.uk/id/country/scotland,,,
osgb4000000074548666,http://data.ordnancesurvey.co.uk/id/osgb4000000074548666,Middlebridge,,,,populatedPlace,Suburban Area,287889.000,766621.000,2000,25000,287662.867,766311.444,288162.867,766811.444,PH18,http://data.ordnancesurvey.co.uk/id/postcodedistrict/PH18,,,,,,,Perth and Kinross,http://data.ordnancesurvey.co.uk/id/7000000000030110,http://data.ordnancesurvey.co.uk/ontology/admingeo/UnitaryAuthority,Scotland,http://data.ordnancesurvey.co.uk/id/7000000000041429,Scotland,http://data.ordnancesurvey.co.uk/id/country/scotland,,,
osgb4000000074548663,http://data.ordnancesurvey.co.uk/id/osgb4000000074548663,Killiecrankie,,,,populatedPlace,Hamlet,291241.000,762930.000,5000,25000,291040.355,762424.518,292064.878,763247.352,PH16,http://data.ordnancesurvey.co.uk/id/postcodedistrict/PH16,,,,,,,Perth and Kinross,http://data.ordnancesurvey.co.uk/id/7000000000030110,http://data.ordnancesurvey.co.uk/ontology/admingeo/UnitaryAuthority,Scotland,http://data.ordnancesurvey.co.uk/id/7000000000041429,Scotland,http://data.ordnancesurvey.co.uk/id/country/scotland,,http://dbpedia.org/resource/Killiecrankie,http://sws.geonames.org/8199434
PH185TL,http://data.ordnancesurvey.co.uk/id/postcodeunit/PH185TL,PH18 5TL,,,,other,Postcode,286665.737,765742.070,3500,18000,,,,,,,Blair Atholl,http://data.ordnancesurvey.co.uk/id/4000000074548665,http://www.ordnancesurvey.co.uk/xml/codelists/localtype.xml#village,,,,Perth and Kinross,http://data.ordnancesurvey.co.uk/id/7000000000030110,http://data.ordnancesurvey.co.uk/ontology/admingeo/UnitaryAuthority,Scotland,http://data.ordnancesurvey.co.uk/id/7000000000041429,Scotland,http://data.ordnancesurvey.co.uk/id/country/scotland,,,
PH185SZ,http://data.ordnancesurvey.co.uk/id/postcodeunit/PH185SZ,PH18 5SZ,,,,other,Postcode,287893.900,765201.100,3500,18000,,,,,,,Blair Atholl,http://data.ordnancesurvey.co.uk/id/4000000074548665,http://www.ordnancesurvey.co.uk/xml/codelists/localtype.xml#village,,,,Perth and Kinross,http://data.ordnancesurvey.co.uk/id/7000000000030110,http://data.ordnancesurvey.co.uk/ontology/admingeo/UnitaryAuthority,Scotland,http://data.ordnancesurvey.co.uk/id/7000000000041429,Scotland,http://data.ordnancesurvey.co.uk/id/country/scotland,,,
PH185TT,http://data.ordnancesurvey.co.uk/id/postcodeunit/PH185TT,PH18 5TT,,,,other,Postcode,289748.700,767409.000,3500,18000,,,,,,,,,,,,,Perth and Kinross,http://data.ordnancesurvey.co.uk/id/7000000000030110,http://data.ordnancesurvey.co.uk/ontology/admingeo/UnitaryAuthority,Scotland,http://data.ordnancesurvey.co.uk/id/7000000000041429,Scotland,http://data.ordnancesurvey.co.uk/id/country/scotland,,,
PH185SH,http://data.ordnancesurvey.co.uk/id/postcodeunit/PH185SH,PH18 5SH,,,,other,Postcode,287243.644,765170.920,3500,18000,,,,,,,Blair Atholl,http://data.ordnancesurvey.co.uk/id/4000000074548665,http://www.ordnancesurvey.co.uk/xml/codelists/localtype.xml#village,,,,Perth and Kinross,http://data.ordnancesurvey.co.uk/id/7000000000030110,http://data.ordnancesurvey.co.uk/ontology/admingeo/UnitaryAuthority,Scotland,http://data.ordnancesurvey.co.uk/id/7000000000041429,Scotland,http://data.ordnancesurvey.co.uk/id/country/scotland,,,
PH165GZ,http://data.ordnancesurvey.co.uk/id/postcodeunit/PH165GZ,PH16 5GZ,,,,other,Postcode,291249.800,762858.900,3500,18000,,,,,,,Killiecrankie,http://data.ordnancesurvey.co.uk/id/4000000074548663,http://www.ordnancesurvey.co.uk/xml/codelists/localtype.xml#hamlet,,,,Perth and Kinross,http://data.ordnancesurvey.co.uk/id/7000000000030110,http://data.ordnancesurvey.co.uk/ontology/admingeo/UnitaryAuthority,Scotland,http://data.ordnancesurvey.co.uk/id/7000000000041429,Scotland,http://data.ordnancesurvey.co.uk/id/country/scotland,,,
PH165LN,http://data.ordnancesurvey.co.uk/id/postcodeunit/PH165LN,PH16 5LN,,,,other,Postcode,290636.143,763395.736,3500,18000,,,,,,,Aldclune,http://data.ordnancesurvey.co.uk/id/4000000074548664,http://www.ordnancesurvey.co.uk/xml/codelists/localtype.xml#hamlet,,,,Perth and Kinross,http://data.ordnancesurvey.co.uk/id/7000000000030110,http://data.ordnancesurvey.co.uk/ontology/admingeo/UnitaryAuthority,Scotland,http://data.ordnancesurvey.co.uk/id/7000000000041429,Scotland,http://data.ordnancesurvey.co.uk/id/country/scotland,,,
PH185TJ,http://data.ordnancesurvey.co.uk/id/postcodeunit/PH185TJ,PH18 5TJ,,,,other,Postcode,286578.400,766186.400,3500,18000,,,,,,,Blair Atholl,http://data.ordnancesurvey.co.uk/id/4000000074548665,http://www.ordnancesurvey.co.uk/xml/codelists/localtype.xml#village,,,,Perth and Kinross,http://data.ordnancesurvey.co.uk/id/7000000000030110,http://data.ordnancesurvey.co.uk/ontology/admingeo/UnitaryAuthority,Scotland,http://data.ordnancesurvey.co.uk/id/7000000000041429,Scotland,http://data.ordnancesurvey.co.uk/id/country/scotland,,,
PH165LT,http://data.ordnancesurvey.co.uk/id/postcodeunit/PH165LT,PH16 5LT,,,,other,Postcode,288909.225,764623.188,3500,18000,,,,,,,,,,,,,Perth and Kinross,http://data.ordnancesurvey.co.uk/id/7000000000030110,http://data.ordnancesurvey.co.uk/ontology/admingeo/UnitaryAuthority,Scotland,http://data.ordnancesurvey.co.uk/id/7000000000041429,Scotland,http://data.ordnancesurvey.co.uk/id/country/scotland,,,
PH165RN,http://data.ordnancesurvey.co.uk/id/postcodeunit/PH165RN,PH16 5RN,,,,other,Postcode,288049.900,761715.500,3500,18000,,,,,,,,,,,,,Perth and Kinross,http://data.ordnancesurvey.co.uk/id/7000000000030110,http://data.ordnancesurvey.co.uk/ontology/admingeo/UnitaryAuthority,Scotland,http://data.ordnancesurvey.co.uk/id/7000000000041429,Scotland,http://data.ordnancesurvey.co.uk/id/country/scotland,,,
PH185SW,http://data.ordnancesurvey.co.uk/id/postcodeunit/PH185SW,PH18 5SW,,,,other,Postcode,287131.500,764893.000,3500,18000,,,,,,,Blair Atholl,http://data.ordnancesurvey.co.uk/id/4000000074548665,http://www.ordnancesurvey.co.uk/xml/codelists/localtype.xml#village,,,,Perth and Kinross,http://data.ordnancesurvey.co.uk/id/7000000000030110,http://data.ordnancesurvey.co.uk/ontology/admingeo/UnitaryAuthority,Scotland,http://data.ordnancesurvey.co.uk/id/7000000000041429,Scotland,http://data.ordnancesurvey.co.uk/id/country/scotland,,,
PH165RJ,http://data.ordnancesurvey.co.uk/id/postcodeunit/PH165RJ,PH16 5RJ,,,,other,Postcode,287177.909,761768.461,3500,18000,,,,,,,,,,,,,Perth and Kinross,http://data.ordnancesurvey.co.uk/id/7000000000030110,http://data.ordnancesurvey.co.uk/ontology/admingeo/UnitaryAuthority,Scotland,http://data.ordnancesurvey.co.uk/id/7000000000041429,Scotland,http://data.ordnancesurvey.co.uk/id/country/scotland,,,
PH165RT,http://data.ordnancesurvey.co.uk/id/postcodeunit/PH165RT,PH16 5RT,,,,other,Postcode,280368.600,760123.167,3500,18000,,,,,,,,,,,,,Perth and Kinross,http://data.ordnancesurvey.co.uk/id/7000000000030110,http://data.ordnancesurvey.co.uk/ontology/admingeo/UnitaryAuthority,Scotland,http://data.ordnancesurvey.co.uk/id/7000000000041429,Scotland,http://data.ordnancesurvey.co.uk/id/country/scotland,,,
PH185SA,http://data.ordnancesurvey.co.uk/id/postcodeunit/PH185SA,PH18 5SA,,,,other,Postcode,287753.337,765333.832,3500,18000,,,,,,,Blair Atholl,http://data.ordnancesurvey.co.uk/id/4000000074548665,http://www.ordnancesurvey.co.uk/xml/codelists/localtype.xml#village,,,,Perth and Kinross,http://data.ordnancesurvey.co.uk/id/7000000000030110,http://data.ordnancesurvey.co.uk/ontology/admingeo/UnitaryAuthority,Scotland,http://data.ordnancesurvey.co.uk/id/7000000000041429,Scotland,http://data.ordnancesurvey.co.uk/id/country/scotland,,,
PH165LH,http://data.ordnancesurvey.co.uk/id/postcodeunit/PH165LH,PH16 5LH,,,,other,Postcode,291083.600,761874.600,3500,18000,,,,,,,,,,,,,Perth and Kinross,http://data.ordnancesurvey.co.uk/id/7000000000030110,http://data.ordnancesurvey.co.uk/ontology/admingeo/UnitaryAuthority,Scotland,http://data.ordnancesurvey.co.uk/id/7000000000041429,Scotland,http://data.ordnancesurvey.co.uk/id/country/scotland,,,
PH185SX,http://data.ordnancesurvey.co.uk/id/postcodeunit/PH185SX,PH18 5SX,,,,other,Postcode,287830.616,765357.266,3500,18000,,,,,,,Blair Atholl,http://data.ordnancesurvey.co.uk/id/4000000074548665,http://www.ordnancesurvey.co.uk/xml/codelists/localtype.xml#village,,,,Perth and Kinross,http://data.ordnancesurvey.co.uk/id/7000000000030110,http://data.ordnancesurvey.co.uk/ontology/admingeo/UnitaryAuthority,Scotland,http://data.ordnancesurvey.co.uk/id/7000000000041429,Scotland,http://data.ordnancesurvey.co.uk/id/country/scotland,,,
PH185TB,http://data.ordnancesurvey.co.uk/id/postcodeunit/PH185TB,PH18 5TB,,,,other,Postcode,287715.000,765243.400,3500,18000,,,,,,,Blair Atholl,http://data.ordnancesurvey.co.uk/id/4000000074548665,http://www.ordnancesurvey.co.uk/xml/codelists/localtype.xml#village,,,,Perth and Kinross,http://data.ordnancesurvey.co.uk/id/7000000000030110,http://data.ordnancesurvey.co.uk/ontology/admingeo/UnitaryAuthority,Scotland,http://data.ordnancesurvey.co.uk/id/7000000000041429,Scotland,http://data.ordnancesurvey.co.uk/id/country/scotland,,,
PH165RX,http://data.ordnancesurvey.co.uk/id/postcodeunit/PH165RX,PH16 5RX,,,,other,Postcode,282089.040,760063.080,3500,18000,,,,,,,Strathtummel,http://data.ordnancesurvey.co.uk/id/4000000074334456,http://www.ordnancesurvey.co.uk/xml/codelists/localtype.xml#otherSettlement,,,,Perth and Kinross,http://data.ordnancesurvey.co.uk/id/7000000000030110,http://data.ordnancesurvey.co.uk/ontology/admingeo/UnitaryAuthority,Scotland,http://data.ordnancesurvey.co.uk/id/7000000000041429,Scotland,http://data.ordnancesurvey.co.uk/id/country/scotland,,,
PH185TG,http://data.ordnancesurvey.co.uk/id/postcodeunit/PH185TG,PH18 5TG,,,,other,Postcode,287687.700,765112.900,3500,18000,,,,,,,Blair Atholl,http://data.ordnancesurvey.co.uk/id/4000000074548665,http://www.ordnancesurvey.co.uk/xml/codelists/localtype.xml#village,,,,Perth and Kinross,http://data.ordnancesurvey.co.uk/id/7000000000030110,http://data.ordnancesurvey.co.uk/ontology/admingeo/UnitaryAuthority,Scotland,http://data.ordnancesurvey.co.uk/id/7000000000041429,Scotland,http://data.ordnancesurvey.co.uk/id/country/scotland,,,
PH165LR,http://data.ordnancesurvey.co.uk/id/postcodeunit/PH165LR,PH16 5LR,,,,other,Postcode,290130.257,763936.865,3500,18000,,,,,,,,,,,,,Perth and Kinross,http://data.ordnancesurvey.co.uk/id/7000000000030110,http://data.ordnancesurvey.co.uk/ontology/admingeo/UnitaryAuthority,Scotland,http://data.ordnancesurvey.co.uk/id/7000000000041429,Scotland,http://data.ordnancesurvey.co.uk/id/country/scotland,,,
PH185TR,http://data.ordnancesurvey.co.uk/id/postcodeunit/PH185TR,PH18 5TR,,,,other,Postcode,288268.300,766163.300,3500,18000,,,,,,,,,,,,,Perth and Kinross,http://data.ordnancesurvey.co.uk/id/7000000000030110,http://data.ordnancesurvey.co.uk/ontology/admingeo/UnitaryAuthority,Scotland,http://data.ordnancesurvey.co.uk/id/7000000000041429,Scotland,http://data.ordnancesurvey.co.uk/id/country/scotland,,,
PH165LQ,http://data.ordnancesurvey.co.uk/id/postcodeunit/PH165LQ,PH16 5LQ,,,,other,Postcode,291319.100,762692.000,3500,18000,,,,,,,Killiecrankie,http://data.ordnancesurvey.co.uk/id/4000000074548663,http://www.ordnancesurvey.co.uk/xml/codelists/localtype.xml#hamlet,,,,Perth and Kinross,http://data.ordnancesurvey.co.uk/id/7000000000030110,http://data.ordnancesurvey.co.uk/ontology/admingeo/UnitaryAuthority,Scotland,http://data.ordnancesurvey.co.uk/id/7000000000041429,Scotland,http://data.ordnancesurvey.co.uk/id/country/scotland,,,
PH185SN,http://data.ordnancesurvey.co.uk/id/postcodeunit/PH185SN,PH18 5SN,,,,other,Postcode,287123.800,765039.000,3500,18000,,,,,,,Blair Atholl,http://data.ordnancesurvey.co.uk/id/4000000074548665,http://www.ordnancesurvey.co.uk/xml/codelists/localtype.xml#village,,,,Perth and Kinross,http://data.ordnancesurvey.co.uk/id/7000000000030110,http://data.ordnancesurvey.co.uk/ontology/admingeo/UnitaryAuthority,Scotland,http://data.ordnancesurvey.co.uk/id/7000000000041429,Scotland,http://data.ordnancesurvey.co.uk/id/country/scotland,,,
PH185TW,http://data.ordnancesurvey.co.uk/id/postcodeunit/PH185TW,PH18 5TW,,,,other,Postcode,281972.900,765968.453,3500,18000,,,,,,,,,,,,,Perth and Kinross,http://data.ordnancesurvey.co.uk/id/7000000000030110,http://data.ordnancesurvey.co.uk/ontology/admingeo/UnitaryAuthority,Scotland,http://data.ordnancesurvey.co.uk/id/7000000000041429,Scotland,http://data.ordnancesurvey.co.uk/id/country/scotland,,,
PH185SQ,http://data.ordnancesurvey.co.uk/id/postcodeunit/PH185SQ,PH18 5SQ,,,,other,Postcode,287138.300,765231.600,3500,18000,,,,,,,Blair Atholl,http://data.ordnancesurvey.co.uk/id/4000000074548665,http://www.ordnancesurvey.co.uk/xml/codelists/localtype.xml#village,,,,Perth and Kinross,http://data.ordnancesurvey.co.uk/id/7000000000030110,http://data.ordnancesurvey.co.uk/ontology/admingeo/UnitaryAuthority,Scotland,http://data.ordnancesurvey.co.uk/id/7000000000041429,Scotland,http://data.ordnancesurvey.co.uk/id/country/scotland,,,
PH185TD,http://data.ordnancesurvey.co.uk/id/postcodeunit/PH185TD,PH18 5TD,,,,other,Postcode,287706.700,765279.100,3500,18000,,,,,,,Blair Atholl,http://data.ordnancesurvey.co.uk/id/4000000074548665,http://www.ordnancesurvey.co.uk/xml/codelists/localtype.xml#village,,,,Perth and Kinross,http://data.ordnancesurvey.co.uk/id/7000000000030110,http://data.ordnancesurvey.co.uk/ontology/admingeo/UnitaryAuthority,Scotland,http://data.ordnancesurvey.co.uk/id/7000000000041429,Scotland,http://data.ordnancesurvey.co.uk/id/country/scotland,,,
PH185TY,http://data.ordnancesurvey.co.uk/id/postcodeunit/PH185TY,PH18 5TY,,,,other,Postcode,288464.465,768995.971,3500,18000,,,,,,,,,,,,,Perth and Kinross,http://data.ordnancesurvey.co.uk/id/7000000000030110,http://data.ordnancesurvey.co.uk/ontology/admingeo/UnitaryAuthority,Scotland,http://data.ordnancesurvey.co.uk/id/7000000000041429,Scotland,http://data.ordnancesurvey.co.uk/id/country/scotland,,,
PH185TP,http://data.ordnancesurvey.co.uk/id/postcodeunit/PH185TP,PH18 5TP,,,,other,Postcode,287686.100,766387.700,3500,18000,,,,,,,Blair Atholl,http://data.ordnancesurvey.co.uk/id/4000000074548665,http://www.ordnancesurvey.co.uk/xml/codelists/localtype.xml#village,,,,Perth and Kinross,http://data.ordnancesurvey.co.uk/id/7000000000030110,http://data.ordnancesurvey.co.uk/ontology/admingeo/UnitaryAuthority,Scotland,http://data.ordnancesurvey.co.uk/id/7000000000041429,Scotland,http://data.ordnancesurvey.co.uk/id/country/scotland,,,
PH185SG,http://data.ordnancesurvey.co.uk/id/postcodeunit/PH185SG,PH18 5SG,,,,other,Postcode,287106.744,765313.440,3500,18000,,,,,,,Blair Atholl,http://data.ordnancesurvey.co.uk/id/4000000074548665,http://www.ordnancesurvey.co.uk/xml/codelists/localtype.xml#village,,,,Perth and Kinross,http://data.ordnancesurvey.co.uk/id/7000000000030110,http://data.ordnancesurvey.co.uk/ontology/admingeo/UnitaryAuthority,Scotland,http://data.ordnancesurvey.co.uk/id/7000000000041429,Scotland,http://data.ordnancesurvey.co.uk/id/country/scotland,,,
PH165LA,http://data.ordnancesurvey.co.uk/id/postcodeunit/PH165LA,PH16 5LA,,,,other,Postcode,291657.137,760386.500,3500,18000,,,,,,,,,,,,,Perth and Kinross,http://data.ordnancesurvey.co.uk/id/7000000000030110,http://data.ordnancesurvey.co.uk/ontology/admingeo/UnitaryAuthority,Scotland,http://data.ordnancesurvey.co.uk/id/7000000000041429,Scotland,http://data.ordnancesurvey.co.uk/id/country/scotland,,,
PH185TS,http://data.ordnancesurvey.co.uk/id/postcodeunit/PH185TS,PH18 5TS,,,,other,Postcode,288551.200,765680.300,3500,18000,,,,,,,,,,,,,Perth and Kinross,http://data.ordnancesurvey.co.uk/id/7000000000030110,http://data.ordnancesurvey.co.uk/ontology/admingeo/UnitaryAuthority,Scotland,http://data.ordnancesurvey.co.uk/id/7000000000041429,Scotland,http://data.ordnancesurvey.co.uk/id/country/scotland,,,
PH165LE,http://data.ordnancesurvey.co.uk/id/postcodeunit/PH165LE,PH16 5LE,,,,other,Postcode,291702.500,760857.400,3500,18000,,,,,,,,,,,,,Perth and Kinross,http://data.ordnancesurvey.co.uk/id/7000000000030110,http://data.ordnancesurvey.co.uk/ontology/admingeo/UnitaryAuthority,Scotland,http://data.ordnancesurvey.co.uk/id/7000000000041429,Scotland,http://data.ordnancesurvey.co.uk/id/country/scotland,,,
PH165NP,http://data.ordnancesurvey.co.uk/id/postcodeunit/PH165NP,PH16 5NP,,,,other,Postcode,290194.000,761013.300,3500,18000,,,,,,,,,,,,,Perth and Kinross,http://data.ordnancesurvey.co.uk/id/7000000000030110,http://data.ordnancesurvey.co.uk/ontology/admingeo/UnitaryAuthority,Scotland,http://data.ordnancesurvey.co.uk/id/7000000000041429,Scotland,http://data.ordnancesurvey.co.uk/id/country/scotland,,,
PH185TU,http://data.ordnancesurvey.co.uk/id/postcodeunit/PH185TU,PH18 5TU,,,,other,Postcode,288653.047,767217.658,3500,18000,,,,,,,,,,,,,Perth and Kinross,http://data.ordnancesurvey.co.uk/id/7000000000030110,http://data.ordnancesurvey.co.uk/ontology/admingeo/UnitaryAuthority,Scotland,http://data.ordnancesurvey.co.uk/id/7000000000041429,Scotland,http://data.ordnancesurvey.co.uk/id/country/scotland,,,
PH185UW,http://data.ordnancesurvey.co.uk/id/postcodeunit/PH185UW,PH18 5UW,,,,other,Postcode,283232.400,776108.900,3500,18000,,,,,,,,,,,,,Perth and Kinross,http://data.ordnancesurvey.co.uk/id/7000000000030110,http://data.ordnancesurvey.co.uk/ontology/admingeo/UnitaryAuthority,Scotland,http://data.ordnancesurvey.co.uk/id/7000000000041429,Scotland,http://data.ordnancesurvey.co.uk/id/country/scotland,,,
PH185TX,http://data.ordnancesurvey.co.uk/id/postcodeunit/PH185TX,PH18 5TX,,,,other,Postcode,286732.600,766591.400,3500,18000,,,,,,,Blair Atholl,http://data.ordnancesurvey.co.uk/id/4000000074548665,http://www.ordnancesurvey.co.uk/xml/codelists/localtype.xml#village,,,,Perth and Kinross,http://data.ordnancesurvey.co.uk/id/7000000000030110,http://data.ordnancesurvey.co.uk/ontology/admingeo/UnitaryAuthority,Scotland,http://data.ordnancesurvey.co.uk/id/7000000000041429,Scotland,http://data.ordnancesurvey.co.uk/id/country/scotland,,,
PH165LG,http://data.ordnancesurvey.co.uk/id/postcodeunit/PH165LG,PH16 5LG,,,,other,Postcode,291464.112,762953.465,3500,18000,,,,,,,Killiecrankie,http://data.ordnancesurvey.co.uk/id/4000000074548663,http://www.ordnancesurvey.co.uk/xml/codelists/localtype.xml#hamlet,,,,Perth and Kinross,http://data.ordnancesurvey.co.uk/id/7000000000030110,http://data.ordnancesurvey.co.uk/ontology/admingeo/UnitaryAuthority,Scotland,http://data.ordnancesurvey.co.uk/id/7000000000041429,Scotland,http://data.ordnancesurvey.co.uk/id/country/scotland,,,
PH165LF,http://data.ordnancesurvey.co.uk/id/postcodeunit/PH165LF,PH16 5LF,,,,other,Postcode,291822.700,762357.900,3500,18000,,,,,,,,,,,,,Perth and Kinross,http://data.ordnancesurvey.co.uk/id/7000000000030110,http://data.ordnancesurvey.co.uk/ontology/admingeo/UnitaryAuthority,Scotland,http://data.ordnancesurvey.co.uk/id/7000000000041429,Scotland,http://data.ordnancesurvey.co.uk/id/country/scotland,,,
PH165NS,http://data.ordnancesurvey.co.uk/id/postcodeunit/PH165NS,PH16 5NS,,,,other,Postcode,284131.300,760003.300,3500,18000,,,,,,,,,,,,,Perth and Kinross,http://data.ordnancesurvey.co.uk/id/7000000000030110,http://data.ordnancesurvey.co.uk/ontology/admingeo/UnitaryAuthority,Scotland,http://data.ordnancesurvey.co.uk/id/7000000000041429,Scotland,http://data.ordnancesurvey.co.uk/id/country/scotland,,,
PH185UP,http://data.ordnancesurvey.co.uk/id/postcodeunit/PH185UP,PH18 5UP,,,,other,Postcode,280909.200,765241.500,3500,18000,,,,,,,Old Struan,http://data.ordnancesurvey.co.uk/id/4000000074549041,http://www.ordnancesurvey.co.uk/xml/codelists/localtype.xml#hamlet,,,,Perth and Kinross,http://data.ordnancesurvey.co.uk/id/7000000000030110,http://data.ordnancesurvey.co.uk/ontology/admingeo/UnitaryAuthority,Scotland,http://data.ordnancesurvey.co.uk/id/7000000000041429,Scotland,http://data.ordnancesurvey.co.uk/id/country/scotland,,,
PH165RS,http://data.ordnancesurvey.co.uk/id/postcodeunit/PH165RS,PH16 5RS,,,,other,Postcode,281396.757,760404.229,3500,18000,,,,,,,Strathtummel,http://data.ordnancesurvey.co.uk/id/4000000074334456,http://www.ordnancesurvey.co.uk/xml/codelists/localtype.xml#otherSettlement,,,,Perth and Kinross,http://data.ordnancesurvey.co.uk/id/7000000000030110,http://data.ordnancesurvey.co.uk/ontology/admingeo/UnitaryAuthority,Scotland,http://data.ordnancesurvey.co.uk/id/7000000000041429,Scotland,http://data.ordnancesurvey.co.uk/id/country/scotland,,,
PH185TN,http://data.ordnancesurvey.co.uk/id/postcodeunit/PH185TN,PH18 5TN,,,,other,Postcode,283792.557,765987.586,3500,18000,,,,,,,Baluain,http://data.ordnancesurvey.co.uk/id/4000000074334767,http://www.ordnancesurvey.co.uk/xml/codelists/localtype.xml#hamlet,,,,Perth and Kinross,http://data.ordnancesurvey.co.uk/id/7000000000030110,http://data.ordnancesurvey.co.uk/ontology/admingeo/UnitaryAuthority,Scotland,http://data.ordnancesurvey.co.uk/id/7000000000041429,Scotland,http://data.ordnancesurvey.co.uk/id/country/scotland,,,
PH165RH,http://data.ordnancesurvey.co.uk/id/postcodeunit/PH165RH,PH16 5RH,,,,other,Postcode,288291.200,761005.000,3500,18000,,,,,,,,,,,,,Perth and Kinross,http://data.ordnancesurvey.co.uk/id/7000000000030110,http://data.ordnancesurvey.co.uk/ontology/admingeo/UnitaryAuthority,Scotland,http://data.ordnancesurvey.co.uk/id/7000000000041429,Scotland,http://data.ordnancesurvey.co.uk/id/country/scotland,,,
PH185TF,http://data.ordnancesurvey.co.uk/id/postcodeunit/PH185TF,PH18 5TF,,,,other,Postcode,287724.700,765366.700,3500,18000,,,,,,,Blair Atholl,http://data.ordnancesurvey.co.uk/id/4000000074548665,http://www.ordnancesurvey.co.uk/xml/codelists/localtype.xml#village,,,,Perth and Kinross,http://data.ordnancesurvey.co.uk/id/7000000000030110,http://data.ordnancesurvey.co.uk/ontology/admingeo/UnitaryAuthority,Scotland,http://data.ordnancesurvey.co.uk/id/7000000000041429,Scotland,http://data.ordnancesurvey.co.uk/id/country/scotland,,,
PH165LD,http://data.ordnancesurvey.co.uk/id/postcodeunit/PH165LD,PH16 5LD,,,,other,Postcode,291660.000,760111.700,3500,18000,,,,,,,,,,,,,Perth and Kinross,http://data.ordnancesurvey.co.uk/id/7000000000030110,http://data.ordnancesurvey.co.uk/ontology/admingeo/UnitaryAuthority,Scotland,http://data.ordnancesurvey.co.uk/id/7000000000041429,Scotland,http://data.ordnancesurvey.co.uk/id/country/scotland,,,
PH185UB,http://data.ordnancesurvey.co.uk/id/postcodeunit/PH185UB,PH18 5UB,,,,other,Postcode,280146.512,765520.400,3500,18000,,,,,,,Struan,http://data.ordnancesurvey.co.uk/id/4000000074549042,http://www.ordnancesurvey.co.uk/xml/codelists/localtype.xml#hamlet,,,,Perth and Kinross,http://data.ordnancesurvey.co.uk/id/7000000000030110,http://data.ordnancesurvey.co.uk/ontology/admingeo/UnitaryAuthority,Scotland,http://data.ordnancesurvey.co.uk/id/7000000000041429,Scotland,http://data.ordnancesurvey.co.uk/id/country/scotland,,,
PH165RP,http://data.ordnancesurvey.co.uk/id/postcodeunit/PH165RP,PH16 5RP,,,,other,Postcode,281758.822,760136.581,3500,18000,,,,,,,Strathtummel,http://data.ordnancesurvey.co.uk/id/4000000074334456,http://www.ordnancesurvey.co.uk/xml/codelists/localtype.xml#otherSettlement,,,,Perth and Kinross,http://data.ordnancesurvey.co.uk/id/7000000000030110,http://data.ordnancesurvey.co.uk/ontology/admingeo/UnitaryAuthority,Scotland,http://data.ordnancesurvey.co.uk/id/7000000000041429,Scotland,http://data.ordnancesurvey.co.uk/id/country/scotland,,,
PH185TA,http://data.ordnancesurvey.co.uk/id/postcodeunit/PH185TA,PH18 5TA,,,,other,Postcode,287801.248,765256.201,3500,18000,,,,,,,Blair Atholl,http://data.ordnancesurvey.co.uk/id/4000000074548665,http://www.ordnancesurvey.co.uk/xml/codelists/localtype.xml#village,,,,Perth and Kinross,http://data.ordnancesurvey.co.uk/id/7000000000030110,http://data.ordnancesurvey.co.uk/ontology/admingeo/UnitaryAuthority,Scotland,http://data.ordnancesurvey.co.uk/id/7000000000041429,Scotland,http://data.ordnancesurvey.co.uk/id/country/scotland,,,
PH185TH,http://data.ordnancesurvey.co.uk/id/postcodeunit/PH185TH,PH18 5TH,,,,other,Postcode,286578.400,766186.400,3500,18000,,,,,,,Blair Atholl,http://data.ordnancesurvey.co.uk/id/4000000074548665,http://www.ordnancesurvey.co.uk/xml/codelists/localtype.xml#village,,,,Perth and Kinross,http://data.ordnancesurvey.co.uk/id/7000000000030110,http://data.ordnancesurvey.co.uk/ontology/admingeo/UnitaryAuthority,Scotland,http://data.ordnancesurvey.co.uk/id/7000000000041429,Scotland,http://data.ordnancesurvey.co.uk/id/country/scotland,,,
PH165LS,http://data.ordnancesurvey.co.uk/id/postcodeunit/PH165LS,PH16 5LS,,,,other,Postcode,289889.100,764560.300,3500,18000,,,,,,,,,,,,,Perth and Kinross,http://data.ordnancesurvey.co.uk/id/7000000000030110,http://data.ordnancesurvey.co.uk/ontology/admingeo/UnitaryAuthority,Scotland,http://data.ordnancesurvey.co.uk/id/7000000000041429,Scotland,http://data.ordnancesurvey.co.uk/id/country/scotland,,,
PH165LJ,http://data.ordnancesurvey.co.uk/id/postcodeunit/PH165LJ,PH16 5LJ,,,,other,Postcode,289648.950,763520.012,3500,18000,,,,,,,,,,,,,Perth and Kinross,http://data.ordnancesurvey.co.uk/id/7000000000030110,http://data.ordnancesurvey.co.uk/ontology/admingeo/UnitaryAuthority,Scotland,http://data.ordnancesurvey.co.uk/id/7000000000041429,Scotland,http://data.ordnancesurvey.co.uk/id/country/scotland,,,
PH185SU,http://data.ordnancesurvey.co.uk/id/postcodeunit/PH185SU,PH18 5SU,,,,other,Postcode,287724.000,765467.100,3500,18000,,,,,,,Blair Atholl,http://data.ordnancesurvey.co.uk/id/4000000074548665,http://www.ordnancesurvey.co.uk/xml/codelists/localtype.xml#village,,,,Perth and Kinross,http://data.ordnancesurvey.co.uk/id/7000000000030110,http://data.ordnancesurvey.co.uk/ontology/admingeo/UnitaryAuthority,Scotland,http://data.ordnancesurvey.co.uk/id/7000000000041429,Scotland,http://data.ordnancesurvey.co.uk/id/country/scotland,,,
PH165LP,http://data.ordnancesurvey.co.uk/id/postcodeunit/PH165LP,PH16 5LP,,,,other,Postcode,291156.400,763707.700,3500,18000,,,,,,,,,,,,,Perth and Kinross,http://data.ordnancesurvey.co.uk/id/7000000000030110,http://data.ordnancesurvey.co.uk/ontology/admingeo/UnitaryAuthority,Scotland,http://data.ordnancesurvey.co.uk/id/7000000000041429,Scotland,http://data.ordnancesurvey.co.uk/id/country/scotland,,,
PH185UD,http://data.ordnancesurvey.co.uk/id/postcodeunit/PH185UD,PH18 5UD,,,,other,Postcode,281763.259,765216.759,3500,18000,,,,,,,,,,,,,Perth and Kinross,http://data.ordnancesurvey.co.uk/id/7000000000030110,http://data.ordnancesurvey.co.uk/ontology/admingeo/UnitaryAuthority,Scotland,http://data.ordnancesurvey.co.uk/id/7000000000041429,Scotland,http://data.ordnancesurvey.co.uk/id/country/scotland,,,
PH165LL,http://data.ordnancesurvey.co.uk/id/postcodeunit/PH165LL,PH16 5LL,,,,other,Postcode,288106.700,764320.200,3500,18000,,,,,,,,,,,,,Perth and Kinross,http://data.ordnancesurvey.co.uk/id/7000000000030110,http://data.ordnancesurvey.co.uk/ontology/admingeo/UnitaryAuthority,Scotland,http://data.ordnancesurvey.co.uk/id/7000000000041429,Scotland,http://data.ordnancesurvey.co.uk/id/country/scotland,,,
PH165NR,http://data.ordnancesurvey.co.uk/id/postcodeunit/PH165NR,PH16 5NR,,,,other,Postcode,286998.246,760054.853,3500,18000,,,,,,,,,,,,,Perth and Kinross,http://data.ordnancesurvey.co.uk/id/7000000000030110,http://data.ordnancesurvey.co.uk/ontology/admingeo/UnitaryAuthority,Scotland,http://data.ordnancesurvey.co.uk/id/7000000000041429,Scotland,http://data.ordnancesurvey.co.uk/id/country/scotland,,,
PH185SL,http://data.ordnancesurvey.co.uk/id/postcodeunit/PH185SL,PH18 5SL,,,,other,Postcode,287014.500,765169.100,3500,18000,,,,,,,Blair Atholl,http://data.ordnancesurvey.co.uk/id/4000000074548665,http://www.ordnancesurvey.co.uk/xml/codelists/localtype.xml#village,,,,Perth and Kinross,http://data.ordnancesurvey.co.uk/id/7000000000030110,http://data.ordnancesurvey.co.uk/ontology/admingeo/UnitaryAuthority,Scotland,http://data.ordnancesurvey.co.uk/id/7000000000041429,Scotland,http://data.ordnancesurvey.co.uk/id/country/scotland,,,
PH185SY,http://data.ordnancesurvey.co.uk/id/postcodeunit/PH185SY,PH18 5SY,,,,other,Postcode,288040.300,765245.800,3500,18000,,,,,,,Blair Atholl,http://data.ordnancesurvey.co.uk/id/4000000074548665,http://www.ordnancesurvey.co.uk/xml/codelists/localtype.xml#village,,,,Perth and Kinross,http://data.ordnancesurvey.co.uk/id/7000000000030110,http://data.ordnancesurvey.co.uk/ontology/admingeo/UnitaryAuthority,Scotland,http://data.ordnancesurvey.co.uk/id/7000000000041429,Scotland,http://data.ordnancesurvey.co.uk/id/country/scotland,,,
PH185TZ,http://data.ordnancesurvey.co.uk/id/postcodeunit/PH185TZ,PH18 5TZ,,,,other,Postcode,287705.200,766478.600,3500,18000,,,,,,,Blair Atholl,http://data.ordnancesurvey.co.uk/id/4000000074548665,http://www.ordnancesurvey.co.uk/xml/codelists/localtype.xml#village,,,,Perth and Kinross,http://data.ordnancesurvey.co.uk/id/7000000000030110,http://data.ordnancesurvey.co.uk/ontology/admingeo/UnitaryAuthority,Scotland,http://data.ordnancesurvey.co.uk/id/7000000000041429,Scotland,http://data.ordnancesurvey.co.uk/id/country/scotland,,,
osgb4000000004305557,http://data.ordnancesurvey.co.uk/id/osgb4000000004305557,Ford Road,,,,transportNetwork,Named Road,287163.000,765201.000,2000,20000,287079.000,765052.000,287164.334,765351.000,PH18,http://data.ordnancesurvey.co.uk/id/postcodedistrict/PH18,Blair Atholl,http://data.ordnancesurvey.co.uk/id/4000000074548665,http://www.ordnancesurvey.co.uk/xml/codelists/localtype.xml#village,,,,Perth and Kinross,http://data.ordnancesurvey.co.uk/id/7000000000030110,http://data.ordnancesurvey.co.uk/ontology/admingeo/UnitaryAuthority,Scotland,http://data.ordnancesurvey.co.uk/id/7000000000041429,Scotland,http://data.ordnancesurvey.co.uk/id/country/scotland,,,
osgb4000000004306062,http://data.ordnancesurvey.co.uk/id/osgb4000000004306062,B8079,,,,transportNetwork,Numbered Road,287000.000,765331.000,63000,250000,282190.627,760987.953,291838.083,766077.358,PH18,http://data.ordnancesurvey.co.uk/id/postcodedistrict/PH18,Blair Atholl,http://data.ordnancesurvey.co.uk/id/4000000074548665,http://www.ordnancesurvey.co.uk/xml/codelists/localtype.xml#village,,,,Perth and Kinross,http://data.ordnancesurvey.co.uk/id/7000000000030110,http://data.ordnancesurvey.co.uk/ontology/admingeo/UnitaryAuthority,Scotland,http://data.ordnancesurvey.co.uk/id/7000000000041429,Scotland,http://data.ordnancesurvey.co.uk/id/country/scotland,,,
osgb4000000004312348,http://data.ordnancesurvey.co.uk/id/osgb4000000004312348,Golf Course Road,,,,transportNetwork,Named Road,287653.868,765132.337,1000,20000,287601.000,765115.000,287723.000,765143.000,PH18,http://data.ordnancesurvey.co.uk/id/postcodedistrict/PH18,Blair Atholl,http://data.ordnancesurvey.co.uk/id/4000000074548665,http://www.ordnancesurvey.co.uk/xml/codelists/localtype.xml#village,,,,Perth and Kinross,http://data.ordnancesurvey.co.uk/id/7000000000030110,http://data.ordnancesurvey.co.uk/ontology/admingeo/UnitaryAuthority,Scotland,http://data.ordnancesurvey.co.uk/id/7000000000041429,Scotland,http://data.ordnancesurvey.co.uk/id/country/scotland,,,
osgb4000000004312349,http://data.ordnancesurvey.co.uk/id/osgb4000000004312349,The Lane,,,,transportNetwork,Named Road,287734.000,765362.000,1000,20000,287690.000,765348.000,287765.000,765377.000,PH18,http://data.ordnancesurvey.co.uk/id/postcodedistrict/PH18,Blair Atholl,http://data.ordnancesurvey.co.uk/id/4000000074548665,http://www.ordnancesurvey.co.uk/xml/codelists/localtype.xml#village,,,,Perth and Kinross,http://data.ordnancesurvey.co.uk/id/7000000000030110,http://data.ordnancesurvey.co.uk/ontology/admingeo/UnitaryAuthority,Scotland,http://data.ordnancesurvey.co.uk/id/7000000000041429,Scotland,http://data.ordnancesurvey.co.uk/id/country/scotland,,,
osgb4000000004305559,http://data.ordnancesurvey.co.uk/id/osgb4000000004305559,The Terrace,,,,transportNetwork,Named Road,287868.000,765195.000,1000,20000,287817.000,765158.000,287997.000,765313.000,PH18,http://data.ordnancesurvey.co.uk/id/postcodedistrict/PH18,Blair Atholl,http://data.ordnancesurvey.co.uk/id/4000000074548665,http://www.ordnancesurvey.co.uk/xml/codelists/localtype.xml#village,,,,Perth and Kinross,http://data.ordnancesurvey.co.uk/id/7000000000030110,http://data.ordnancesurvey.co.uk/ontology/admingeo/UnitaryAuthority,Scotland,http://data.ordnancesurvey.co.uk/id/7000000000041429,Scotland,http://data.ordnancesurvey.co.uk/id/country/scotland,,,
osgb4000000004305280,http://data.ordnancesurvey.co.uk/id/osgb4000000004305280,Invertilt Road,,,,transportNetwork,Named Road,287656.000,765308.000,2000,20000,287597.000,765143.000,287758.000,765471.000,PH18,http://data.ordnancesurvey.co.uk/id/postcodedistrict/PH18,Blair Atholl,http://data.ordnancesurvey.co.uk/id/4000000074548665,http://www.ordnancesurvey.co.uk/xml/codelists/localtype.xml#village,,,,Perth and Kinross,http://data.ordnancesurvey.co.uk/id/7000000000030110,http://data.ordnancesurvey.co.uk/ontology/admingeo/UnitaryAuthority,Scotland,http://data.ordnancesurvey.co.uk/id/7000000000041429,Scotland,http://data.ordnancesurvey.co.uk/id/country/scotland,,,
osgb4000000004306007,http://data.ordnancesurvey.co.uk/id/osgb4000000004306007,The Square,,,,transportNetwork,Named Road,287166.000,765288.000,1000,20000,287149.000,765277.584,287167.749,765288.000,PH18,http://data.ordnancesurvey.co.uk/id/postcodedistrict/PH18,Blair Atholl,http://data.ordnancesurvey.co.uk/id/4000000074548665,http://www.ordnancesurvey.co.uk/xml/codelists/localtype.xml#village,,,,Perth and Kinross,http://data.ordnancesurvey.co.uk/id/7000000000030110,http://data.ordnancesurvey.co.uk/ontology/admingeo/UnitaryAuthority,Scotland,http://data.ordnancesurvey.co.uk/id/7000000000041429,Scotland,http://data.ordnancesurvey.co.uk/id/country/scotland,,,
osgb4000000004305556,http://data.ordnancesurvey.co.uk/id/osgb4000000004305556,Tulloch Road,,,,transportNetwork,Named Road,287020.000,765155.000,1000,20000,286974.994,765104.000,287112.000,765172.481,PH18,http://data.ordnancesurvey.co.uk/id/postcodedistrict/PH18,Blair Atholl,http://data.ordnancesurvey.co.uk/id/4000000074548665,http://www.ordnancesurvey.co.uk/xml/codelists/localtype.xml#village,,,,Perth and Kinross,http://data.ordnancesurvey.co.uk/id/7000000000030110,http://data.ordnancesurvey.co.uk/ontology/admingeo/UnitaryAuthority,Scotland,http://data.ordnancesurvey.co.uk/id/7000000000041429,Scotland,http://data.ordnancesurvey.co.uk/id/country/scotland,,,
osgb4000000004305985,http://data.ordnancesurvey.co.uk/id/osgb4000000004305985,Blackwood Place,,,,transportNetwork,Named Road,287708.049,765279.001,1000,20000,287708.049,765239.000,287710.000,765279.001,PH18,http://data.ordnancesurvey.co.uk/id/postcodedistrict/PH18,Blair Atholl,http://data.ordnancesurvey.co.uk/id/4000000074548665,http://www.ordnancesurvey.co.uk/xml/codelists/localtype.xml#village,,,,Perth and Kinross,http://data.ordnancesurvey.co.uk/id/7000000000030110,http://data.ordnancesurvey.co.uk/ontology/admingeo/UnitaryAuthority,Scotland,http://data.ordnancesurvey.co.uk/id/7000000000041429,Scotland,http://data.ordnancesurvey.co.uk/id/country/scotland,,,
osgb4000000004305558,http://data.ordnancesurvey.co.uk/id/osgb4000000004305558,St Adamnan Road,,,,transportNetwork,Named Road,287700.000,765238.000,1000,20000,287621.000,765230.000,287785.000,765247.000,PH18,http://data.ordnancesurvey.co.uk/id/postcodedistrict/PH18,Blair Atholl,http://data.ordnancesurvey.co.uk/id/4000000074548665,http://www.ordnancesurvey.co.uk/xml/codelists/localtype.xml#village,,,,Perth and Kinross,http://data.ordnancesurvey.co.uk/id/7000000000030110,http://data.ordnancesurvey.co.uk/ontology/admingeo/UnitaryAuthority,Scotland,http://data.ordnancesurvey.co.uk/id/7000000000041429,Scotland,http://data.ordnancesurvey.co.uk/id/country/scotland,,,
osgb4000000004307786,http://data.ordnancesurvey.co.uk/id/osgb4000000004307786,B8019,,,,transportNetwork,Numbered Road,284443.000,760169.000,106000,250000,276265.513,758931.827,292553.012,761192.431,PH16,http://data.ordnancesurvey.co.uk/id/postcodedistrict/PH16,,,,,,,Perth and Kinross,http://data.ordnancesurvey.co.uk/id/7000000000030110,http://data.ordnancesurvey.co.uk/ontology/admingeo/UnitaryAuthority,Scotland,http://data.ordnancesurvey.co.uk/id/7000000000041429,Scotland,http://data.ordnancesurvey.co.uk/id/country/scotland,,,
PH185TE,http://data.ordnancesurvey.co.uk/id/postcodeunit/PH185TE,PH18 5TE,,,,other,Postcode,287648.000,765260.400,3500,18000,,,,,,,Blair Atholl,http://data.ordnancesurvey.co.uk/id/4000000074548665,http://www.ordnancesurvey.co.uk/xml/codelists/localtype.xml#village,,,,Perth and Kinross,http://data.ordnancesurvey.co.uk/id/7000000000030110,http://data.ordnancesurvey.co.uk/ontology/admingeo/UnitaryAuthority,Scotland,http://data.ordnancesurvey.co.uk/id/7000000000041429,Scotland,http://data.ordnancesurvey.co.uk/id/country/scotland,,,
PH185SP,http://data.ordnancesurvey.co.uk/id/postcodeunit/PH185SP,PH18 5SP,,,,other,Postcode,287381.300,765407.400,3500,18000,,,,,,,Blair Atholl,http://data.ordnancesurvey.co.uk/id/4000000074548665,http://www.ordnancesurvey.co.uk/xml/codelists/localtype.xml#village,,,,Perth and Kinross,http://data.ordnancesurvey.co.uk/id/7000000000030110,http://data.ordnancesurvey.co.uk/ontology/admingeo/UnitaryAuthority,Scotland,http://data.ordnancesurvey.co.uk/id/7000000000041429,Scotland,http://data.ordnancesurvey.co.uk/id/country/scotland,,,
PH185UA,http://data.ordnancesurvey.co.uk/id/postcodeunit/PH185UA,PH18 5UA,,,,other,Postcode,280443.275,765817.658,3500,18000,,,,,,,Calvine,http://data.ordnancesurvey.co.uk/id/4000000074549043,http://www.ordnancesurvey.co.uk/xml/codelists/localtype.xml#hamlet,,,,Perth and Kinross,http://data.ordnancesurvey.co.uk/id/7000000000030110,http://data.ordnancesurvey.co.uk/ontology/admingeo/UnitaryAuthority,Scotland,http://data.ordnancesurvey.co.uk/id/7000000000041429,Scotland,http://data.ordnancesurvey.co.uk/id/country/scotland,,,
PH185TQ,http://data.ordnancesurvey.co.uk/id/postcodeunit/PH185TQ,PH18 5TQ,,,,other,Postcode,287177.867,765272.233,3500,18000,,,,,,,Blair Atholl,http://data.ordnancesurvey.co.uk/id/4000000074548665,http://www.ordnancesurvey.co.uk/xml/codelists/localtype.xml#village,,,,Perth and Kinross,http://data.ordnancesurvey.co.uk/id/7000000000030110,http://data.ordnancesurvey.co.uk/ontology/admingeo/UnitaryAuthority,Scotland,http://data.ordnancesurvey.co.uk/id/7000000000041429,Scotland,http://data.ordnancesurvey.co.uk/id/country/scotland,,,
PH185SJ,http://data.ordnancesurvey.co.uk/id/postcodeunit/PH185SJ,PH18 5SJ,,,,other,Postcode,287133.400,765148.100,3500,18000,,,,,,,Blair Atholl,http://data.ordnancesurvey.co.uk/id/4000000074548665,http://www.ordnancesurvey.co.uk/xml/codelists/localtype.xml#village,,,,Perth and Kinross,http://data.ordnancesurvey.co.uk/id/7000000000030110,http://data.ordnancesurvey.co.uk/ontology/admingeo/UnitaryAuthority,Scotland,http://data.ordnancesurvey.co.uk/id/7000000000041429,Scotland,http://data.ordnancesurvey.co.uk/id/country/scotland,,,
PH185SR,http://data.ordnancesurvey.co.uk/id/postcodeunit/PH185SR,PH18 5SR,,,,other,Postcode,287433.600,765467.900,3500,18000,,,,,,,Blair Atholl,http://data.ordnancesurvey.co.uk/id/4000000074548665,http://www.ordnancesurvey.co.uk/xml/codelists/localtype.xml#village,,,,Perth and Kinross,http://data.ordnancesurvey.co.uk/id/7000000000030110,http://data.ordnancesurvey.co.uk/ontology/admingeo/UnitaryAuthority,Scotland,http://data.ordnancesurvey.co.uk/id/7000000000041429,Scotland,http://data.ordnancesurvey.co.uk/id/country/scotland,,,
PH165LW,http://data.ordnancesurvey.co.uk/id/postcodeunit/PH165LW,PH16 5LW,,,,other,Postcode,290185.400,763633.000,3500,18000,,,,,,,Aldclune,http://data.ordnancesurvey.co.uk/id/4000000074548664,http://www.ordnancesurvey.co.uk/xml/codelists/localtype.xml#hamlet,,,,Perth and Kinross,http://data.ordnancesurvey.co.uk/id/7000000000030110,http://data.ordnancesurvey.co.uk/ontology/admingeo/UnitaryAuthority,Scotland,http://data.ordnancesurvey.co.uk/id/7000000000041429,Scotland,http://data.ordnancesurvey.co.uk/id/country/scotland,,,
osgb4000000004312350,http://data.ordnancesurvey.co.uk/id/osgb4000000004312350,Wade's Bridge Road,,,,transportNetwork,Named Road,287661.570,766420.867,1000,20000,287649.795,766365.021,287687.320,766481.867,PH18,http://data.ordnancesurvey.co.uk/id/postcodedistrict/PH18,Blair Atholl,http://data.ordnancesurvey.co.uk/id/4000000074548665,http://www.ordnancesurvey.co.uk/xml/codelists/localtype.xml#village,,,,Perth and Kinross,http://data.ordnancesurvey.co.uk/id/7000000000030110,http://data.ordnancesurvey.co.uk/ontology/admingeo/UnitaryAuthority,Scotland,http://data.ordnancesurvey.co.uk/id/7000000000041429,Scotland,http://data.ordnancesurvey.co.uk/id/country/scotland,,,
osgb4000000004305560,http://data.ordnancesurvey.co.uk/id/osgb4000000004305560,St Andrew's Crescent,,,,transportNetwork,Named Road,287785.000,765247.000,2000,20000,287776.000,765107.700,287856.000,765407.000,PH18,http://data.ordnancesurvey.co.uk/id/postcodedistrict/PH18,Blair Atholl,http://data.ordnancesurvey.co.uk/id/4000000074548665,http://www.ordnancesurvey.co.uk/xml/codelists/localtype.xml#village,,,,Perth and Kinross,http://data.ordnancesurvey.co.uk/id/7000000000030110,http://data.ordnancesurvey.co.uk/ontology/admingeo/UnitaryAuthority,Scotland,http://data.ordnancesurvey.co.uk/id/7000000000041429,Scotland,http://data.ordnancesurvey.co.uk/id/country/scotland,,,
