osgb4000000074548089,http://data.ordnancesurvey.co.uk/id/osgb4000000074548089,Drumclog,,,,populatedPlace,Hamlet,263976.000,638884.000,5000,25000,263647.004,638576.952,264147.004,639076.952,ML10,http://data.ordnancesurvey.co.uk/id/postcodedistrict/ML10,,,,,,,South Lanarkshire,http://data.ordnancesurvey.co.uk/id/7000000000030847,http://data.ordnancesurvey.co.uk/ontology/admingeo/UnitaryAuthority,Scotland,http://data.ordnancesurvey.co.uk/id/7000000000041429,Scotland,http://data.ordnancesurvey.co.uk/id/country/scotland,,,http://sws.geonames.org/2650942
osgb4000000074546593,http://data.ordnancesurvey.co.uk/id/osgb4000000074546593,Kames,,,,populatedPlace,Other Settlement,269598.804,626584.641,15000,25000,268693.049,625840.505,269756.147,626866.562,KA18,http://data.ordnancesurvey.co.uk/id/postcodedistrict/KA18,,,,,,,East Ayrshire,http://data.ordnancesurvey.co.uk/id/7000000000043393,http://data.ordnancesurvey.co.uk/ontology/admingeo/UnitaryAuthority,Scotland,http://data.ordnancesurvey.co.uk/id/7000000000041429,Scotland,http://data.ordnancesurvey.co.uk/id/country/scotland,,,
osgb4000000074546594,http://data.ordnancesurvey.co.uk/id/osgb4000000074546594,Smallburn,,,,populatedPlace,Suburban Area,268547.000,626616.000,5000,25000,268268.815,626505.074,269066.599,627236.425,KA18,http://data.ordnancesurvey.co.uk/id/postcodedistrict/KA18,,,,,,,East Ayrshire,http://data.ordnancesurvey.co.uk/id/7000000000043393,http://data.ordnancesurvey.co.uk/ontology/admingeo/UnitaryAuthority,Scotland,http://data.ordnancesurvey.co.uk/id/7000000000041429,Scotland,http://data.ordnancesurvey.co.uk/id/country/scotland,,,
osgb4000000074546579,http://data.ordnancesurvey.co.uk/id/osgb4000000074546579,Cronberry,,,,populatedPlace,Hamlet,260337.210,622558.280,5000,25000,260178.686,622361.955,261093.617,623219.471,KA18,http://data.ordnancesurvey.co.uk/id/postcodedistrict/KA18,,,,,,,East Ayrshire,http://data.ordnancesurvey.co.uk/id/7000000000043393,http://data.ordnancesurvey.co.uk/ontology/admingeo/UnitaryAuthority,Scotland,http://data.ordnancesurvey.co.uk/id/7000000000041429,Scotland,http://data.ordnancesurvey.co.uk/id/country/scotland,,,http://sws.geonames.org/2651921
osgb4000000074548077,http://data.ordnancesurvey.co.uk/id/osgb4000000074548077,Glenbuck,,,,populatedPlace,Other Settlement,275352.020,628793.670,15000,25000,274792.490,628314.246,275735.889,629656.262,KA18,http://data.ordnancesurvey.co.uk/id/postcodedistrict/KA18,,,,,,,East Ayrshire,http://data.ordnancesurvey.co.uk/id/7000000000043393,http://data.ordnancesurvey.co.uk/ontology/admingeo/UnitaryAuthority,Scotland,http://data.ordnancesurvey.co.uk/id/7000000000041429,Scotland,http://data.ordnancesurvey.co.uk/id/country/scotland,,,http://sws.geonames.org/2648519
osgb4000000074541137,http://data.ordnancesurvey.co.uk/id/osgb4000000074541137,Muirkirk,,,,populatedPlace,Village,269787.050,627447.950,13000,250000,268268.815,626505.074,270293.539,627812.390,KA18,http://data.ordnancesurvey.co.uk/id/postcodedistrict/KA18,,,,,,,East Ayrshire,http://data.ordnancesurvey.co.uk/id/7000000000043393,http://data.ordnancesurvey.co.uk/ontology/admingeo/UnitaryAuthority,Scotland,http://data.ordnancesurvey.co.uk/id/7000000000041429,Scotland,http://data.ordnancesurvey.co.uk/id/country/scotland,,http://dbpedia.org/resource/Muirkirk,http://sws.geonames.org/2642005
KA183RN,http://data.ordnancesurvey.co.uk/id/postcodeunit/KA183RN,KA18 3RN,,,,other,Postcode,269634.200,627537.200,3500,18000,,,,,,,Muirkirk,http://data.ordnancesurvey.co.uk/id/4000000074541137,http://www.ordnancesurvey.co.uk/xml/codelists/localtype.xml#village,,,,East Ayrshire,http://data.ordnancesurvey.co.uk/id/7000000000043393,http://data.ordnancesurvey.co.uk/ontology/admingeo/UnitaryAuthority,Scotland,http://data.ordnancesurvey.co.uk/id/7000000000041429,Scotland,http://data.ordnancesurvey.co.uk/id/country/scotland,,,
KA183RZ,http://data.ordnancesurvey.co.uk/id/postcodeunit/KA183RZ,KA18 3RZ,,,,other,Postcode,270772.485,627245.107,3500,18000,,,,,,,,,,,,,East Ayrshire,http://data.ordnancesurvey.co.uk/id/7000000000043393,http://data.ordnancesurvey.co.uk/ontology/admingeo/UnitaryAuthority,Scotland,http://data.ordnancesurvey.co.uk/id/7000000000041429,Scotland,http://data.ordnancesurvey.co.uk/id/country/scotland,,,
KA183PH,http://data.ordnancesurvey.co.uk/id/postcodeunit/KA183PH,KA18 3PH,,,,other,Postcode,268738.400,626974.400,3500,18000,,,,,,,Muirkirk,http://data.ordnancesurvey.co.uk/id/4000000074541137,http://www.ordnancesurvey.co.uk/xml/codelists/localtype.xml#village,,,,East Ayrshire,http://data.ordnancesurvey.co.uk/id/7000000000043393,http://data.ordnancesurvey.co.uk/ontology/admingeo/UnitaryAuthority,Scotland,http://data.ordnancesurvey.co.uk/id/7000000000041429,Scotland,http://data.ordnancesurvey.co.uk/id/country/scotland,,,
KA183PZ,http://data.ordnancesurvey.co.uk/id/postcodeunit/KA183PZ,KA18 3PZ,,,,other,Postcode,268494.600,626787.100,3500,18000,,,,,,,Muirkirk,http://data.ordnancesurvey.co.uk/id/4000000074541137,http://www.ordnancesurvey.co.uk/xml/codelists/localtype.xml#village,,,,East Ayrshire,http://data.ordnancesurvey.co.uk/id/7000000000043393,http://data.ordnancesurvey.co.uk/ontology/admingeo/UnitaryAuthority,Scotland,http://data.ordnancesurvey.co.uk/id/7000000000041429,Scotland,http://data.ordnancesurvey.co.uk/id/country/scotland,,,
KA183RL,http://data.ordnancesurvey.co.uk/id/postcodeunit/KA183RL,KA18 3RL,,,,other,Postcode,269581.100,627492.400,3500,18000,,,,,,,Muirkirk,http://data.ordnancesurvey.co.uk/id/4000000074541137,http://www.ordnancesurvey.co.uk/xml/codelists/localtype.xml#village,,,,East Ayrshire,http://data.ordnancesurvey.co.uk/id/7000000000043393,http://data.ordnancesurvey.co.uk/ontology/admingeo/UnitaryAuthority,Scotland,http://data.ordnancesurvey.co.uk/id/7000000000041429,Scotland,http://data.ordnancesurvey.co.uk/id/country/scotland,,,
ML110HP,http://data.ordnancesurvey.co.uk/id/postcodeunit/ML110HP,ML11 0HP,,,,other,Postcode,276944.332,637885.823,3500,18000,,,,,,,,,,,,,South Lanarkshire,http://data.ordnancesurvey.co.uk/id/7000000000030847,http://data.ordnancesurvey.co.uk/ontology/admingeo/UnitaryAuthority,Scotland,http://data.ordnancesurvey.co.uk/id/7000000000041429,Scotland,http://data.ordnancesurvey.co.uk/id/country/scotland,,,
KA183ND,http://data.ordnancesurvey.co.uk/id/postcodeunit/KA183ND,KA18 3ND,,,,other,Postcode,268792.000,626435.000,3500,18000,,,,,,,Kames,http://data.ordnancesurvey.co.uk/id/4000000074546593,http://www.ordnancesurvey.co.uk/xml/codelists/localtype.xml#otherSettlement,,,,East Ayrshire,http://data.ordnancesurvey.co.uk/id/7000000000043393,http://data.ordnancesurvey.co.uk/ontology/admingeo/UnitaryAuthority,Scotland,http://data.ordnancesurvey.co.uk/id/7000000000041429,Scotland,http://data.ordnancesurvey.co.uk/id/country/scotland,,,
KA183PF,http://data.ordnancesurvey.co.uk/id/postcodeunit/KA183PF,KA18 3PF,,,,other,Postcode,268744.900,626881.400,3500,18000,,,,,,,Muirkirk,http://data.ordnancesurvey.co.uk/id/4000000074541137,http://www.ordnancesurvey.co.uk/xml/codelists/localtype.xml#village,,,,East Ayrshire,http://data.ordnancesurvey.co.uk/id/7000000000043393,http://data.ordnancesurvey.co.uk/ontology/admingeo/UnitaryAuthority,Scotland,http://data.ordnancesurvey.co.uk/id/7000000000041429,Scotland,http://data.ordnancesurvey.co.uk/id/country/scotland,,,
KA183NL,http://data.ordnancesurvey.co.uk/id/postcodeunit/KA183NL,KA18 3NL,,,,other,Postcode,269438.800,630054.800,3500,18000,,,,,,,,,,,,,East Ayrshire,http://data.ordnancesurvey.co.uk/id/7000000000043393,http://data.ordnancesurvey.co.uk/ontology/admingeo/UnitaryAuthority,Scotland,http://data.ordnancesurvey.co.uk/id/7000000000041429,Scotland,http://data.ordnancesurvey.co.uk/id/country/scotland,,,
KA183PW,http://data.ordnancesurvey.co.uk/id/postcodeunit/KA183PW,KA18 3PW,,,,other,Postcode,268691.900,626998.000,3500,18000,,,,,,,Muirkirk,http://data.ordnancesurvey.co.uk/id/4000000074541137,http://www.ordnancesurvey.co.uk/xml/codelists/localtype.xml#village,,,,East Ayrshire,http://data.ordnancesurvey.co.uk/id/7000000000043393,http://data.ordnancesurvey.co.uk/ontology/admingeo/UnitaryAuthority,Scotland,http://data.ordnancesurvey.co.uk/id/7000000000041429,Scotland,http://data.ordnancesurvey.co.uk/id/country/scotland,,,
ML110HW,http://data.ordnancesurvey.co.uk/id/postcodeunit/ML110HW,ML11 0HW,,,,other,Postcode,276999.974,636315.139,3500,18000,,,,,,,,,,,,,South Lanarkshire,http://data.ordnancesurvey.co.uk/id/7000000000030847,http://data.ordnancesurvey.co.uk/ontology/admingeo/UnitaryAuthority,Scotland,http://data.ordnancesurvey.co.uk/id/7000000000041429,Scotland,http://data.ordnancesurvey.co.uk/id/country/scotland,,,
KA183PR,http://data.ordnancesurvey.co.uk/id/postcodeunit/KA183PR,KA18 3PR,,,,other,Postcode,268534.700,626867.900,3500,18000,,,,,,,Muirkirk,http://data.ordnancesurvey.co.uk/id/4000000074541137,http://www.ordnancesurvey.co.uk/xml/codelists/localtype.xml#village,,,,East Ayrshire,http://data.ordnancesurvey.co.uk/id/7000000000043393,http://data.ordnancesurvey.co.uk/ontology/admingeo/UnitaryAuthority,Scotland,http://data.ordnancesurvey.co.uk/id/7000000000041429,Scotland,http://data.ordnancesurvey.co.uk/id/country/scotland,,,
KA183QG,http://data.ordnancesurvey.co.uk/id/postcodeunit/KA183QG,KA18 3QG,,,,other,Postcode,268408.800,626615.800,3500,18000,,,,,,,Muirkirk,http://data.ordnancesurvey.co.uk/id/4000000074541137,http://www.ordnancesurvey.co.uk/xml/codelists/localtype.xml#village,,,,East Ayrshire,http://data.ordnancesurvey.co.uk/id/7000000000043393,http://data.ordnancesurvey.co.uk/ontology/admingeo/UnitaryAuthority,Scotland,http://data.ordnancesurvey.co.uk/id/7000000000041429,Scotland,http://data.ordnancesurvey.co.uk/id/country/scotland,,,
KA183RB,http://data.ordnancesurvey.co.uk/id/postcodeunit/KA183RB,KA18 3RB,,,,other,Postcode,269621.500,627236.900,3500,18000,,,,,,,Muirkirk,http://data.ordnancesurvey.co.uk/id/4000000074541137,http://www.ordnancesurvey.co.uk/xml/codelists/localtype.xml#village,,,,East Ayrshire,http://data.ordnancesurvey.co.uk/id/7000000000043393,http://data.ordnancesurvey.co.uk/ontology/admingeo/UnitaryAuthority,Scotland,http://data.ordnancesurvey.co.uk/id/7000000000041429,Scotland,http://data.ordnancesurvey.co.uk/id/country/scotland,,,
KA183QB,http://data.ordnancesurvey.co.uk/id/postcodeunit/KA183QB,KA18 3QB,,,,other,Postcode,268362.500,626803.700,3500,18000,,,,,,,Muirkirk,http://data.ordnancesurvey.co.uk/id/4000000074541137,http://www.ordnancesurvey.co.uk/xml/codelists/localtype.xml#village,,,,East Ayrshire,http://data.ordnancesurvey.co.uk/id/7000000000043393,http://data.ordnancesurvey.co.uk/ontology/admingeo/UnitaryAuthority,Scotland,http://data.ordnancesurvey.co.uk/id/7000000000041429,Scotland,http://data.ordnancesurvey.co.uk/id/country/scotland,,,
KA183SB,http://data.ordnancesurvey.co.uk/id/postcodeunit/KA183SB,KA18 3SB,,,,other,Postcode,275402.567,629049.500,3500,18000,,,,,,,Glenbuck,http://data.ordnancesurvey.co.uk/id/4000000074548077,http://www.ordnancesurvey.co.uk/xml/codelists/localtype.xml#otherSettlement,,,,East Ayrshire,http://data.ordnancesurvey.co.uk/id/7000000000043393,http://data.ordnancesurvey.co.uk/ontology/admingeo/UnitaryAuthority,Scotland,http://data.ordnancesurvey.co.uk/id/7000000000041429,Scotland,http://data.ordnancesurvey.co.uk/id/country/scotland,,,
KA183QX,http://data.ordnancesurvey.co.uk/id/postcodeunit/KA183QX,KA18 3QX,,,,other,Postcode,269749.200,627593.700,3500,18000,,,,,,,Muirkirk,http://data.ordnancesurvey.co.uk/id/4000000074541137,http://www.ordnancesurvey.co.uk/xml/codelists/localtype.xml#village,,,,East Ayrshire,http://data.ordnancesurvey.co.uk/id/7000000000043393,http://data.ordnancesurvey.co.uk/ontology/admingeo/UnitaryAuthority,Scotland,http://data.ordnancesurvey.co.uk/id/7000000000041429,Scotland,http://data.ordnancesurvey.co.uk/id/country/scotland,,,
KA183PX,http://data.ordnancesurvey.co.uk/id/postcodeunit/KA183PX,KA18 3PX,,,,other,Postcode,268402.100,626849.500,3500,18000,,,,,,,Muirkirk,http://data.ordnancesurvey.co.uk/id/4000000074541137,http://www.ordnancesurvey.co.uk/xml/codelists/localtype.xml#village,,,,East Ayrshire,http://data.ordnancesurvey.co.uk/id/7000000000043393,http://data.ordnancesurvey.co.uk/ontology/admingeo/UnitaryAuthority,Scotland,http://data.ordnancesurvey.co.uk/id/7000000000041429,Scotland,http://data.ordnancesurvey.co.uk/id/country/scotland,,,
KA183PU,http://data.ordnancesurvey.co.uk/id/postcodeunit/KA183PU,KA18 3PU,,,,other,Postcode,268605.510,626809.180,3500,18000,,,,,,,Muirkirk,http://data.ordnancesurvey.co.uk/id/4000000074541137,http://www.ordnancesurvey.co.uk/xml/codelists/localtype.xml#village,,,,East Ayrshire,http://data.ordnancesurvey.co.uk/id/7000000000043393,http://data.ordnancesurvey.co.uk/ontology/admingeo/UnitaryAuthority,Scotland,http://data.ordnancesurvey.co.uk/id/7000000000041429,Scotland,http://data.ordnancesurvey.co.uk/id/country/scotland,,,
KA183NB,http://data.ordnancesurvey.co.uk/id/postcodeunit/KA183NB,KA18 3NB,,,,other,Postcode,268705.500,626667.400,3500,18000,,,,,,,Muirkirk,http://data.ordnancesurvey.co.uk/id/4000000074541137,http://www.ordnancesurvey.co.uk/xml/codelists/localtype.xml#village,,,,East Ayrshire,http://data.ordnancesurvey.co.uk/id/7000000000043393,http://data.ordnancesurvey.co.uk/ontology/admingeo/UnitaryAuthority,Scotland,http://data.ordnancesurvey.co.uk/id/7000000000041429,Scotland,http://data.ordnancesurvey.co.uk/id/country/scotland,,,
KA183PQ,http://data.ordnancesurvey.co.uk/id/postcodeunit/KA183PQ,KA18 3PQ,,,,other,Postcode,268889.500,627000.500,3500,18000,,,,,,,Muirkirk,http://data.ordnancesurvey.co.uk/id/4000000074541137,http://www.ordnancesurvey.co.uk/xml/codelists/localtype.xml#village,,,,East Ayrshire,http://data.ordnancesurvey.co.uk/id/7000000000043393,http://data.ordnancesurvey.co.uk/ontology/admingeo/UnitaryAuthority,Scotland,http://data.ordnancesurvey.co.uk/id/7000000000041429,Scotland,http://data.ordnancesurvey.co.uk/id/country/scotland,,,
KA183QZ,http://data.ordnancesurvey.co.uk/id/postcodeunit/KA183QZ,KA18 3QZ,,,,other,Postcode,269745.400,627311.400,3500,18000,,,,,,,Muirkirk,http://data.ordnancesurvey.co.uk/id/4000000074541137,http://www.ordnancesurvey.co.uk/xml/codelists/localtype.xml#village,,,,East Ayrshire,http://data.ordnancesurvey.co.uk/id/7000000000043393,http://data.ordnancesurvey.co.uk/ontology/admingeo/UnitaryAuthority,Scotland,http://data.ordnancesurvey.co.uk/id/7000000000041429,Scotland,http://data.ordnancesurvey.co.uk/id/country/scotland,,,
ML106QF,http://data.ordnancesurvey.co.uk/id/postcodeunit/ML106QF,ML10 6QF,,,,other,Postcode,265180.872,639838.404,3500,18000,,,,,,,,,,,,,South Lanarkshire,http://data.ordnancesurvey.co.uk/id/7000000000030847,http://data.ordnancesurvey.co.uk/ontology/admingeo/UnitaryAuthority,Scotland,http://data.ordnancesurvey.co.uk/id/7000000000041429,Scotland,http://data.ordnancesurvey.co.uk/id/country/scotland,,,
KA183QU,http://data.ordnancesurvey.co.uk/id/postcodeunit/KA183QU,KA18 3QU,,,,other,Postcode,269967.100,627721.200,3500,18000,,,,,,,Muirkirk,http://data.ordnancesurvey.co.uk/id/4000000074541137,http://www.ordnancesurvey.co.uk/xml/codelists/localtype.xml#village,,,,East Ayrshire,http://data.ordnancesurvey.co.uk/id/7000000000043393,http://data.ordnancesurvey.co.uk/ontology/admingeo/UnitaryAuthority,Scotland,http://data.ordnancesurvey.co.uk/id/7000000000041429,Scotland,http://data.ordnancesurvey.co.uk/id/country/scotland,,,
ML106RG,http://data.ordnancesurvey.co.uk/id/postcodeunit/ML106RG,ML10 6RG,,,,other,Postcode,264776.550,636092.817,3500,18000,,,,,,,,,,,,,South Lanarkshire,http://data.ordnancesurvey.co.uk/id/7000000000030847,http://data.ordnancesurvey.co.uk/ontology/admingeo/UnitaryAuthority,Scotland,http://data.ordnancesurvey.co.uk/id/7000000000041429,Scotland,http://data.ordnancesurvey.co.uk/id/country/scotland,,,
ML106QL,http://data.ordnancesurvey.co.uk/id/postcodeunit/ML106QL,ML10 6QL,,,,other,Postcode,262358.992,639640.875,3500,18000,,,,,,,,,,,,,South Lanarkshire,http://data.ordnancesurvey.co.uk/id/7000000000030847,http://data.ordnancesurvey.co.uk/ontology/admingeo/UnitaryAuthority,Scotland,http://data.ordnancesurvey.co.uk/id/7000000000041429,Scotland,http://data.ordnancesurvey.co.uk/id/country/scotland,,,
ML106SW,http://data.ordnancesurvey.co.uk/id/postcodeunit/ML106SW,ML10 6SW,,,,other,Postcode,265808.900,637395.100,3500,18000,,,,,,,,,,,,,South Lanarkshire,http://data.ordnancesurvey.co.uk/id/7000000000030847,http://data.ordnancesurvey.co.uk/ontology/admingeo/UnitaryAuthority,Scotland,http://data.ordnancesurvey.co.uk/id/7000000000041429,Scotland,http://data.ordnancesurvey.co.uk/id/country/scotland,,,
KA183QE,http://data.ordnancesurvey.co.uk/id/postcodeunit/KA183QE,KA18 3QE,,,,other,Postcode,268650.100,626716.000,3500,18000,,,,,,,Muirkirk,http://data.ordnancesurvey.co.uk/id/4000000074541137,http://www.ordnancesurvey.co.uk/xml/codelists/localtype.xml#village,,,,East Ayrshire,http://data.ordnancesurvey.co.uk/id/7000000000043393,http://data.ordnancesurvey.co.uk/ontology/admingeo/UnitaryAuthority,Scotland,http://data.ordnancesurvey.co.uk/id/7000000000041429,Scotland,http://data.ordnancesurvey.co.uk/id/country/scotland,,,
KA183NH,http://data.ordnancesurvey.co.uk/id/postcodeunit/KA183NH,KA18 3NH,,,,other,Postcode,262467.613,627873.225,3500,18000,,,,,,,,,,,,,East Ayrshire,http://data.ordnancesurvey.co.uk/id/7000000000043393,http://data.ordnancesurvey.co.uk/ontology/admingeo/UnitaryAuthority,Scotland,http://data.ordnancesurvey.co.uk/id/7000000000041429,Scotland,http://data.ordnancesurvey.co.uk/id/country/scotland,,,
KA183RP,http://data.ordnancesurvey.co.uk/id/postcodeunit/KA183RP,KA18 3RP,,,,other,Postcode,269536.700,627729.800,3500,18000,,,,,,,Muirkirk,http://data.ordnancesurvey.co.uk/id/4000000074541137,http://www.ordnancesurvey.co.uk/xml/codelists/localtype.xml#village,,,,East Ayrshire,http://data.ordnancesurvey.co.uk/id/7000000000043393,http://data.ordnancesurvey.co.uk/ontology/admingeo/UnitaryAuthority,Scotland,http://data.ordnancesurvey.co.uk/id/7000000000041429,Scotland,http://data.ordnancesurvey.co.uk/id/country/scotland,,,
KA183QR,http://data.ordnancesurvey.co.uk/id/postcodeunit/KA183QR,KA18 3QR,,,,other,Postcode,269697.500,627380.700,3500,18000,,,,,,,Muirkirk,http://data.ordnancesurvey.co.uk/id/4000000074541137,http://www.ordnancesurvey.co.uk/xml/codelists/localtype.xml#village,,,,East Ayrshire,http://data.ordnancesurvey.co.uk/id/7000000000043393,http://data.ordnancesurvey.co.uk/ontology/admingeo/UnitaryAuthority,Scotland,http://data.ordnancesurvey.co.uk/id/7000000000041429,Scotland,http://data.ordnancesurvey.co.uk/id/country/scotland,,,
ML110SH,http://data.ordnancesurvey.co.uk/id/postcodeunit/ML110SH,ML11 0SH,,,,other,Postcode,279461.917,624283.417,3500,18000,,,,,,,,,,,,,South Lanarkshire,http://data.ordnancesurvey.co.uk/id/7000000000030847,http://data.ordnancesurvey.co.uk/ontology/admingeo/UnitaryAuthority,Scotland,http://data.ordnancesurvey.co.uk/id/7000000000041429,Scotland,http://data.ordnancesurvey.co.uk/id/country/scotland,,,
ML106QG,http://data.ordnancesurvey.co.uk/id/postcodeunit/ML106QG,ML10 6QG,,,,other,Postcode,264040.121,638636.606,3500,18000,,,,,,,,,,,,,South Lanarkshire,http://data.ordnancesurvey.co.uk/id/7000000000030847,http://data.ordnancesurvey.co.uk/ontology/admingeo/UnitaryAuthority,Scotland,http://data.ordnancesurvey.co.uk/id/7000000000041429,Scotland,http://data.ordnancesurvey.co.uk/id/country/scotland,,,
ML106QQ,http://data.ordnancesurvey.co.uk/id/postcodeunit/ML106QQ,ML10 6QQ,,,,other,Postcode,263873.078,638540.505,3500,18000,,,,,,,,,,,,,South Lanarkshire,http://data.ordnancesurvey.co.uk/id/7000000000030847,http://data.ordnancesurvey.co.uk/ontology/admingeo/UnitaryAuthority,Scotland,http://data.ordnancesurvey.co.uk/id/7000000000041429,Scotland,http://data.ordnancesurvey.co.uk/id/country/scotland,,,
KA183NE,http://data.ordnancesurvey.co.uk/id/postcodeunit/KA183NE,KA18 3NE,,,,other,Postcode,266990.500,626156.700,3500,18000,,,,,,,,,,,,,East Ayrshire,http://data.ordnancesurvey.co.uk/id/7000000000043393,http://data.ordnancesurvey.co.uk/ontology/admingeo/UnitaryAuthority,Scotland,http://data.ordnancesurvey.co.uk/id/7000000000041429,Scotland,http://data.ordnancesurvey.co.uk/id/country/scotland,,,
KA170LY,http://data.ordnancesurvey.co.uk/id/postcodeunit/KA170LY,KA17 0LY,,,,other,Postcode,260123.200,637298.350,3500,18000,,,,,,,,,,,,,East Ayrshire,http://data.ordnancesurvey.co.uk/id/7000000000043393,http://data.ordnancesurvey.co.uk/ontology/admingeo/UnitaryAuthority,Scotland,http://data.ordnancesurvey.co.uk/id/7000000000041429,Scotland,http://data.ordnancesurvey.co.uk/id/country/scotland,,,
KA183QD,http://data.ordnancesurvey.co.uk/id/postcodeunit/KA183QD,KA18 3QD,,,,other,Postcode,268551.500,626721.900,3500,18000,,,,,,,Muirkirk,http://data.ordnancesurvey.co.uk/id/4000000074541137,http://www.ordnancesurvey.co.uk/xml/codelists/localtype.xml#village,,,,East Ayrshire,http://data.ordnancesurvey.co.uk/id/7000000000043393,http://data.ordnancesurvey.co.uk/ontology/admingeo/UnitaryAuthority,Scotland,http://data.ordnancesurvey.co.uk/id/7000000000041429,Scotland,http://data.ordnancesurvey.co.uk/id/country/scotland,,,
KA170NA,http://data.ordnancesurvey.co.uk/id/postcodeunit/KA170NA,KA17 0NA,,,,other,Postcode,260066.500,636177.300,3500,18000,,,,,,,,,,,,,East Ayrshire,http://data.ordnancesurvey.co.uk/id/7000000000043393,http://data.ordnancesurvey.co.uk/ontology/admingeo/UnitaryAuthority,Scotland,http://data.ordnancesurvey.co.uk/id/7000000000041429,Scotland,http://data.ordnancesurvey.co.uk/id/country/scotland,,,
KA183PY,http://data.ordnancesurvey.co.uk/id/postcodeunit/KA183PY,KA18 3PY,,,,other,Postcode,268416.100,626913.700,3500,18000,,,,,,,Muirkirk,http://data.ordnancesurvey.co.uk/id/4000000074541137,http://www.ordnancesurvey.co.uk/xml/codelists/localtype.xml#village,,,,East Ayrshire,http://data.ordnancesurvey.co.uk/id/7000000000043393,http://data.ordnancesurvey.co.uk/ontology/admingeo/UnitaryAuthority,Scotland,http://data.ordnancesurvey.co.uk/id/7000000000041429,Scotland,http://data.ordnancesurvey.co.uk/id/country/scotland,,,
KA183RJ,http://data.ordnancesurvey.co.uk/id/postcodeunit/KA183RJ,KA18 3RJ,,,,other,Postcode,269578.300,627413.400,3500,18000,,,,,,,Muirkirk,http://data.ordnancesurvey.co.uk/id/4000000074541137,http://www.ordnancesurvey.co.uk/xml/codelists/localtype.xml#village,,,,East Ayrshire,http://data.ordnancesurvey.co.uk/id/7000000000043393,http://data.ordnancesurvey.co.uk/ontology/admingeo/UnitaryAuthority,Scotland,http://data.ordnancesurvey.co.uk/id/7000000000041429,Scotland,http://data.ordnancesurvey.co.uk/id/country/scotland,,,
ML110SJ,http://data.ordnancesurvey.co.uk/id/postcodeunit/ML110SJ,ML11 0SJ,,,,other,Postcode,278801.400,628124.200,3500,18000,,,,,,,,,,,,,South Lanarkshire,http://data.ordnancesurvey.co.uk/id/7000000000030847,http://data.ordnancesurvey.co.uk/ontology/admingeo/UnitaryAuthority,Scotland,http://data.ordnancesurvey.co.uk/id/7000000000041429,Scotland,http://data.ordnancesurvey.co.uk/id/country/scotland,,,
KA183SA,http://data.ordnancesurvey.co.uk/id/postcodeunit/KA183SA,KA18 3SA,,,,other,Postcode,270668.040,627907.180,3500,18000,,,,,,,,,,,,,East Ayrshire,http://data.ordnancesurvey.co.uk/id/7000000000043393,http://data.ordnancesurvey.co.uk/ontology/admingeo/UnitaryAuthority,Scotland,http://data.ordnancesurvey.co.uk/id/7000000000041429,Scotland,http://data.ordnancesurvey.co.uk/id/country/scotland,,,
KA183QF,http://data.ordnancesurvey.co.uk/id/postcodeunit/KA183QF,KA18 3QF,,,,other,Postcode,268430.100,626587.900,3500,18000,,,,,,,Muirkirk,http://data.ordnancesurvey.co.uk/id/4000000074541137,http://www.ordnancesurvey.co.uk/xml/codelists/localtype.xml#village,,,,East Ayrshire,http://data.ordnancesurvey.co.uk/id/7000000000043393,http://data.ordnancesurvey.co.uk/ontology/admingeo/UnitaryAuthority,Scotland,http://data.ordnancesurvey.co.uk/id/7000000000041429,Scotland,http://data.ordnancesurvey.co.uk/id/country/scotland,,,
KA183SD,http://data.ordnancesurvey.co.uk/id/postcodeunit/KA183SD,KA18 3SD,,,,other,Postcode,274973.600,628385.300,3500,18000,,,,,,,,,,,,,East Ayrshire,http://data.ordnancesurvey.co.uk/id/7000000000043393,http://data.ordnancesurvey.co.uk/ontology/admingeo/UnitaryAuthority,Scotland,http://data.ordnancesurvey.co.uk/id/7000000000041429,Scotland,http://data.ordnancesurvey.co.uk/id/country/scotland,,,
KA183QY,http://data.ordnancesurvey.co.uk/id/postcodeunit/KA183QY,KA18 3QY,,,,other,Postcode,269848.878,627449.733,3500,18000,,,,,,,Muirkirk,http://data.ordnancesurvey.co.uk/id/4000000074541137,http://www.ordnancesurvey.co.uk/xml/codelists/localtype.xml#village,,,,East Ayrshire,http://data.ordnancesurvey.co.uk/id/7000000000043393,http://data.ordnancesurvey.co.uk/ontology/admingeo/UnitaryAuthority,Scotland,http://data.ordnancesurvey.co.uk/id/7000000000041429,Scotland,http://data.ordnancesurvey.co.uk/id/country/scotland,,,
KA183NQ,http://data.ordnancesurvey.co.uk/id/postcodeunit/KA183NQ,KA18 3NQ,,,,other,Postcode,265558.100,626735.700,3500,18000,,,,,,,,,,,,,East Ayrshire,http://data.ordnancesurvey.co.uk/id/7000000000043393,http://data.ordnancesurvey.co.uk/ontology/admingeo/UnitaryAuthority,Scotland,http://data.ordnancesurvey.co.uk/id/7000000000041429,Scotland,http://data.ordnancesurvey.co.uk/id/country/scotland,,,
KA183RA,http://data.ordnancesurvey.co.uk/id/postcodeunit/KA183RA,KA18 3RA,,,,other,Postcode,269618.700,627237.900,3500,18000,,,,,,,Muirkirk,http://data.ordnancesurvey.co.uk/id/4000000074541137,http://www.ordnancesurvey.co.uk/xml/codelists/localtype.xml#village,,,,East Ayrshire,http://data.ordnancesurvey.co.uk/id/7000000000043393,http://data.ordnancesurvey.co.uk/ontology/admingeo/UnitaryAuthority,Scotland,http://data.ordnancesurvey.co.uk/id/7000000000041429,Scotland,http://data.ordnancesurvey.co.uk/id/country/scotland,,,
ML110HL,http://data.ordnancesurvey.co.uk/id/postcodeunit/ML110HL,ML11 0HL,,,,other,Postcode,279226.815,637314.404,3500,18000,,,,,,,,,,,,,South Lanarkshire,http://data.ordnancesurvey.co.uk/id/7000000000030847,http://data.ordnancesurvey.co.uk/ontology/admingeo/UnitaryAuthority,Scotland,http://data.ordnancesurvey.co.uk/id/7000000000041429,Scotland,http://data.ordnancesurvey.co.uk/id/country/scotland,,,
KA183NG,http://data.ordnancesurvey.co.uk/id/postcodeunit/KA183NG,KA18 3NG,,,,other,Postcode,265213.600,626024.000,3500,18000,,,,,,,,,,,,,East Ayrshire,http://data.ordnancesurvey.co.uk/id/7000000000043393,http://data.ordnancesurvey.co.uk/ontology/admingeo/UnitaryAuthority,Scotland,http://data.ordnancesurvey.co.uk/id/7000000000041429,Scotland,http://data.ordnancesurvey.co.uk/id/country/scotland,,,
KA183RE,http://data.ordnancesurvey.co.uk/id/postcodeunit/KA183RE,KA18 3RE,,,,other,Postcode,269543.370,626997.732,3500,18000,,,,,,,,,,,,,East Ayrshire,http://data.ordnancesurvey.co.uk/id/7000000000043393,http://data.ordnancesurvey.co.uk/ontology/admingeo/UnitaryAuthority,Scotland,http://data.ordnancesurvey.co.uk/id/7000000000041429,Scotland,http://data.ordnancesurvey.co.uk/id/country/scotland,,,
KA183NF,http://data.ordnancesurvey.co.uk/id/postcodeunit/KA183NF,KA18 3NF,,,,other,Postcode,266414.600,626586.500,3500,18000,,,,,,,,,,,,,East Ayrshire,http://data.ordnancesurvey.co.uk/id/7000000000043393,http://data.ordnancesurvey.co.uk/ontology/admingeo/UnitaryAuthority,Scotland,http://data.ordnancesurvey.co.uk/id/7000000000041429,Scotland,http://data.ordnancesurvey.co.uk/id/country/scotland,,,
KA170LX,http://data.ordnancesurvey.co.uk/id/postcodeunit/KA170LX,KA17 0LX,,,,other,Postcode,261399.100,639262.500,3500,18000,,,,,,,,,,,,,East Ayrshire,http://data.ordnancesurvey.co.uk/id/7000000000043393,http://data.ordnancesurvey.co.uk/ontology/admingeo/UnitaryAuthority,Scotland,http://data.ordnancesurvey.co.uk/id/7000000000041429,Scotland,http://data.ordnancesurvey.co.uk/id/country/scotland,,,
KA183PB,http://data.ordnancesurvey.co.uk/id/postcodeunit/KA183PB,KA18 3PB,,,,other,Postcode,268727.500,626839.900,3500,18000,,,,,,,Muirkirk,http://data.ordnancesurvey.co.uk/id/4000000074541137,http://www.ordnancesurvey.co.uk/xml/codelists/localtype.xml#village,,,,East Ayrshire,http://data.ordnancesurvey.co.uk/id/7000000000043393,http://data.ordnancesurvey.co.uk/ontology/admingeo/UnitaryAuthority,Scotland,http://data.ordnancesurvey.co.uk/id/7000000000041429,Scotland,http://data.ordnancesurvey.co.uk/id/country/scotland,,,
KA183PA,http://data.ordnancesurvey.co.uk/id/postcodeunit/KA183PA,KA18 3PA,,,,other,Postcode,268784.433,626823.900,3500,18000,,,,,,,Muirkirk,http://data.ordnancesurvey.co.uk/id/4000000074541137,http://www.ordnancesurvey.co.uk/xml/codelists/localtype.xml#village,,,,East Ayrshire,http://data.ordnancesurvey.co.uk/id/7000000000043393,http://data.ordnancesurvey.co.uk/ontology/admingeo/UnitaryAuthority,Scotland,http://data.ordnancesurvey.co.uk/id/7000000000041429,Scotland,http://data.ordnancesurvey.co.uk/id/country/scotland,,,
KA183NX,http://data.ordnancesurvey.co.uk/id/postcodeunit/KA183NX,KA18 3NX,,,,other,Postcode,268790.700,626790.900,3500,18000,,,,,,,Muirkirk,http://data.ordnancesurvey.co.uk/id/4000000074541137,http://www.ordnancesurvey.co.uk/xml/codelists/localtype.xml#village,,,,East Ayrshire,http://data.ordnancesurvey.co.uk/id/7000000000043393,http://data.ordnancesurvey.co.uk/ontology/admingeo/UnitaryAuthority,Scotland,http://data.ordnancesurvey.co.uk/id/7000000000041429,Scotland,http://data.ordnancesurvey.co.uk/id/country/scotland,,,
KA183PP,http://data.ordnancesurvey.co.uk/id/postcodeunit/KA183PP,KA18 3PP,,,,other,Postcode,268615.700,626941.800,3500,18000,,,,,,,Muirkirk,http://data.ordnancesurvey.co.uk/id/4000000074541137,http://www.ordnancesurvey.co.uk/xml/codelists/localtype.xml#village,,,,East Ayrshire,http://data.ordnancesurvey.co.uk/id/7000000000043393,http://data.ordnancesurvey.co.uk/ontology/admingeo/UnitaryAuthority,Scotland,http://data.ordnancesurvey.co.uk/id/7000000000041429,Scotland,http://data.ordnancesurvey.co.uk/id/country/scotland,,,
KA183PT,http://data.ordnancesurvey.co.uk/id/postcodeunit/KA183PT,KA18 3PT,,,,other,Postcode,268625.100,626781.800,3500,18000,,,,,,,Muirkirk,http://data.ordnancesurvey.co.uk/id/4000000074541137,http://www.ordnancesurvey.co.uk/xml/codelists/localtype.xml#village,,,,East Ayrshire,http://data.ordnancesurvey.co.uk/id/7000000000043393,http://data.ordnancesurvey.co.uk/ontology/admingeo/UnitaryAuthority,Scotland,http://data.ordnancesurvey.co.uk/id/7000000000041429,Scotland,http://data.ordnancesurvey.co.uk/id/country/scotland,,,
KA183NW,http://data.ordnancesurvey.co.uk/id/postcodeunit/KA183NW,KA18 3NW,,,,other,Postcode,270197.900,627990.400,3500,18000,,,,,,,,,,,,,East Ayrshire,http://data.ordnancesurvey.co.uk/id/7000000000043393,http://data.ordnancesurvey.co.uk/ontology/admingeo/UnitaryAuthority,Scotland,http://data.ordnancesurvey.co.uk/id/7000000000041429,Scotland,http://data.ordnancesurvey.co.uk/id/country/scotland,,,
KA183QT,http://data.ordnancesurvey.co.uk/id/postcodeunit/KA183QT,KA18 3QT,,,,other,Postcode,269976.400,627670.100,3500,18000,,,,,,,Muirkirk,http://data.ordnancesurvey.co.uk/id/4000000074541137,http://www.ordnancesurvey.co.uk/xml/codelists/localtype.xml#village,,,,East Ayrshire,http://data.ordnancesurvey.co.uk/id/7000000000043393,http://data.ordnancesurvey.co.uk/ontology/admingeo/UnitaryAuthority,Scotland,http://data.ordnancesurvey.co.uk/id/7000000000041429,Scotland,http://data.ordnancesurvey.co.uk/id/country/scotland,,,
ML110HN,http://data.ordnancesurvey.co.uk/id/postcodeunit/ML110HN,ML11 0HN,,,,other,Postcode,279040.329,635814.949,3500,18000,,,,,,,,,,,,,South Lanarkshire,http://data.ordnancesurvey.co.uk/id/7000000000030847,http://data.ordnancesurvey.co.uk/ontology/admingeo/UnitaryAuthority,Scotland,http://data.ordnancesurvey.co.uk/id/7000000000041429,Scotland,http://data.ordnancesurvey.co.uk/id/country/scotland,,,
ML110HJ,http://data.ordnancesurvey.co.uk/id/postcodeunit/ML110HJ,ML11 0HJ,,,,other,Postcode,279989.267,638739.007,3500,18000,,,,,,,,,,,,,South Lanarkshire,http://data.ordnancesurvey.co.uk/id/7000000000030847,http://data.ordnancesurvey.co.uk/ontology/admingeo/UnitaryAuthority,Scotland,http://data.ordnancesurvey.co.uk/id/7000000000041429,Scotland,http://data.ordnancesurvey.co.uk/id/country/scotland,,,
KA183RX,http://data.ordnancesurvey.co.uk/id/postcodeunit/KA183RX,KA18 3RX,,,,other,Postcode,270209.213,627693.047,3500,18000,,,,,,,Muirkirk,http://data.ordnancesurvey.co.uk/id/4000000074541137,http://www.ordnancesurvey.co.uk/xml/codelists/localtype.xml#village,,,,East Ayrshire,http://data.ordnancesurvey.co.uk/id/7000000000043393,http://data.ordnancesurvey.co.uk/ontology/admingeo/UnitaryAuthority,Scotland,http://data.ordnancesurvey.co.uk/id/7000000000041429,Scotland,http://data.ordnancesurvey.co.uk/id/country/scotland,,,
ML110RZ,http://data.ordnancesurvey.co.uk/id/postcodeunit/ML110RZ,ML11 0RZ,,,,other,Postcode,275063.500,639929.000,3500,18000,,,,,,,,,,,,,South Lanarkshire,http://data.ordnancesurvey.co.uk/id/7000000000030847,http://data.ordnancesurvey.co.uk/ontology/admingeo/UnitaryAuthority,Scotland,http://data.ordnancesurvey.co.uk/id/7000000000041429,Scotland,http://data.ordnancesurvey.co.uk/id/country/scotland,,,
KA183RS,http://data.ordnancesurvey.co.uk/id/postcodeunit/KA183RS,KA18 3RS,,,,other,Postcode,269744.200,627513.600,3500,18000,,,,,,,Muirkirk,http://data.ordnancesurvey.co.uk/id/4000000074541137,http://www.ordnancesurvey.co.uk/xml/codelists/localtype.xml#village,,,,East Ayrshire,http://data.ordnancesurvey.co.uk/id/7000000000043393,http://data.ordnancesurvey.co.uk/ontology/admingeo/UnitaryAuthority,Scotland,http://data.ordnancesurvey.co.uk/id/7000000000041429,Scotland,http://data.ordnancesurvey.co.uk/id/country/scotland,,,
KA183NU,http://data.ordnancesurvey.co.uk/id/postcodeunit/KA183NU,KA18 3NU,,,,other,Postcode,268971.000,626952.900,3500,18000,,,,,,,Muirkirk,http://data.ordnancesurvey.co.uk/id/4000000074541137,http://www.ordnancesurvey.co.uk/xml/codelists/localtype.xml#village,,,,East Ayrshire,http://data.ordnancesurvey.co.uk/id/7000000000043393,http://data.ordnancesurvey.co.uk/ontology/admingeo/UnitaryAuthority,Scotland,http://data.ordnancesurvey.co.uk/id/7000000000041429,Scotland,http://data.ordnancesurvey.co.uk/id/country/scotland,,,
ML106QJ,http://data.ordnancesurvey.co.uk/id/postcodeunit/ML106QJ,ML10 6QJ,,,,other,Postcode,262167.460,638571.420,3500,18000,,,,,,,,,,,,,South Lanarkshire,http://data.ordnancesurvey.co.uk/id/7000000000030847,http://data.ordnancesurvey.co.uk/ontology/admingeo/UnitaryAuthority,Scotland,http://data.ordnancesurvey.co.uk/id/7000000000041429,Scotland,http://data.ordnancesurvey.co.uk/id/country/scotland,,,
KA183NA,http://data.ordnancesurvey.co.uk/id/postcodeunit/KA183NA,KA18 3NA,,,,other,Postcode,263491.600,624690.800,3500,18000,,,,,,,,,,,,,East Ayrshire,http://data.ordnancesurvey.co.uk/id/7000000000043393,http://data.ordnancesurvey.co.uk/ontology/admingeo/UnitaryAuthority,Scotland,http://data.ordnancesurvey.co.uk/id/7000000000041429,Scotland,http://data.ordnancesurvey.co.uk/id/country/scotland,,,
KA183QP,http://data.ordnancesurvey.co.uk/id/postcodeunit/KA183QP,KA18 3QP,,,,other,Postcode,269697.600,627380.500,3500,18000,,,,,,,Muirkirk,http://data.ordnancesurvey.co.uk/id/4000000074541137,http://www.ordnancesurvey.co.uk/xml/codelists/localtype.xml#village,,,,East Ayrshire,http://data.ordnancesurvey.co.uk/id/7000000000043393,http://data.ordnancesurvey.co.uk/ontology/admingeo/UnitaryAuthority,Scotland,http://data.ordnancesurvey.co.uk/id/7000000000041429,Scotland,http://data.ordnancesurvey.co.uk/id/country/scotland,,,
KA183PG,http://data.ordnancesurvey.co.uk/id/postcodeunit/KA183PG,KA18 3PG,,,,other,Postcode,268844.000,626935.600,3500,18000,,,,,,,Muirkirk,http://data.ordnancesurvey.co.uk/id/4000000074541137,http://www.ordnancesurvey.co.uk/xml/codelists/localtype.xml#village,,,,East Ayrshire,http://data.ordnancesurvey.co.uk/id/7000000000043393,http://data.ordnancesurvey.co.uk/ontology/admingeo/UnitaryAuthority,Scotland,http://data.ordnancesurvey.co.uk/id/7000000000041429,Scotland,http://data.ordnancesurvey.co.uk/id/country/scotland,,,
KA183NJ,http://data.ordnancesurvey.co.uk/id/postcodeunit/KA183NJ,KA18 3NJ,,,,other,Postcode,266100.950,628338.483,3500,18000,,,,,,,,,,,,,East Ayrshire,http://data.ordnancesurvey.co.uk/id/7000000000043393,http://data.ordnancesurvey.co.uk/ontology/admingeo/UnitaryAuthority,Scotland,http://data.ordnancesurvey.co.uk/id/7000000000041429,Scotland,http://data.ordnancesurvey.co.uk/id/country/scotland,,,
KA183EL,http://data.ordnancesurvey.co.uk/id/postcodeunit/KA183EL,KA18 3EL,,,,other,Postcode,270040.300,627632.300,3500,18000,,,,,,,Muirkirk,http://data.ordnancesurvey.co.uk/id/4000000074541137,http://www.ordnancesurvey.co.uk/xml/codelists/localtype.xml#village,,,,East Ayrshire,http://data.ordnancesurvey.co.uk/id/7000000000043393,http://data.ordnancesurvey.co.uk/ontology/admingeo/UnitaryAuthority,Scotland,http://data.ordnancesurvey.co.uk/id/7000000000041429,Scotland,http://data.ordnancesurvey.co.uk/id/country/scotland,,,
KA183RD,http://data.ordnancesurvey.co.uk/id/postcodeunit/KA183RD,KA18 3RD,,,,other,Postcode,269701.200,627319.300,3500,18000,,,,,,,Muirkirk,http://data.ordnancesurvey.co.uk/id/4000000074541137,http://www.ordnancesurvey.co.uk/xml/codelists/localtype.xml#village,,,,East Ayrshire,http://data.ordnancesurvey.co.uk/id/7000000000043393,http://data.ordnancesurvey.co.uk/ontology/admingeo/UnitaryAuthority,Scotland,http://data.ordnancesurvey.co.uk/id/7000000000041429,Scotland,http://data.ordnancesurvey.co.uk/id/country/scotland,,,
KA183QS,http://data.ordnancesurvey.co.uk/id/postcodeunit/KA183QS,KA18 3QS,,,,other,Postcode,269859.700,627522.100,3500,18000,,,,,,,Muirkirk,http://data.ordnancesurvey.co.uk/id/4000000074541137,http://www.ordnancesurvey.co.uk/xml/codelists/localtype.xml#village,,,,East Ayrshire,http://data.ordnancesurvey.co.uk/id/7000000000043393,http://data.ordnancesurvey.co.uk/ontology/admingeo/UnitaryAuthority,Scotland,http://data.ordnancesurvey.co.uk/id/7000000000041429,Scotland,http://data.ordnancesurvey.co.uk/id/country/scotland,,,
KA183RU,http://data.ordnancesurvey.co.uk/id/postcodeunit/KA183RU,KA18 3RU,,,,other,Postcode,270113.900,627669.100,3500,18000,,,,,,,Muirkirk,http://data.ordnancesurvey.co.uk/id/4000000074541137,http://www.ordnancesurvey.co.uk/xml/codelists/localtype.xml#village,,,,East Ayrshire,http://data.ordnancesurvey.co.uk/id/7000000000043393,http://data.ordnancesurvey.co.uk/ontology/admingeo/UnitaryAuthority,Scotland,http://data.ordnancesurvey.co.uk/id/7000000000041429,Scotland,http://data.ordnancesurvey.co.uk/id/country/scotland,,,
KA183QA,http://data.ordnancesurvey.co.uk/id/postcodeunit/KA183QA,KA18 3QA,,,,other,Postcode,268496.600,626692.600,3500,18000,,,,,,,Muirkirk,http://data.ordnancesurvey.co.uk/id/4000000074541137,http://www.ordnancesurvey.co.uk/xml/codelists/localtype.xml#village,,,,East Ayrshire,http://data.ordnancesurvey.co.uk/id/7000000000043393,http://data.ordnancesurvey.co.uk/ontology/admingeo/UnitaryAuthority,Scotland,http://data.ordnancesurvey.co.uk/id/7000000000041429,Scotland,http://data.ordnancesurvey.co.uk/id/country/scotland,,,
ML106XF,http://data.ordnancesurvey.co.uk/id/postcodeunit/ML106XF,ML10 6XF,,,,other,Postcode,269556.741,639728.471,3500,18000,,,,,,,,,,,,,South Lanarkshire,http://data.ordnancesurvey.co.uk/id/7000000000030847,http://data.ordnancesurvey.co.uk/ontology/admingeo/UnitaryAuthority,Scotland,http://data.ordnancesurvey.co.uk/id/7000000000041429,Scotland,http://data.ordnancesurvey.co.uk/id/country/scotland,,,
KA183QQ,http://data.ordnancesurvey.co.uk/id/postcodeunit/KA183QQ,KA18 3QQ,,,,other,Postcode,269571.300,626431.700,3500,18000,,,,,,,Kames,http://data.ordnancesurvey.co.uk/id/4000000074546593,http://www.ordnancesurvey.co.uk/xml/codelists/localtype.xml#otherSettlement,,,,East Ayrshire,http://data.ordnancesurvey.co.uk/id/7000000000043393,http://data.ordnancesurvey.co.uk/ontology/admingeo/UnitaryAuthority,Scotland,http://data.ordnancesurvey.co.uk/id/7000000000041429,Scotland,http://data.ordnancesurvey.co.uk/id/country/scotland,,,
KA183PS,http://data.ordnancesurvey.co.uk/id/postcodeunit/KA183PS,KA18 3PS,,,,other,Postcode,268640.500,626866.500,3500,18000,,,,,,,Muirkirk,http://data.ordnancesurvey.co.uk/id/4000000074541137,http://www.ordnancesurvey.co.uk/xml/codelists/localtype.xml#village,,,,East Ayrshire,http://data.ordnancesurvey.co.uk/id/7000000000043393,http://data.ordnancesurvey.co.uk/ontology/admingeo/UnitaryAuthority,Scotland,http://data.ordnancesurvey.co.uk/id/7000000000041429,Scotland,http://data.ordnancesurvey.co.uk/id/country/scotland,,,
KA183RT,http://data.ordnancesurvey.co.uk/id/postcodeunit/KA183RT,KA18 3RT,,,,other,Postcode,270026.300,627708.900,3500,18000,,,,,,,Muirkirk,http://data.ordnancesurvey.co.uk/id/4000000074541137,http://www.ordnancesurvey.co.uk/xml/codelists/localtype.xml#village,,,,East Ayrshire,http://data.ordnancesurvey.co.uk/id/7000000000043393,http://data.ordnancesurvey.co.uk/ontology/admingeo/UnitaryAuthority,Scotland,http://data.ordnancesurvey.co.uk/id/7000000000041429,Scotland,http://data.ordnancesurvey.co.uk/id/country/scotland,,,
KA183LW,http://data.ordnancesurvey.co.uk/id/postcodeunit/KA183LW,KA18 3LW,,,,other,Postcode,260331.600,622677.200,3500,18000,,,,,,,,,,,,,East Ayrshire,http://data.ordnancesurvey.co.uk/id/7000000000043393,http://data.ordnancesurvey.co.uk/ontology/admingeo/UnitaryAuthority,Scotland,http://data.ordnancesurvey.co.uk/id/7000000000041429,Scotland,http://data.ordnancesurvey.co.uk/id/country/scotland,,,
KA183PN,http://data.ordnancesurvey.co.uk/id/postcodeunit/KA183PN,KA18 3PN,,,,other,Postcode,268715.300,627110.400,3500,18000,,,,,,,Muirkirk,http://data.ordnancesurvey.co.uk/id/4000000074541137,http://www.ordnancesurvey.co.uk/xml/codelists/localtype.xml#village,,,,East Ayrshire,http://data.ordnancesurvey.co.uk/id/7000000000043393,http://data.ordnancesurvey.co.uk/ontology/admingeo/UnitaryAuthority,Scotland,http://data.ordnancesurvey.co.uk/id/7000000000041429,Scotland,http://data.ordnancesurvey.co.uk/id/country/scotland,,,
ML106RF,http://data.ordnancesurvey.co.uk/id/postcodeunit/ML106RF,ML10 6RF,,,,other,Postcode,265970.700,637094.130,3500,18000,,,,,,,,,,,,,South Lanarkshire,http://data.ordnancesurvey.co.uk/id/7000000000030847,http://data.ordnancesurvey.co.uk/ontology/admingeo/UnitaryAuthority,Scotland,http://data.ordnancesurvey.co.uk/id/7000000000041429,Scotland,http://data.ordnancesurvey.co.uk/id/country/scotland,,,
KA183LU,http://data.ordnancesurvey.co.uk/id/postcodeunit/KA183LU,KA18 3LU,,,,other,Postcode,260386.800,622603.600,3500,18000,,,,,,,Cronberry,http://data.ordnancesurvey.co.uk/id/4000000074546579,http://www.ordnancesurvey.co.uk/xml/codelists/localtype.xml#hamlet,,,,East Ayrshire,http://data.ordnancesurvey.co.uk/id/7000000000043393,http://data.ordnancesurvey.co.uk/ontology/admingeo/UnitaryAuthority,Scotland,http://data.ordnancesurvey.co.uk/id/7000000000041429,Scotland,http://data.ordnancesurvey.co.uk/id/country/scotland,,,
ML106RH,http://data.ordnancesurvey.co.uk/id/postcodeunit/ML106RH,ML10 6RH,,,,other,Postcode,265767.865,638794.001,3500,18000,,,,,,,,,,,,,South Lanarkshire,http://data.ordnancesurvey.co.uk/id/7000000000030847,http://data.ordnancesurvey.co.uk/ontology/admingeo/UnitaryAuthority,Scotland,http://data.ordnancesurvey.co.uk/id/7000000000041429,Scotland,http://data.ordnancesurvey.co.uk/id/country/scotland,,,
KA183PJ,http://data.ordnancesurvey.co.uk/id/postcodeunit/KA183PJ,KA18 3PJ,,,,other,Postcode,268835.400,627069.100,3500,18000,,,,,,,Muirkirk,http://data.ordnancesurvey.co.uk/id/4000000074541137,http://www.ordnancesurvey.co.uk/xml/codelists/localtype.xml#village,,,,East Ayrshire,http://data.ordnancesurvey.co.uk/id/7000000000043393,http://data.ordnancesurvey.co.uk/ontology/admingeo/UnitaryAuthority,Scotland,http://data.ordnancesurvey.co.uk/id/7000000000041429,Scotland,http://data.ordnancesurvey.co.uk/id/country/scotland,,,
KA183RY,http://data.ordnancesurvey.co.uk/id/postcodeunit/KA183RY,KA18 3RY,,,,other,Postcode,270123.900,627604.300,3500,18000,,,,,,,Muirkirk,http://data.ordnancesurvey.co.uk/id/4000000074541137,http://www.ordnancesurvey.co.uk/xml/codelists/localtype.xml#village,,,,East Ayrshire,http://data.ordnancesurvey.co.uk/id/7000000000043393,http://data.ordnancesurvey.co.uk/ontology/admingeo/UnitaryAuthority,Scotland,http://data.ordnancesurvey.co.uk/id/7000000000041429,Scotland,http://data.ordnancesurvey.co.uk/id/country/scotland,,,
KA183LP,http://data.ordnancesurvey.co.uk/id/postcodeunit/KA183LP,KA18 3LP,,,,other,Postcode,261231.239,622753.661,3500,18000,,,,,,,,,,,,,East Ayrshire,http://data.ordnancesurvey.co.uk/id/7000000000043393,http://data.ordnancesurvey.co.uk/ontology/admingeo/UnitaryAuthority,Scotland,http://data.ordnancesurvey.co.uk/id/7000000000041429,Scotland,http://data.ordnancesurvey.co.uk/id/country/scotland,,,
KA183NN,http://data.ordnancesurvey.co.uk/id/postcodeunit/KA183NN,KA18 3NN,,,,other,Postcode,269738.000,628005.500,3500,18000,,,,,,,,,,,,,East Ayrshire,http://data.ordnancesurvey.co.uk/id/7000000000043393,http://data.ordnancesurvey.co.uk/ontology/admingeo/UnitaryAuthority,Scotland,http://data.ordnancesurvey.co.uk/id/7000000000041429,Scotland,http://data.ordnancesurvey.co.uk/id/country/scotland,,,
KA183RG,http://data.ordnancesurvey.co.uk/id/postcodeunit/KA183RG,KA18 3RG,,,,other,Postcode,269564.400,627260.400,3500,18000,,,,,,,Muirkirk,http://data.ordnancesurvey.co.uk/id/4000000074541137,http://www.ordnancesurvey.co.uk/xml/codelists/localtype.xml#village,,,,East Ayrshire,http://data.ordnancesurvey.co.uk/id/7000000000043393,http://data.ordnancesurvey.co.uk/ontology/admingeo/UnitaryAuthority,Scotland,http://data.ordnancesurvey.co.uk/id/7000000000041429,Scotland,http://data.ordnancesurvey.co.uk/id/country/scotland,,,
ML106RQ,http://data.ordnancesurvey.co.uk/id/postcodeunit/ML106RQ,ML10 6RQ,,,,other,Postcode,263273.200,636908.900,3500,18000,,,,,,,,,,,,,South Lanarkshire,http://data.ordnancesurvey.co.uk/id/7000000000030847,http://data.ordnancesurvey.co.uk/ontology/admingeo/UnitaryAuthority,Scotland,http://data.ordnancesurvey.co.uk/id/7000000000041429,Scotland,http://data.ordnancesurvey.co.uk/id/country/scotland,,,
KA183RW,http://data.ordnancesurvey.co.uk/id/postcodeunit/KA183RW,KA18 3RW,,,,other,Postcode,269525.800,627550.000,3500,18000,,,,,,,Muirkirk,http://data.ordnancesurvey.co.uk/id/4000000074541137,http://www.ordnancesurvey.co.uk/xml/codelists/localtype.xml#village,,,,East Ayrshire,http://data.ordnancesurvey.co.uk/id/7000000000043393,http://data.ordnancesurvey.co.uk/ontology/admingeo/UnitaryAuthority,Scotland,http://data.ordnancesurvey.co.uk/id/7000000000041429,Scotland,http://data.ordnancesurvey.co.uk/id/country/scotland,,,
KA183RQ,http://data.ordnancesurvey.co.uk/id/postcodeunit/KA183RQ,KA18 3RQ,,,,other,Postcode,269603.500,627373.000,3500,18000,,,,,,,Muirkirk,http://data.ordnancesurvey.co.uk/id/4000000074541137,http://www.ordnancesurvey.co.uk/xml/codelists/localtype.xml#village,,,,East Ayrshire,http://data.ordnancesurvey.co.uk/id/7000000000043393,http://data.ordnancesurvey.co.uk/ontology/admingeo/UnitaryAuthority,Scotland,http://data.ordnancesurvey.co.uk/id/7000000000041429,Scotland,http://data.ordnancesurvey.co.uk/id/country/scotland,,,
KA183QW,http://data.ordnancesurvey.co.uk/id/postcodeunit/KA183QW,KA18 3QW,,,,other,Postcode,269997.500,627498.400,3500,18000,,,,,,,Muirkirk,http://data.ordnancesurvey.co.uk/id/4000000074541137,http://www.ordnancesurvey.co.uk/xml/codelists/localtype.xml#village,,,,East Ayrshire,http://data.ordnancesurvey.co.uk/id/7000000000043393,http://data.ordnancesurvey.co.uk/ontology/admingeo/UnitaryAuthority,Scotland,http://data.ordnancesurvey.co.uk/id/7000000000041429,Scotland,http://data.ordnancesurvey.co.uk/id/country/scotland,,,
KA183LS,http://data.ordnancesurvey.co.uk/id/postcodeunit/KA183LS,KA18 3LS,,,,other,Postcode,262816.400,620113.100,3500,18000,,,,,,,,,,,,,East Ayrshire,http://data.ordnancesurvey.co.uk/id/7000000000043393,http://data.ordnancesurvey.co.uk/ontology/admingeo/UnitaryAuthority,Scotland,http://data.ordnancesurvey.co.uk/id/7000000000041429,Scotland,http://data.ordnancesurvey.co.uk/id/country/scotland,,,
KA183RF,http://data.ordnancesurvey.co.uk/id/postcodeunit/KA183RF,KA18 3RF,,,,other,Postcode,269288.838,627086.149,3500,18000,,,,,,,Muirkirk,http://data.ordnancesurvey.co.uk/id/4000000074541137,http://www.ordnancesurvey.co.uk/xml/codelists/localtype.xml#village,,,,East Ayrshire,http://data.ordnancesurvey.co.uk/id/7000000000043393,http://data.ordnancesurvey.co.uk/ontology/admingeo/UnitaryAuthority,Scotland,http://data.ordnancesurvey.co.uk/id/7000000000041429,Scotland,http://data.ordnancesurvey.co.uk/id/country/scotland,,,
KA183LR,http://data.ordnancesurvey.co.uk/id/postcodeunit/KA183LR,KA18 3LR,,,,other,Postcode,260830.400,621648.100,3500,18000,,,,,,,,,,,,,East Ayrshire,http://data.ordnancesurvey.co.uk/id/7000000000043393,http://data.ordnancesurvey.co.uk/ontology/admingeo/UnitaryAuthority,Scotland,http://data.ordnancesurvey.co.uk/id/7000000000041429,Scotland,http://data.ordnancesurvey.co.uk/id/country/scotland,,,
ML106QH,http://data.ordnancesurvey.co.uk/id/postcodeunit/ML106QH,ML10 6QH,,,,other,Postcode,263836.100,638925.900,3500,18000,,,,,,,Drumclog,http://data.ordnancesurvey.co.uk/id/4000000074548089,http://www.ordnancesurvey.co.uk/xml/codelists/localtype.xml#hamlet,,,,South Lanarkshire,http://data.ordnancesurvey.co.uk/id/7000000000030847,http://data.ordnancesurvey.co.uk/ontology/admingeo/UnitaryAuthority,Scotland,http://data.ordnancesurvey.co.uk/id/7000000000041429,Scotland,http://data.ordnancesurvey.co.uk/id/country/scotland,,,
osgb4000000005290535,http://data.ordnancesurvey.co.uk/id/osgb4000000005290535,Stoneyhill Avenue,,,,transportNetwork,Named Road,268759.000,626873.000,1000,20000,268757.000,626849.000,268781.000,626902.000,KA18,http://data.ordnancesurvey.co.uk/id/postcodedistrict/KA18,Muirkirk,http://data.ordnancesurvey.co.uk/id/4000000074541137,http://www.ordnancesurvey.co.uk/xml/codelists/localtype.xml#village,,,,East Ayrshire,http://data.ordnancesurvey.co.uk/id/7000000000043393,http://data.ordnancesurvey.co.uk/ontology/admingeo/UnitaryAuthority,Scotland,http://data.ordnancesurvey.co.uk/id/7000000000041429,Scotland,http://data.ordnancesurvey.co.uk/id/country/scotland,,,
osgb4000000005221103,http://data.ordnancesurvey.co.uk/id/osgb4000000005221103,Kirk Green,,,,transportNetwork,Named Road,270039.000,627718.000,1000,20000,270012.903,627659.224,270074.058,627758.790,KA18,http://data.ordnancesurvey.co.uk/id/postcodedistrict/KA18,Muirkirk,http://data.ordnancesurvey.co.uk/id/4000000074541137,http://www.ordnancesurvey.co.uk/xml/codelists/localtype.xml#village,,,,East Ayrshire,http://data.ordnancesurvey.co.uk/id/7000000000043393,http://data.ordnancesurvey.co.uk/ontology/admingeo/UnitaryAuthority,Scotland,http://data.ordnancesurvey.co.uk/id/7000000000041429,Scotland,http://data.ordnancesurvey.co.uk/id/country/scotland,,,
osgb4000000005205902,http://data.ordnancesurvey.co.uk/id/osgb4000000005205902,Pagan Walk,,,,transportNetwork,Named Road,268742.000,626828.000,3000,20000,268512.000,626786.000,268941.000,626962.000,KA18,http://data.ordnancesurvey.co.uk/id/postcodedistrict/KA18,Muirkirk,http://data.ordnancesurvey.co.uk/id/4000000074541137,http://www.ordnancesurvey.co.uk/xml/codelists/localtype.xml#village,,,,East Ayrshire,http://data.ordnancesurvey.co.uk/id/7000000000043393,http://data.ordnancesurvey.co.uk/ontology/admingeo/UnitaryAuthority,Scotland,http://data.ordnancesurvey.co.uk/id/7000000000041429,Scotland,http://data.ordnancesurvey.co.uk/id/country/scotland,,,
osgb4000000005211881,http://data.ordnancesurvey.co.uk/id/osgb4000000005211881,Hamilton Drive,,,,transportNetwork,Named Road,265829.000,637373.000,1000,20000,265727.000,637313.000,265920.044,637420.000,ML10,http://data.ordnancesurvey.co.uk/id/postcodedistrict/ML10,,,,,,,South Lanarkshire,http://data.ordnancesurvey.co.uk/id/7000000000030847,http://data.ordnancesurvey.co.uk/ontology/admingeo/UnitaryAuthority,Scotland,http://data.ordnancesurvey.co.uk/id/7000000000041429,Scotland,http://data.ordnancesurvey.co.uk/id/country/scotland,,,
osgb4000000005205903,http://data.ordnancesurvey.co.uk/id/osgb4000000005205903,Meanlour Drive,,,,transportNetwork,Named Road,268421.000,626852.000,1000,20000,268312.000,626836.000,268517.000,626852.000,KA18,http://data.ordnancesurvey.co.uk/id/postcodedistrict/KA18,Muirkirk,http://data.ordnancesurvey.co.uk/id/4000000074541137,http://www.ordnancesurvey.co.uk/xml/codelists/localtype.xml#village,,,,East Ayrshire,http://data.ordnancesurvey.co.uk/id/7000000000043393,http://data.ordnancesurvey.co.uk/ontology/admingeo/UnitaryAuthority,Scotland,http://data.ordnancesurvey.co.uk/id/7000000000041429,Scotland,http://data.ordnancesurvey.co.uk/id/country/scotland,,,
osgb4000000005203596,http://data.ordnancesurvey.co.uk/id/osgb4000000005203596,Riverside Gardens,,,,transportNetwork,Named Road,260337.205,622558.283,2000,20000,260188.000,622474.000,260426.561,622696.273,KA18,http://data.ordnancesurvey.co.uk/id/postcodedistrict/KA18,Cronberry,http://data.ordnancesurvey.co.uk/id/4000000074546579,http://www.ordnancesurvey.co.uk/xml/codelists/localtype.xml#hamlet,,,,East Ayrshire,http://data.ordnancesurvey.co.uk/id/7000000000043393,http://data.ordnancesurvey.co.uk/ontology/admingeo/UnitaryAuthority,Scotland,http://data.ordnancesurvey.co.uk/id/7000000000041429,Scotland,http://data.ordnancesurvey.co.uk/id/country/scotland,,,
osgb4000000005232655,http://data.ordnancesurvey.co.uk/id/osgb4000000005232655,B745,,,,transportNetwork,Numbered Road,264237.250,637494.125,13000,250000,263976.000,636860.491,265640.628,638884.000,ML10,http://data.ordnancesurvey.co.uk/id/postcodedistrict/ML10,,,,,,,South Lanarkshire,http://data.ordnancesurvey.co.uk/id/7000000000030847,http://data.ordnancesurvey.co.uk/ontology/admingeo/UnitaryAuthority,Scotland,http://data.ordnancesurvey.co.uk/id/7000000000041429,Scotland,http://data.ordnancesurvey.co.uk/id/country/scotland,,,
osgb4000000005211728,http://data.ordnancesurvey.co.uk/id/osgb4000000005211728,Burns Avenue,,,,transportNetwork,Named Road,269570.600,627334.250,1000,20000,269533.400,627316.250,269618.450,627347.150,KA18,http://data.ordnancesurvey.co.uk/id/postcodedistrict/KA18,Muirkirk,http://data.ordnancesurvey.co.uk/id/4000000074541137,http://www.ordnancesurvey.co.uk/xml/codelists/localtype.xml#village,,,,East Ayrshire,http://data.ordnancesurvey.co.uk/id/7000000000043393,http://data.ordnancesurvey.co.uk/ontology/admingeo/UnitaryAuthority,Scotland,http://data.ordnancesurvey.co.uk/id/7000000000041429,Scotland,http://data.ordnancesurvey.co.uk/id/country/scotland,,,
osgb4000000005211722,http://data.ordnancesurvey.co.uk/id/osgb4000000005211722,Hawkshaw Terrace,,,,transportNetwork,Named Road,268590.000,626637.000,3000,20000,268357.000,626546.000,268778.150,626760.950,KA18,http://data.ordnancesurvey.co.uk/id/postcodedistrict/KA18,Muirkirk,http://data.ordnancesurvey.co.uk/id/4000000074541137,http://www.ordnancesurvey.co.uk/xml/codelists/localtype.xml#village,,,,East Ayrshire,http://data.ordnancesurvey.co.uk/id/7000000000043393,http://data.ordnancesurvey.co.uk/ontology/admingeo/UnitaryAuthority,Scotland,http://data.ordnancesurvey.co.uk/id/7000000000041429,Scotland,http://data.ordnancesurvey.co.uk/id/country/scotland,,,
osgb4000000005203604,http://data.ordnancesurvey.co.uk/id/osgb4000000005203604,Henderson Drive,,,,transportNetwork,Named Road,268616.077,626930.000,3000,20000,268476.000,626616.000,268868.300,627062.150,KA18,http://data.ordnancesurvey.co.uk/id/postcodedistrict/KA18,Muirkirk,http://data.ordnancesurvey.co.uk/id/4000000074541137,http://www.ordnancesurvey.co.uk/xml/codelists/localtype.xml#village,,,,East Ayrshire,http://data.ordnancesurvey.co.uk/id/7000000000043393,http://data.ordnancesurvey.co.uk/ontology/admingeo/UnitaryAuthority,Scotland,http://data.ordnancesurvey.co.uk/id/7000000000041429,Scotland,http://data.ordnancesurvey.co.uk/id/country/scotland,,,
osgb4000000005205908,http://data.ordnancesurvey.co.uk/id/osgb4000000005205908,Wellwood Street,,,,transportNetwork,Named Road,269797.000,627611.000,3000,20000,269617.000,627483.000,270012.903,627758.790,KA18,http://data.ordnancesurvey.co.uk/id/postcodedistrict/KA18,Muirkirk,http://data.ordnancesurvey.co.uk/id/4000000074541137,http://www.ordnancesurvey.co.uk/xml/codelists/localtype.xml#village,,,,East Ayrshire,http://data.ordnancesurvey.co.uk/id/7000000000043393,http://data.ordnancesurvey.co.uk/ontology/admingeo/UnitaryAuthority,Scotland,http://data.ordnancesurvey.co.uk/id/7000000000041429,Scotland,http://data.ordnancesurvey.co.uk/id/country/scotland,,,
765e91e9-65c9-4451-9a44-b8c93c86d327,http://data.ordnancesurvey.co.uk/id/765e91e9-65c9-4451-9a44-b8c93c86d327,Riverside Gardens,,,,transportNetwork,Section Of Named Road,260364.114,622605.264,1000,25000,260225.957,622497.281,260426.561,622696.273,KA18,http://data.ordnancesurvey.co.uk/id/postcodedistrict/KA18,Cronberry,http://data.ordnancesurvey.co.uk/id/4000000074546579,http://www.ordnancesurvey.co.uk/xml/codelists/localtype.xml#hamlet,,,,East Ayrshire,http://data.ordnancesurvey.co.uk/id/7000000000043393,http://data.ordnancesurvey.co.uk/ontology/admingeo/UnitaryAuthority,Scotland,http://data.ordnancesurvey.co.uk/id/7000000000041429,Scotland,http://data.ordnancesurvey.co.uk/id/country/scotland,osgb4000000005203596,,
osgb4000000005211727,http://data.ordnancesurvey.co.uk/id/osgb4000000005211727,Middlefield Drive,,,,transportNetwork,Named Road,269501.394,627750.586,1000,20000,269475.864,627678.800,269622.000,627765.496,KA18,http://data.ordnancesurvey.co.uk/id/postcodedistrict/KA18,Muirkirk,http://data.ordnancesurvey.co.uk/id/4000000074541137,http://www.ordnancesurvey.co.uk/xml/codelists/localtype.xml#village,,,,East Ayrshire,http://data.ordnancesurvey.co.uk/id/7000000000043393,http://data.ordnancesurvey.co.uk/ontology/admingeo/UnitaryAuthority,Scotland,http://data.ordnancesurvey.co.uk/id/7000000000041429,Scotland,http://data.ordnancesurvey.co.uk/id/country/scotland,,,
osgb4000000005228965,http://data.ordnancesurvey.co.uk/id/osgb4000000005228965,Steven Crescent,,,,transportNetwork,Named Road,269584.000,627402.000,1000,20000,269584.000,627402.000,269620.000,627405.000,KA18,http://data.ordnancesurvey.co.uk/id/postcodedistrict/KA18,Muirkirk,http://data.ordnancesurvey.co.uk/id/4000000074541137,http://www.ordnancesurvey.co.uk/xml/codelists/localtype.xml#village,,,,East Ayrshire,http://data.ordnancesurvey.co.uk/id/7000000000043393,http://data.ordnancesurvey.co.uk/ontology/admingeo/UnitaryAuthority,Scotland,http://data.ordnancesurvey.co.uk/id/7000000000041429,Scotland,http://data.ordnancesurvey.co.uk/id/country/scotland,,,
osgb4000000005211729,http://data.ordnancesurvey.co.uk/id/osgb4000000005211729,Park Avenue,,,,transportNetwork,Named Road,269555.450,627479.300,1000,20000,269473.000,627433.000,269617.000,627483.000,KA18,http://data.ordnancesurvey.co.uk/id/postcodedistrict/KA18,Muirkirk,http://data.ordnancesurvey.co.uk/id/4000000074541137,http://www.ordnancesurvey.co.uk/xml/codelists/localtype.xml#village,,,,East Ayrshire,http://data.ordnancesurvey.co.uk/id/7000000000043393,http://data.ordnancesurvey.co.uk/ontology/admingeo/UnitaryAuthority,Scotland,http://data.ordnancesurvey.co.uk/id/7000000000041429,Scotland,http://data.ordnancesurvey.co.uk/id/country/scotland,,,
osgb4000000005211732,http://data.ordnancesurvey.co.uk/id/osgb4000000005211732,Cairn View,,,,transportNetwork,Named Road,269981.000,627500.000,1000,20000,269928.000,627474.000,270031.745,627534.000,KA18,http://data.ordnancesurvey.co.uk/id/postcodedistrict/KA18,Muirkirk,http://data.ordnancesurvey.co.uk/id/4000000074541137,http://www.ordnancesurvey.co.uk/xml/codelists/localtype.xml#village,,,,East Ayrshire,http://data.ordnancesurvey.co.uk/id/7000000000043393,http://data.ordnancesurvey.co.uk/ontology/admingeo/UnitaryAuthority,Scotland,http://data.ordnancesurvey.co.uk/id/7000000000041429,Scotland,http://data.ordnancesurvey.co.uk/id/country/scotland,,,
osgb4000000005205906,http://data.ordnancesurvey.co.uk/id/osgb4000000005205906,Furnace Road,,,,transportNetwork,Named Road,269568.500,626659.400,7000,20000,269405.000,626067.000,269625.000,627201.000,KA18,http://data.ordnancesurvey.co.uk/id/postcodedistrict/KA18,Kames,http://data.ordnancesurvey.co.uk/id/4000000074546593,http://www.ordnancesurvey.co.uk/xml/codelists/localtype.xml#otherSettlement,,,,East Ayrshire,http://data.ordnancesurvey.co.uk/id/7000000000043393,http://data.ordnancesurvey.co.uk/ontology/admingeo/UnitaryAuthority,Scotland,http://data.ordnancesurvey.co.uk/id/7000000000041429,Scotland,http://data.ordnancesurvey.co.uk/id/country/scotland,,,
osgb4000000005205904,http://data.ordnancesurvey.co.uk/id/osgb4000000005205904,Colthart Drive,,,,transportNetwork,Named Road,268688.000,627086.000,1000,20000,268674.000,626962.100,268811.900,627181.550,KA18,http://data.ordnancesurvey.co.uk/id/postcodedistrict/KA18,Muirkirk,http://data.ordnancesurvey.co.uk/id/4000000074541137,http://www.ordnancesurvey.co.uk/xml/codelists/localtype.xml#village,,,,East Ayrshire,http://data.ordnancesurvey.co.uk/id/7000000000043393,http://data.ordnancesurvey.co.uk/ontology/admingeo/UnitaryAuthority,Scotland,http://data.ordnancesurvey.co.uk/id/7000000000041429,Scotland,http://data.ordnancesurvey.co.uk/id/country/scotland,,,
osgb4000000005228964,http://data.ordnancesurvey.co.uk/id/osgb4000000005228964,Wardlaw Avenue,,,,transportNetwork,Named Road,268854.000,626953.000,1000,20000,268851.000,626918.000,268883.000,626989.000,KA18,http://data.ordnancesurvey.co.uk/id/postcodedistrict/KA18,Muirkirk,http://data.ordnancesurvey.co.uk/id/4000000074541137,http://www.ordnancesurvey.co.uk/xml/codelists/localtype.xml#village,,,,East Ayrshire,http://data.ordnancesurvey.co.uk/id/7000000000043393,http://data.ordnancesurvey.co.uk/ontology/admingeo/UnitaryAuthority,Scotland,http://data.ordnancesurvey.co.uk/id/7000000000041429,Scotland,http://data.ordnancesurvey.co.uk/id/country/scotland,,,
osgb4000000005205905,http://data.ordnancesurvey.co.uk/id/osgb4000000005205905,Glasgow Road,,,,transportNetwork,Named Road,269601.898,627637.041,4000,20000,269599.000,627288.650,269716.600,627962.483,KA18,http://data.ordnancesurvey.co.uk/id/postcodedistrict/KA18,Muirkirk,http://data.ordnancesurvey.co.uk/id/4000000074541137,http://www.ordnancesurvey.co.uk/xml/codelists/localtype.xml#village,,,,East Ayrshire,http://data.ordnancesurvey.co.uk/id/7000000000043393,http://data.ordnancesurvey.co.uk/ontology/admingeo/UnitaryAuthority,Scotland,http://data.ordnancesurvey.co.uk/id/7000000000041429,Scotland,http://data.ordnancesurvey.co.uk/id/country/scotland,,,
c736b309-e0fc-4398-8759-e6343c6340b0,http://data.ordnancesurvey.co.uk/id/c736b309-e0fc-4398-8759-e6343c6340b0,Park Avenue,,,,transportNetwork,Section Of Named Road,269555.450,627479.300,1000,25000,269480.741,627436.681,269617.000,627483.000,KA18,http://data.ordnancesurvey.co.uk/id/postcodedistrict/KA18,Muirkirk,http://data.ordnancesurvey.co.uk/id/4000000074541137,http://www.ordnancesurvey.co.uk/xml/codelists/localtype.xml#village,,,,East Ayrshire,http://data.ordnancesurvey.co.uk/id/7000000000043393,http://data.ordnancesurvey.co.uk/ontology/admingeo/UnitaryAuthority,Scotland,http://data.ordnancesurvey.co.uk/id/7000000000041429,Scotland,http://data.ordnancesurvey.co.uk/id/country/scotland,osgb4000000005211729,,
osgb4000000005211724,http://data.ordnancesurvey.co.uk/id/osgb4000000005211724,Lapraik Avenue,,,,transportNetwork,Named Road,268766.450,627077.900,1000,20000,268692.200,627021.800,268833.800,627122.000,KA18,http://data.ordnancesurvey.co.uk/id/postcodedistrict/KA18,Muirkirk,http://data.ordnancesurvey.co.uk/id/4000000074541137,http://www.ordnancesurvey.co.uk/xml/codelists/localtype.xml#village,,,,East Ayrshire,http://data.ordnancesurvey.co.uk/id/7000000000043393,http://data.ordnancesurvey.co.uk/ontology/admingeo/UnitaryAuthority,Scotland,http://data.ordnancesurvey.co.uk/id/7000000000041429,Scotland,http://data.ordnancesurvey.co.uk/id/country/scotland,,,
osgb4000000005211721,http://data.ordnancesurvey.co.uk/id/osgb4000000005211721,Shawknowe Avenue,,,,transportNetwork,Named Road,268406.207,626780.611,1000,20000,268342.000,626749.000,268477.000,626787.350,KA18,http://data.ordnancesurvey.co.uk/id/postcodedistrict/KA18,Muirkirk,http://data.ordnancesurvey.co.uk/id/4000000074541137,http://www.ordnancesurvey.co.uk/xml/codelists/localtype.xml#village,,,,East Ayrshire,http://data.ordnancesurvey.co.uk/id/7000000000043393,http://data.ordnancesurvey.co.uk/ontology/admingeo/UnitaryAuthority,Scotland,http://data.ordnancesurvey.co.uk/id/7000000000041429,Scotland,http://data.ordnancesurvey.co.uk/id/country/scotland,,,
osgb4000000005211719,http://data.ordnancesurvey.co.uk/id/osgb4000000005211719,Hareshaw Crescent,,,,transportNetwork,Named Road,268401.000,626915.000,1000,20000,268294.000,626851.000,268505.000,626935.000,KA18,http://data.ordnancesurvey.co.uk/id/postcodedistrict/KA18,Muirkirk,http://data.ordnancesurvey.co.uk/id/4000000074541137,http://www.ordnancesurvey.co.uk/xml/codelists/localtype.xml#village,,,,East Ayrshire,http://data.ordnancesurvey.co.uk/id/7000000000043393,http://data.ordnancesurvey.co.uk/ontology/admingeo/UnitaryAuthority,Scotland,http://data.ordnancesurvey.co.uk/id/7000000000041429,Scotland,http://data.ordnancesurvey.co.uk/id/country/scotland,,,
osgb4000000005221102,http://data.ordnancesurvey.co.uk/id/osgb4000000005221102,Wellwood Avenue,,,,transportNetwork,Named Road,269506.000,627540.000,1000,20000,269464.000,627521.000,269610.000,627584.000,KA18,http://data.ordnancesurvey.co.uk/id/postcodedistrict/KA18,Muirkirk,http://data.ordnancesurvey.co.uk/id/4000000074541137,http://www.ordnancesurvey.co.uk/xml/codelists/localtype.xml#village,,,,East Ayrshire,http://data.ordnancesurvey.co.uk/id/7000000000043393,http://data.ordnancesurvey.co.uk/ontology/admingeo/UnitaryAuthority,Scotland,http://data.ordnancesurvey.co.uk/id/7000000000041429,Scotland,http://data.ordnancesurvey.co.uk/id/country/scotland,,,
7151f7c6-cdf1-47c8-b8df-382c772e468a,http://data.ordnancesurvey.co.uk/id/7151f7c6-cdf1-47c8-b8df-382c772e468a,Furnace Road,,,,transportNetwork,Section Of Named Road,269542.400,626406.200,5000,25000,269405.000,626067.000,269624.000,626848.008,KA18,http://data.ordnancesurvey.co.uk/id/postcodedistrict/KA18,Kames,http://data.ordnancesurvey.co.uk/id/4000000074546593,http://www.ordnancesurvey.co.uk/xml/codelists/localtype.xml#otherSettlement,,,,East Ayrshire,http://data.ordnancesurvey.co.uk/id/7000000000043393,http://data.ordnancesurvey.co.uk/ontology/admingeo/UnitaryAuthority,Scotland,http://data.ordnancesurvey.co.uk/id/7000000000041429,Scotland,http://data.ordnancesurvey.co.uk/id/country/scotland,osgb4000000005205906,,
d16815c5-c613-4696-a537-ac5949934fe5,http://data.ordnancesurvey.co.uk/id/d16815c5-c613-4696-a537-ac5949934fe5,Miller's Road,,,,transportNetwork,Section Of Named Road,268868.300,627062.150,2000,25000,268803.350,626895.000,268972.000,627222.947,KA18,http://data.ordnancesurvey.co.uk/id/postcodedistrict/KA18,Muirkirk,http://data.ordnancesurvey.co.uk/id/4000000074541137,http://www.ordnancesurvey.co.uk/xml/codelists/localtype.xml#village,,,,East Ayrshire,http://data.ordnancesurvey.co.uk/id/7000000000043393,http://data.ordnancesurvey.co.uk/ontology/admingeo/UnitaryAuthority,Scotland,http://data.ordnancesurvey.co.uk/id/7000000000041429,Scotland,http://data.ordnancesurvey.co.uk/id/country/scotland,osgb4000000005290534,,
osgb4000000005355185,http://data.ordnancesurvey.co.uk/id/osgb4000000005355185,Muirkirk Road,,,,transportNetwork,Named Road,262409.485,624002.744,20000,66000,257785.700,620390.550,268000.000,626531.900,KA18,http://data.ordnancesurvey.co.uk/id/postcodedistrict/KA18,,,,,,,East Ayrshire,http://data.ordnancesurvey.co.uk/id/7000000000043393,http://data.ordnancesurvey.co.uk/ontology/admingeo/UnitaryAuthority,Scotland,http://data.ordnancesurvey.co.uk/id/7000000000041429,Scotland,http://data.ordnancesurvey.co.uk/id/country/scotland,,,
osgb4000000005211725,http://data.ordnancesurvey.co.uk/id/osgb4000000005211725,Garpel Avenue,,,,transportNetwork,Named Road,268633.000,626854.000,1000,20000,268557.000,626804.000,268693.000,626892.000,KA18,http://data.ordnancesurvey.co.uk/id/postcodedistrict/KA18,Muirkirk,http://data.ordnancesurvey.co.uk/id/4000000074541137,http://www.ordnancesurvey.co.uk/xml/codelists/localtype.xml#village,,,,East Ayrshire,http://data.ordnancesurvey.co.uk/id/7000000000043393,http://data.ordnancesurvey.co.uk/ontology/admingeo/UnitaryAuthority,Scotland,http://data.ordnancesurvey.co.uk/id/7000000000041429,Scotland,http://data.ordnancesurvey.co.uk/id/country/scotland,,,
osgb4000000005211733,http://data.ordnancesurvey.co.uk/id/osgb4000000005211733,Garronhill,,,,transportNetwork,Named Road,270133.623,627610.007,1000,20000,270026.000,627585.000,270239.000,627655.000,KA18,http://data.ordnancesurvey.co.uk/id/postcodedistrict/KA18,Muirkirk,http://data.ordnancesurvey.co.uk/id/4000000074541137,http://www.ordnancesurvey.co.uk/xml/codelists/localtype.xml#village,,,,East Ayrshire,http://data.ordnancesurvey.co.uk/id/7000000000043393,http://data.ordnancesurvey.co.uk/ontology/admingeo/UnitaryAuthority,Scotland,http://data.ordnancesurvey.co.uk/id/7000000000041429,Scotland,http://data.ordnancesurvey.co.uk/id/country/scotland,,,
d9dc3d01-36ce-4e40-86ae-01f720f2cbec,http://data.ordnancesurvey.co.uk/id/d9dc3d01-36ce-4e40-86ae-01f720f2cbec,Garronhill,,,,transportNetwork,Section Of Named Road,270093.000,627600.000,1000,25000,270026.000,627585.000,270192.764,627626.061,KA18,http://data.ordnancesurvey.co.uk/id/postcodedistrict/KA18,Muirkirk,http://data.ordnancesurvey.co.uk/id/4000000074541137,http://www.ordnancesurvey.co.uk/xml/codelists/localtype.xml#village,,,,East Ayrshire,http://data.ordnancesurvey.co.uk/id/7000000000043393,http://data.ordnancesurvey.co.uk/ontology/admingeo/UnitaryAuthority,Scotland,http://data.ordnancesurvey.co.uk/id/7000000000041429,Scotland,http://data.ordnancesurvey.co.uk/id/country/scotland,osgb4000000005211733,,
osgb4000000005202819,http://data.ordnancesurvey.co.uk/id/osgb4000000005202819,Manse Road,,,,transportNetwork,Named Road,271067.653,628058.545,4000,20000,270788.824,627955.865,271433.000,628135.000,KA18,http://data.ordnancesurvey.co.uk/id/postcodedistrict/KA18,,,,,,,East Ayrshire,http://data.ordnancesurvey.co.uk/id/7000000000043393,http://data.ordnancesurvey.co.uk/ontology/admingeo/UnitaryAuthority,Scotland,http://data.ordnancesurvey.co.uk/id/7000000000041429,Scotland,http://data.ordnancesurvey.co.uk/id/country/scotland,,,
osgb4000000005211723,http://data.ordnancesurvey.co.uk/id/osgb4000000005211723,Stitt Place,,,,transportNetwork,Named Road,268847.000,626803.850,1000,20000,268778.150,626760.950,268966.000,626895.000,KA18,http://data.ordnancesurvey.co.uk/id/postcodedistrict/KA18,Muirkirk,http://data.ordnancesurvey.co.uk/id/4000000074541137,http://www.ordnancesurvey.co.uk/xml/codelists/localtype.xml#village,,,,East Ayrshire,http://data.ordnancesurvey.co.uk/id/7000000000043393,http://data.ordnancesurvey.co.uk/ontology/admingeo/UnitaryAuthority,Scotland,http://data.ordnancesurvey.co.uk/id/7000000000041429,Scotland,http://data.ordnancesurvey.co.uk/id/country/scotland,,,
osgb4000000005205907,http://data.ordnancesurvey.co.uk/id/osgb4000000005205907,Main Street,,,,transportNetwork,Named Road,269757.050,627417.650,3000,20000,269511.000,627201.000,270019.000,627591.000,KA18,http://data.ordnancesurvey.co.uk/id/postcodedistrict/KA18,Muirkirk,http://data.ordnancesurvey.co.uk/id/4000000074541137,http://www.ordnancesurvey.co.uk/xml/codelists/localtype.xml#village,,,,East Ayrshire,http://data.ordnancesurvey.co.uk/id/7000000000043393,http://data.ordnancesurvey.co.uk/ontology/admingeo/UnitaryAuthority,Scotland,http://data.ordnancesurvey.co.uk/id/7000000000041429,Scotland,http://data.ordnancesurvey.co.uk/id/country/scotland,,,
osgb4000000005211731,http://data.ordnancesurvey.co.uk/id/osgb4000000005211731,Lovedale Crescent,,,,transportNetwork,Named Road,269763.249,627286.749,1000,20000,269673.350,627195.800,269809.100,627417.650,KA18,http://data.ordnancesurvey.co.uk/id/postcodedistrict/KA18,Muirkirk,http://data.ordnancesurvey.co.uk/id/4000000074541137,http://www.ordnancesurvey.co.uk/xml/codelists/localtype.xml#village,,,,East Ayrshire,http://data.ordnancesurvey.co.uk/id/7000000000043393,http://data.ordnancesurvey.co.uk/ontology/admingeo/UnitaryAuthority,Scotland,http://data.ordnancesurvey.co.uk/id/7000000000041429,Scotland,http://data.ordnancesurvey.co.uk/id/country/scotland,,,
osgb4000000005211720,http://data.ordnancesurvey.co.uk/id/osgb4000000005211720,Harwood Avenue,,,,transportNetwork,Named Road,268427.000,626639.000,1000,20000,268397.000,626576.000,268460.600,626697.010,KA18,http://data.ordnancesurvey.co.uk/id/postcodedistrict/KA18,Muirkirk,http://data.ordnancesurvey.co.uk/id/4000000074541137,http://www.ordnancesurvey.co.uk/xml/codelists/localtype.xml#village,,,,East Ayrshire,http://data.ordnancesurvey.co.uk/id/7000000000043393,http://data.ordnancesurvey.co.uk/ontology/admingeo/UnitaryAuthority,Scotland,http://data.ordnancesurvey.co.uk/id/7000000000041429,Scotland,http://data.ordnancesurvey.co.uk/id/country/scotland,,,
osgb4000000005202818,http://data.ordnancesurvey.co.uk/id/osgb4000000005202818,Smallburn Road,,,,transportNetwork,Named Road,268801.000,626752.000,10000,20000,268000.000,626465.000,269511.000,627201.000,KA18,http://data.ordnancesurvey.co.uk/id/postcodedistrict/KA18,Muirkirk,http://data.ordnancesurvey.co.uk/id/4000000074541137,http://www.ordnancesurvey.co.uk/xml/codelists/localtype.xml#village,,,,East Ayrshire,http://data.ordnancesurvey.co.uk/id/7000000000043393,http://data.ordnancesurvey.co.uk/ontology/admingeo/UnitaryAuthority,Scotland,http://data.ordnancesurvey.co.uk/id/7000000000041429,Scotland,http://data.ordnancesurvey.co.uk/id/country/scotland,,,
osgb4000000005211865,http://data.ordnancesurvey.co.uk/id/osgb4000000005211865,Meadowfoot Road,,,,transportNetwork,Named Road,263903.000,638921.000,1000,20000,263780.000,638884.000,263976.000,638968.000,ML10,http://data.ordnancesurvey.co.uk/id/postcodedistrict/ML10,Drumclog,http://data.ordnancesurvey.co.uk/id/4000000074548089,http://www.ordnancesurvey.co.uk/xml/codelists/localtype.xml#hamlet,,,,South Lanarkshire,http://data.ordnancesurvey.co.uk/id/7000000000030847,http://data.ordnancesurvey.co.uk/ontology/admingeo/UnitaryAuthority,Scotland,http://data.ordnancesurvey.co.uk/id/7000000000041429,Scotland,http://data.ordnancesurvey.co.uk/id/country/scotland,,,
osgb4000000005211730,http://data.ordnancesurvey.co.uk/id/osgb4000000005211730,Bridge Street,,,,transportNetwork,Named Road,270074.058,627659.224,1000,20000,270019.000,627591.000,270155.000,627721.000,KA18,http://data.ordnancesurvey.co.uk/id/postcodedistrict/KA18,Muirkirk,http://data.ordnancesurvey.co.uk/id/4000000074541137,http://www.ordnancesurvey.co.uk/xml/codelists/localtype.xml#village,,,,East Ayrshire,http://data.ordnancesurvey.co.uk/id/7000000000043393,http://data.ordnancesurvey.co.uk/ontology/admingeo/UnitaryAuthority,Scotland,http://data.ordnancesurvey.co.uk/id/7000000000041429,Scotland,http://data.ordnancesurvey.co.uk/id/country/scotland,,,
osgb4000000005290534,http://data.ordnancesurvey.co.uk/id/osgb4000000005290534,Miller's Road,,,,transportNetwork,Named Road,268868.300,627062.150,2000,20000,268803.350,626895.000,268972.000,627224.090,KA18,http://data.ordnancesurvey.co.uk/id/postcodedistrict/KA18,Muirkirk,http://data.ordnancesurvey.co.uk/id/4000000074541137,http://www.ordnancesurvey.co.uk/xml/codelists/localtype.xml#village,,,,East Ayrshire,http://data.ordnancesurvey.co.uk/id/7000000000043393,http://data.ordnancesurvey.co.uk/ontology/admingeo/UnitaryAuthority,Scotland,http://data.ordnancesurvey.co.uk/id/7000000000041429,Scotland,http://data.ordnancesurvey.co.uk/id/country/scotland,,,
bf882f52-2148-4612-8946-37e4eeab552a,http://data.ordnancesurvey.co.uk/id/bf882f52-2148-4612-8946-37e4eeab552a,Muirkirk Road,,,,transportNetwork,Section Of Named Road,260932.000,622584.000,1000,25000,260892.861,622535.599,261016.895,622687.967,KA18,http://data.ordnancesurvey.co.uk/id/postcodedistrict/KA18,Cronberry,http://data.ordnancesurvey.co.uk/id/4000000074546579,http://www.ordnancesurvey.co.uk/xml/codelists/localtype.xml#hamlet,,,,East Ayrshire,http://data.ordnancesurvey.co.uk/id/7000000000043393,http://data.ordnancesurvey.co.uk/ontology/admingeo/UnitaryAuthority,Scotland,http://data.ordnancesurvey.co.uk/id/7000000000041429,Scotland,http://data.ordnancesurvey.co.uk/id/country/scotland,osgb4000000005355185,,
1356c570-b752-4de9-bbc2-041b66cecbf4,http://data.ordnancesurvey.co.uk/id/1356c570-b752-4de9-bbc2-041b66cecbf4,Furnace Road,,,,transportNetwork,Section Of Named Road,269540.000,627129.000,1000,25000,269511.000,627035.651,269581.153,627201.000,KA18,http://data.ordnancesurvey.co.uk/id/postcodedistrict/KA18,Muirkirk,http://data.ordnancesurvey.co.uk/id/4000000074541137,http://www.ordnancesurvey.co.uk/xml/codelists/localtype.xml#village,,,,East Ayrshire,http://data.ordnancesurvey.co.uk/id/7000000000043393,http://data.ordnancesurvey.co.uk/ontology/admingeo/UnitaryAuthority,Scotland,http://data.ordnancesurvey.co.uk/id/7000000000041429,Scotland,http://data.ordnancesurvey.co.uk/id/country/scotland,osgb4000000005205906,,
KA183RH,http://data.ordnancesurvey.co.uk/id/postcodeunit/KA183RH,KA18 3RH,,,,other,Postcode,269574.600,627324.000,3500,18000,,,,,,,Muirkirk,http://data.ordnancesurvey.co.uk/id/4000000074541137,http://www.ordnancesurvey.co.uk/xml/codelists/localtype.xml#village,,,,East Ayrshire,http://data.ordnancesurvey.co.uk/id/7000000000043393,http://data.ordnancesurvey.co.uk/ontology/admingeo/UnitaryAuthority,Scotland,http://data.ordnancesurvey.co.uk/id/7000000000041429,Scotland,http://data.ordnancesurvey.co.uk/id/country/scotland,,,
KA183PL,http://data.ordnancesurvey.co.uk/id/postcodeunit/KA183PL,KA18 3PL,,,,other,Postcode,268752.500,627064.500,3500,18000,,,,,,,Muirkirk,http://data.ordnancesurvey.co.uk/id/4000000074541137,http://www.ordnancesurvey.co.uk/xml/codelists/localtype.xml#village,,,,East Ayrshire,http://data.ordnancesurvey.co.uk/id/7000000000043393,http://data.ordnancesurvey.co.uk/ontology/admingeo/UnitaryAuthority,Scotland,http://data.ordnancesurvey.co.uk/id/7000000000041429,Scotland,http://data.ordnancesurvey.co.uk/id/country/scotland,,,
KA183RR,http://data.ordnancesurvey.co.uk/id/postcodeunit/KA183RR,KA18 3RR,,,,other,Postcode,269677.000,627504.500,3500,18000,,,,,,,Muirkirk,http://data.ordnancesurvey.co.uk/id/4000000074541137,http://www.ordnancesurvey.co.uk/xml/codelists/localtype.xml#village,,,,East Ayrshire,http://data.ordnancesurvey.co.uk/id/7000000000043393,http://data.ordnancesurvey.co.uk/ontology/admingeo/UnitaryAuthority,Scotland,http://data.ordnancesurvey.co.uk/id/7000000000041429,Scotland,http://data.ordnancesurvey.co.uk/id/country/scotland,,,
7632a632-85e9-4e2d-ba0e-15d8e0d1bbed,http://data.ordnancesurvey.co.uk/id/7632a632-85e9-4e2d-ba0e-15d8e0d1bbed,Wellwood Street,,,,transportNetwork,Section Of Named Road,269805.946,627617.641,3000,25000,269617.000,627483.000,270012.903,627758.790,KA18,http://data.ordnancesurvey.co.uk/id/postcodedistrict/KA18,,,,,,,East Ayrshire,http://data.ordnancesurvey.co.uk/id/7000000000043393,http://data.ordnancesurvey.co.uk/ontology/admingeo/UnitaryAuthority,Scotland,http://data.ordnancesurvey.co.uk/id/7000000000041429,Scotland,http://data.ordnancesurvey.co.uk/id/country/scotland,osgb4000000005205908,,
84e71e1b-77c1-4dc5-80b2-6a15c230ab9d,http://data.ordnancesurvey.co.uk/id/84e71e1b-77c1-4dc5-80b2-6a15c230ab9d,Smallburn Road,,,,transportNetwork,Section Of Named Road,268933.000,626846.000,8000,25000,268348.054,626520.524,269511.000,627201.000,KA18,http://data.ordnancesurvey.co.uk/id/postcodedistrict/KA18,Muirkirk,http://data.ordnancesurvey.co.uk/id/4000000074541137,http://www.ordnancesurvey.co.uk/xml/codelists/localtype.xml#village,,,,East Ayrshire,http://data.ordnancesurvey.co.uk/id/7000000000043393,http://data.ordnancesurvey.co.uk/ontology/admingeo/UnitaryAuthority,Scotland,http://data.ordnancesurvey.co.uk/id/7000000000041429,Scotland,http://data.ordnancesurvey.co.uk/id/country/scotland,osgb4000000005202818,,
osgb4000000005329280,http://data.ordnancesurvey.co.uk/id/osgb4000000005329280,The Style,,,,transportNetwork,Named Road,269756.750,627481.250,1000,20000,269703.000,627447.950,269787.050,627541.000,KA18,http://data.ordnancesurvey.co.uk/id/postcodedistrict/KA18,Muirkirk,http://data.ordnancesurvey.co.uk/id/4000000074541137,http://www.ordnancesurvey.co.uk/xml/codelists/localtype.xml#village,,,,East Ayrshire,http://data.ordnancesurvey.co.uk/id/7000000000043393,http://data.ordnancesurvey.co.uk/ontology/admingeo/UnitaryAuthority,Scotland,http://data.ordnancesurvey.co.uk/id/7000000000041429,Scotland,http://data.ordnancesurvey.co.uk/id/country/scotland,,,
70c45683-333c-4010-bff0-5eb173c77cf4,http://data.ordnancesurvey.co.uk/id/70c45683-333c-4010-bff0-5eb173c77cf4,Glasgow Road,,,,transportNetwork,Section Of Named Road,269616.000,627503.000,3000,25000,269599.000,627288.650,269650.173,627725.806,KA18,http://data.ordnancesurvey.co.uk/id/postcodedistrict/KA18,Muirkirk,http://data.ordnancesurvey.co.uk/id/4000000074541137,http://www.ordnancesurvey.co.uk/xml/codelists/localtype.xml#village,,,,East Ayrshire,http://data.ordnancesurvey.co.uk/id/7000000000043393,http://data.ordnancesurvey.co.uk/ontology/admingeo/UnitaryAuthority,Scotland,http://data.ordnancesurvey.co.uk/id/7000000000041429,Scotland,http://data.ordnancesurvey.co.uk/id/country/scotland,osgb4000000005205905,,
osgb4000000005221101,http://data.ordnancesurvey.co.uk/id/osgb4000000005221101,Smallburn Drive,,,,transportNetwork,Named Road,268548.000,626701.000,1000,20000,268508.000,626680.000,268592.000,626737.000,KA18,http://data.ordnancesurvey.co.uk/id/postcodedistrict/KA18,Muirkirk,http://data.ordnancesurvey.co.uk/id/4000000074541137,http://www.ordnancesurvey.co.uk/xml/codelists/localtype.xml#village,,,,East Ayrshire,http://data.ordnancesurvey.co.uk/id/7000000000043393,http://data.ordnancesurvey.co.uk/ontology/admingeo/UnitaryAuthority,Scotland,http://data.ordnancesurvey.co.uk/id/7000000000041429,Scotland,http://data.ordnancesurvey.co.uk/id/country/scotland,,,
osgb4000000005221105,http://data.ordnancesurvey.co.uk/id/osgb4000000005221105,Carruthers Park,,,,transportNetwork,Named Road,269976.000,627639.000,1000,20000,269963.000,627591.000,270019.000,627670.409,KA18,http://data.ordnancesurvey.co.uk/id/postcodedistrict/KA18,Muirkirk,http://data.ordnancesurvey.co.uk/id/4000000074541137,http://www.ordnancesurvey.co.uk/xml/codelists/localtype.xml#village,,,,East Ayrshire,http://data.ordnancesurvey.co.uk/id/7000000000043393,http://data.ordnancesurvey.co.uk/ontology/admingeo/UnitaryAuthority,Scotland,http://data.ordnancesurvey.co.uk/id/7000000000041429,Scotland,http://data.ordnancesurvey.co.uk/id/country/scotland,,,
osgb4000000005203626,http://data.ordnancesurvey.co.uk/id/osgb4000000005203626,Windy Wizen,,,,transportNetwork,Named Road,260721.000,637174.000,7000,20000,260248.893,637016.188,261265.625,637378.151,KA17,http://data.ordnancesurvey.co.uk/id/postcodedistrict/KA17,,,,,,,East Ayrshire,http://data.ordnancesurvey.co.uk/id/7000000000043393,http://data.ordnancesurvey.co.uk/ontology/admingeo/UnitaryAuthority,Scotland,http://data.ordnancesurvey.co.uk/id/7000000000041429,Scotland,http://data.ordnancesurvey.co.uk/id/country/scotland,,,
