osgb4000000074564121,http://data.ordnancesurvey.co.uk/id/osgb4000000074564121,Talerddig,,,,populatedPlace,Hamlet,292585.620,300068.770,5000,25000,292363.943,299942.376,293239.288,300442.376,SY19,http://data.ordnancesurvey.co.uk/id/postcodedistrict/SY19,,,,,,,Powys - Powys,http://data.ordnancesurvey.co.uk/id/7000000000025491,http://data.ordnancesurvey.co.uk/ontology/admingeo/UnitaryAuthority,Wales,http://data.ordnancesurvey.co.uk/id/7000000000041424,Wales,http://data.ordnancesurvey.co.uk/id/country/wales,,http://dbpedia.org/resource/Talerddig,http://sws.geonames.org/2636309
osgb4000000074320909,http://data.ordnancesurvey.co.uk/id/osgb4000000074320909,Cwm-Llinau,,,,populatedPlace,Village,284772.290,307840.680,5000,250000,284520.004,307511.455,285236.038,308311.556,SY20,http://data.ordnancesurvey.co.uk/id/postcodedistrict/SY20,,,,,,,Powys - Powys,http://data.ordnancesurvey.co.uk/id/7000000000025491,http://data.ordnancesurvey.co.uk/ontology/admingeo/UnitaryAuthority,Wales,http://data.ordnancesurvey.co.uk/id/7000000000041424,Wales,http://data.ordnancesurvey.co.uk/id/country/wales,,,
osgb4000000074564436,http://data.ordnancesurvey.co.uk/id/osgb4000000074564436,Moel Ddolwen,,,,populatedPlace,Other Settlement,299384.510,307879.560,15000,25000,299189.958,307617.298,299689.958,308117.298,SY21,http://data.ordnancesurvey.co.uk/id/postcodedistrict/SY21,,,,,,,Powys - Powys,http://data.ordnancesurvey.co.uk/id/7000000000025491,http://data.ordnancesurvey.co.uk/ontology/admingeo/UnitaryAuthority,Wales,http://data.ordnancesurvey.co.uk/id/7000000000041424,Wales,http://data.ordnancesurvey.co.uk/id/country/wales,,,
osgb4000000074564441,http://data.ordnancesurvey.co.uk/id/osgb4000000074564441,Commins Coch,,,,populatedPlace,Village,284418.060,303211.650,6000,250000,284256.960,302791.296,284756.960,303766.637,SY20,http://data.ordnancesurvey.co.uk/id/postcodedistrict/SY20,,,,,,,Powys - Powys,http://data.ordnancesurvey.co.uk/id/7000000000025491,http://data.ordnancesurvey.co.uk/ontology/admingeo/UnitaryAuthority,Wales,http://data.ordnancesurvey.co.uk/id/7000000000041424,Wales,http://data.ordnancesurvey.co.uk/id/country/wales,,http://dbpedia.org/resource/Commins_Coch,
osgb4000000074564438,http://data.ordnancesurvey.co.uk/id/osgb4000000074564438,Dolyronnen,,,,populatedPlace,Hamlet,283030.860,300181.310,5000,25000,282812.059,299901.107,283312.059,300401.107,SY20,http://data.ordnancesurvey.co.uk/id/postcodedistrict/SY20,,,,,,,Powys - Powys,http://data.ordnancesurvey.co.uk/id/7000000000025491,http://data.ordnancesurvey.co.uk/ontology/admingeo/UnitaryAuthority,Wales,http://data.ordnancesurvey.co.uk/id/7000000000041424,Wales,http://data.ordnancesurvey.co.uk/id/country/wales,,,
osgb4000000074566347,http://data.ordnancesurvey.co.uk/id/osgb4000000074566347,Dinas Mawddwy,,,,populatedPlace,Village,285873.790,314888.190,6000,250000,285726.067,314417.628,286264.857,315269.104,SY20,http://data.ordnancesurvey.co.uk/id/postcodedistrict/SY20,,,,,,,Gwynedd - Gwynedd,http://data.ordnancesurvey.co.uk/id/7000000000025483,http://data.ordnancesurvey.co.uk/ontology/admingeo/UnitaryAuthority,Wales,http://data.ordnancesurvey.co.uk/id/7000000000041424,Wales,http://data.ordnancesurvey.co.uk/id/country/wales,,,http://sws.geonames.org/2651249
osgb4000000074564439,http://data.ordnancesurvey.co.uk/id/osgb4000000074564439,Tal-y-Wern,,,,populatedPlace,Hamlet,282874.220,300291.090,5000,25000,282625.473,300123.419,283125.473,300623.419,SY20,http://data.ordnancesurvey.co.uk/id/postcodedistrict/SY20,,,,,,,Powys - Powys,http://data.ordnancesurvey.co.uk/id/7000000000025491,http://data.ordnancesurvey.co.uk/ontology/admingeo/UnitaryAuthority,Wales,http://data.ordnancesurvey.co.uk/id/7000000000041424,Wales,http://data.ordnancesurvey.co.uk/id/country/wales,,,
osgb4000000074564749,http://data.ordnancesurvey.co.uk/id/osgb4000000074564749,Glantwymyn,cym,Cemmaes Road,eng,populatedPlace,Village,282309.490,304452.490,9000,250000,281667.337,304095.153,283045.284,305066.705,SY20,http://data.ordnancesurvey.co.uk/id/postcodedistrict/SY20,,,,,,,Powys - Powys,http://data.ordnancesurvey.co.uk/id/7000000000025491,http://data.ordnancesurvey.co.uk/ontology/admingeo/UnitaryAuthority,Wales,http://data.ordnancesurvey.co.uk/id/7000000000041424,Wales,http://data.ordnancesurvey.co.uk/id/country/wales,,http://dbpedia.org/resource/Cemmaes_Road,http://sws.geonames.org/2653434
osgb4000000074564437,http://data.ordnancesurvey.co.uk/id/osgb4000000074564437,Foel,,,,populatedPlace,Village,298836.420,311419.580,16000,250000,297024.307,311245.946,299490.001,312501.567,SY21,http://data.ordnancesurvey.co.uk/id/postcodedistrict/SY21,,,,,,,Powys - Powys,http://data.ordnancesurvey.co.uk/id/7000000000025491,http://data.ordnancesurvey.co.uk/ontology/admingeo/UnitaryAuthority,Wales,http://data.ordnancesurvey.co.uk/id/7000000000041424,Wales,http://data.ordnancesurvey.co.uk/id/country/wales,,,
osgb4000000074566348,http://data.ordnancesurvey.co.uk/id/osgb4000000074566348,Aber-Cywarch,,,,populatedPlace,Hamlet,286843.600,315773.910,5000,25000,286481.339,315500.172,287178.880,316000.172,SY20,http://data.ordnancesurvey.co.uk/id/postcodedistrict/SY20,,,,,,,Gwynedd - Gwynedd,http://data.ordnancesurvey.co.uk/id/7000000000025483,http://data.ordnancesurvey.co.uk/ontology/admingeo/UnitaryAuthority,Wales,http://data.ordnancesurvey.co.uk/id/7000000000041424,Wales,http://data.ordnancesurvey.co.uk/id/country/wales,,,
osgb4000000074564124,http://data.ordnancesurvey.co.uk/id/osgb4000000074564124,Llanbrynmair,,,,populatedPlace,Village,289874.640,302715.500,6000,250000,289508.093,302367.807,290487.194,303104.407,SY19,http://data.ordnancesurvey.co.uk/id/postcodedistrict/SY19,,,,,,,Powys - Powys,http://data.ordnancesurvey.co.uk/id/7000000000025491,http://data.ordnancesurvey.co.uk/ontology/admingeo/UnitaryAuthority,Wales,http://data.ordnancesurvey.co.uk/id/7000000000041424,Wales,http://data.ordnancesurvey.co.uk/id/country/wales,,http://dbpedia.org/resource/Llanbrynmair,http://sws.geonames.org/2644166
osgb4000000074543393,http://data.ordnancesurvey.co.uk/id/osgb4000000074543393,Dol-fâch,,,,populatedPlace,Hamlet,291227.550,301778.650,5000,25000,291006.245,301482.881,291867.681,302010.330,SY19,http://data.ordnancesurvey.co.uk/id/postcodedistrict/SY19,,,,,,,Powys - Powys,http://data.ordnancesurvey.co.uk/id/7000000000025491,http://data.ordnancesurvey.co.uk/ontology/admingeo/UnitaryAuthority,Wales,http://data.ordnancesurvey.co.uk/id/7000000000041424,Wales,http://data.ordnancesurvey.co.uk/id/country/wales,,http://dbpedia.org/resource/Dolfach,
osgb4000000074564440,http://data.ordnancesurvey.co.uk/id/osgb4000000074564440,Darowen,,,,populatedPlace,Hamlet,283048.650,301804.220,5000,25000,282731.237,301560.117,283231.237,302060.117,SY20,http://data.ordnancesurvey.co.uk/id/postcodedistrict/SY20,,,,,,,Powys - Powys,http://data.ordnancesurvey.co.uk/id/7000000000025491,http://data.ordnancesurvey.co.uk/ontology/admingeo/UnitaryAuthority,Wales,http://data.ordnancesurvey.co.uk/id/7000000000041424,Wales,http://data.ordnancesurvey.co.uk/id/country/wales,,,http://sws.geonames.org/2651506
osgb4000000074564750,http://data.ordnancesurvey.co.uk/id/osgb4000000074564750,Cemmaes,,,,populatedPlace,Village,283838.640,306066.070,6000,250000,283394.537,305422.303,284296.241,306330.003,SY20,http://data.ordnancesurvey.co.uk/id/postcodedistrict/SY20,,,,,,,Powys - Powys,http://data.ordnancesurvey.co.uk/id/7000000000025491,http://data.ordnancesurvey.co.uk/ontology/admingeo/UnitaryAuthority,Wales,http://data.ordnancesurvey.co.uk/id/7000000000041424,Wales,http://data.ordnancesurvey.co.uk/id/country/wales,,http://dbpedia.org/resource/Cemmaes,http://sws.geonames.org/2653436
osgb4000000074564755,http://data.ordnancesurvey.co.uk/id/osgb4000000074564755,Aberangell,,,,populatedPlace,Village,284379.510,310310.830,11000,250000,284162.605,309457.848,284961.173,311112.714,SY20,http://data.ordnancesurvey.co.uk/id/postcodedistrict/SY20,,,,,,,Gwynedd - Gwynedd,http://data.ordnancesurvey.co.uk/id/7000000000025483,http://data.ordnancesurvey.co.uk/ontology/admingeo/UnitaryAuthority,Wales,http://data.ordnancesurvey.co.uk/id/7000000000041424,Wales,http://data.ordnancesurvey.co.uk/id/country/wales,,,http://sws.geonames.org/2657854
osgb4000000074564123,http://data.ordnancesurvey.co.uk/id/osgb4000000074564123,Llan,,,,populatedPlace,Village,288463.720,300788.530,3000,250000,288125.115,300391.651,288625.115,300891.651,SY19,http://data.ordnancesurvey.co.uk/id/postcodedistrict/SY19,,,,,,,Powys - Powys,http://data.ordnancesurvey.co.uk/id/7000000000025491,http://data.ordnancesurvey.co.uk/ontology/admingeo/UnitaryAuthority,Wales,http://data.ordnancesurvey.co.uk/id/7000000000041424,Wales,http://data.ordnancesurvey.co.uk/id/country/wales,,http://dbpedia.org/resource/Llan,
osgb4000000074566013,http://data.ordnancesurvey.co.uk/id/osgb4000000074566013,Llanymawddwy,,,,populatedPlace,Hamlet,290231.000,318946.000,5000,25000,289974.024,318650.986,290474.024,319233.080,SY20,http://data.ordnancesurvey.co.uk/id/postcodedistrict/SY20,,,,,,,Gwynedd - Gwynedd,http://data.ordnancesurvey.co.uk/id/7000000000025483,http://data.ordnancesurvey.co.uk/ontology/admingeo/UnitaryAuthority,Wales,http://data.ordnancesurvey.co.uk/id/7000000000041424,Wales,http://data.ordnancesurvey.co.uk/id/country/wales,,,http://sws.geonames.org/2643896
osgb4000000074564122,http://data.ordnancesurvey.co.uk/id/osgb4000000074564122,Bont Dolgadfan,,,,populatedPlace,Village,288971.060,300059.610,9000,250000,288151.904,299880.259,289542.425,300404.609,SY19,http://data.ordnancesurvey.co.uk/id/postcodedistrict/SY19,,,,,,,Powys - Powys,http://data.ordnancesurvey.co.uk/id/7000000000025491,http://data.ordnancesurvey.co.uk/ontology/admingeo/UnitaryAuthority,Wales,http://data.ordnancesurvey.co.uk/id/7000000000041424,Wales,http://data.ordnancesurvey.co.uk/id/country/wales,,http://dbpedia.org/resource/Bont_Dolgadfan,
osgb4000000074566015,http://data.ordnancesurvey.co.uk/id/osgb4000000074566015,Minllyn,,,,populatedPlace,Village,285847.620,313917.840,7000,250000,285598.796,313210.154,286110.922,314340.650,SY20,http://data.ordnancesurvey.co.uk/id/postcodedistrict/SY20,,,,,,,Gwynedd - Gwynedd,http://data.ordnancesurvey.co.uk/id/7000000000025483,http://data.ordnancesurvey.co.uk/ontology/admingeo/UnitaryAuthority,Wales,http://data.ordnancesurvey.co.uk/id/7000000000041424,Wales,http://data.ordnancesurvey.co.uk/id/country/wales,,,
osgb4000000074564435,http://data.ordnancesurvey.co.uk/id/osgb4000000074564435,Tafolwern,,,,populatedPlace,Hamlet,289113.790,302724.000,5000,25000,288755.896,302470.808,289350.002,303244.856,SY19,http://data.ordnancesurvey.co.uk/id/postcodedistrict/SY19,,,,,,,Powys - Powys,http://data.ordnancesurvey.co.uk/id/7000000000025491,http://data.ordnancesurvey.co.uk/ontology/admingeo/UnitaryAuthority,Wales,http://data.ordnancesurvey.co.uk/id/7000000000041424,Wales,http://data.ordnancesurvey.co.uk/id/country/wales,,,
osgb4000000074321091,http://data.ordnancesurvey.co.uk/id/osgb4000000074321091,Pandy-rhiw-Saeson,,,,populatedPlace,Hamlet,290353.340,304702.370,5000,25000,290131.377,304353.153,290631.377,304853.153,SY19,http://data.ordnancesurvey.co.uk/id/postcodedistrict/SY19,,,,,,,Powys - Powys,http://data.ordnancesurvey.co.uk/id/7000000000025491,http://data.ordnancesurvey.co.uk/ontology/admingeo/UnitaryAuthority,Wales,http://data.ordnancesurvey.co.uk/id/7000000000041424,Wales,http://data.ordnancesurvey.co.uk/id/country/wales,,,
osgb4000000074319806,http://data.ordnancesurvey.co.uk/id/osgb4000000074319806,Plas-rhiw-Saeson,,,,populatedPlace,Other Settlement,290117.000,305232.000,15000,25000,289853.329,304959.995,290353.329,305485.805,SY19,http://data.ordnancesurvey.co.uk/id/postcodedistrict/SY19,,,,,,,Powys - Powys,http://data.ordnancesurvey.co.uk/id/7000000000025491,http://data.ordnancesurvey.co.uk/ontology/admingeo/UnitaryAuthority,Wales,http://data.ordnancesurvey.co.uk/id/7000000000041424,Wales,http://data.ordnancesurvey.co.uk/id/country/wales,,,
osgb4000000074564751,http://data.ordnancesurvey.co.uk/id/osgb4000000074564751,Abercegir,,,,populatedPlace,Village,280290.540,301750.840,4000,250000,280060.498,301529.997,280618.507,302087.588,SY20,http://data.ordnancesurvey.co.uk/id/postcodedistrict/SY20,,,,,,,Powys - Powys,http://data.ordnancesurvey.co.uk/id/7000000000025491,http://data.ordnancesurvey.co.uk/ontology/admingeo/UnitaryAuthority,Wales,http://data.ordnancesurvey.co.uk/id/7000000000041424,Wales,http://data.ordnancesurvey.co.uk/id/country/wales,,http://dbpedia.org/resource/Abercegir,
osgb4000000074321536,http://data.ordnancesurvey.co.uk/id/osgb4000000074321536,Dolcorsllwyn,,,,populatedPlace,Hamlet,284430.780,309052.950,5000,25000,284054.941,308800.516,284791.539,309321.217,SY20,http://data.ordnancesurvey.co.uk/id/postcodedistrict/SY20,,,,,,,Powys - Powys,http://data.ordnancesurvey.co.uk/id/7000000000025491,http://data.ordnancesurvey.co.uk/ontology/admingeo/UnitaryAuthority,Wales,http://data.ordnancesurvey.co.uk/id/7000000000041424,Wales,http://data.ordnancesurvey.co.uk/id/country/wales,,,
osgb4000000074565693,http://data.ordnancesurvey.co.uk/id/osgb4000000074565693,Mallwyd,,,,populatedPlace,Hamlet,286452.990,312421.720,5000,25000,286202.477,312219.311,286702.477,312719.311,SY20,http://data.ordnancesurvey.co.uk/id/postcodedistrict/SY20,,,,,,,Gwynedd - Gwynedd,http://data.ordnancesurvey.co.uk/id/7000000000025483,http://data.ordnancesurvey.co.uk/ontology/admingeo/UnitaryAuthority,Wales,http://data.ordnancesurvey.co.uk/id/7000000000041424,Wales,http://data.ordnancesurvey.co.uk/id/country/wales,,,http://sws.geonames.org/2643147
osgb4000000074320947,http://data.ordnancesurvey.co.uk/id/osgb4000000074320947,Rhyd,,,,populatedPlace,Hamlet,297428.440,300587.980,5000,25000,297107.271,300257.331,297607.271,300885.982,SY17,http://data.ordnancesurvey.co.uk/id/postcodedistrict/SY17,,,,,,,Powys - Powys,http://data.ordnancesurvey.co.uk/id/7000000000025491,http://data.ordnancesurvey.co.uk/ontology/admingeo/UnitaryAuthority,Wales,http://data.ordnancesurvey.co.uk/id/7000000000041424,Wales,http://data.ordnancesurvey.co.uk/id/country/wales,,,
SY209HP,http://data.ordnancesurvey.co.uk/id/postcodeunit/SY209HP,SY20 9HP,,,,other,Postcode,287078.000,313278.100,3500,18000,,,,,,,Cwm-Cewydd,http://data.ordnancesurvey.co.uk/id/4000000074566014,http://www.ordnancesurvey.co.uk/xml/codelists/localtype.xml#hamlet,,,,Gwynedd - Gwynedd,http://data.ordnancesurvey.co.uk/id/7000000000025483,http://data.ordnancesurvey.co.uk/ontology/admingeo/UnitaryAuthority,Wales,http://data.ordnancesurvey.co.uk/id/7000000000041424,Wales,http://data.ordnancesurvey.co.uk/id/country/wales,,,
osgb4000000074566014,http://data.ordnancesurvey.co.uk/id/osgb4000000074566014,Cwm-Cewydd,,,,populatedPlace,Hamlet,287207.150,313244.970,5000,25000,286928.733,312972.180,287433.850,313472.180,SY20,http://data.ordnancesurvey.co.uk/id/postcodedistrict/SY20,,,,,,,Gwynedd - Gwynedd,http://data.ordnancesurvey.co.uk/id/7000000000025483,http://data.ordnancesurvey.co.uk/ontology/admingeo/UnitaryAuthority,Wales,http://data.ordnancesurvey.co.uk/id/7000000000041424,Wales,http://data.ordnancesurvey.co.uk/id/country/wales,,,
SY197AA,http://data.ordnancesurvey.co.uk/id/postcodeunit/SY197AA,SY19 7AA,,,,other,Postcode,289831.450,302929.521,3500,18000,,,,,,,Llanbrynmair,http://data.ordnancesurvey.co.uk/id/4000000074564124,http://www.ordnancesurvey.co.uk/xml/codelists/localtype.xml#village,,,,Powys - Powys,http://data.ordnancesurvey.co.uk/id/7000000000025491,http://data.ordnancesurvey.co.uk/ontology/admingeo/UnitaryAuthority,Wales,http://data.ordnancesurvey.co.uk/id/7000000000041424,Wales,http://data.ordnancesurvey.co.uk/id/country/wales,,,
SY209EP,http://data.ordnancesurvey.co.uk/id/postcodeunit/SY209EP,SY20 9EP,,,,other,Postcode,285720.400,312068.000,3500,18000,,,,,,,,,,,,,Gwynedd - Gwynedd,http://data.ordnancesurvey.co.uk/id/7000000000025483,http://data.ordnancesurvey.co.uk/ontology/admingeo/UnitaryAuthority,Wales,http://data.ordnancesurvey.co.uk/id/7000000000041424,Wales,http://data.ordnancesurvey.co.uk/id/country/wales,,,
SY208QS,http://data.ordnancesurvey.co.uk/id/postcodeunit/SY208QS,SY20 8QS,,,,other,Postcode,283669.700,304428.400,3500,18000,,,,,,,,,,,,,Powys - Powys,http://data.ordnancesurvey.co.uk/id/7000000000025491,http://data.ordnancesurvey.co.uk/ontology/admingeo/UnitaryAuthority,Wales,http://data.ordnancesurvey.co.uk/id/7000000000041424,Wales,http://data.ordnancesurvey.co.uk/id/country/wales,,,
SY197AH,http://data.ordnancesurvey.co.uk/id/postcodeunit/SY197AH,SY19 7AH,,,,other,Postcode,292407.600,301135.900,3500,18000,,,,,,,,,,,,,Powys - Powys,http://data.ordnancesurvey.co.uk/id/7000000000025491,http://data.ordnancesurvey.co.uk/ontology/admingeo/UnitaryAuthority,Wales,http://data.ordnancesurvey.co.uk/id/7000000000041424,Wales,http://data.ordnancesurvey.co.uk/id/country/wales,,,
SY209QH,http://data.ordnancesurvey.co.uk/id/postcodeunit/SY209QH,SY20 9QH,,,,other,Postcode,284570.200,310150.600,3500,18000,,,,,,,Aberangell,http://data.ordnancesurvey.co.uk/id/4000000074564755,http://www.ordnancesurvey.co.uk/xml/codelists/localtype.xml#village,,,,Gwynedd - Gwynedd,http://data.ordnancesurvey.co.uk/id/7000000000025483,http://data.ordnancesurvey.co.uk/ontology/admingeo/UnitaryAuthority,Wales,http://data.ordnancesurvey.co.uk/id/7000000000041424,Wales,http://data.ordnancesurvey.co.uk/id/country/wales,,,
SY210JG,http://data.ordnancesurvey.co.uk/id/postcodeunit/SY210JG,SY21 0JG,,,,other,Postcode,299047.979,305975.280,3500,18000,,,,,,,,,,,,,Powys - Powys,http://data.ordnancesurvey.co.uk/id/7000000000025491,http://data.ordnancesurvey.co.uk/ontology/admingeo/UnitaryAuthority,Wales,http://data.ordnancesurvey.co.uk/id/7000000000041424,Wales,http://data.ordnancesurvey.co.uk/id/country/wales,,,
SY197DA,http://data.ordnancesurvey.co.uk/id/postcodeunit/SY197DA,SY19 7DA,,,,other,Postcode,289790.700,302527.500,3500,18000,,,,,,,Llanbrynmair,http://data.ordnancesurvey.co.uk/id/4000000074564124,http://www.ordnancesurvey.co.uk/xml/codelists/localtype.xml#village,,,,Powys - Powys,http://data.ordnancesurvey.co.uk/id/7000000000025491,http://data.ordnancesurvey.co.uk/ontology/admingeo/UnitaryAuthority,Wales,http://data.ordnancesurvey.co.uk/id/7000000000041424,Wales,http://data.ordnancesurvey.co.uk/id/country/wales,,,
SY209NX,http://data.ordnancesurvey.co.uk/id/postcodeunit/SY209NX,SY20 9NX,,,,other,Postcode,284658.200,307757.300,3500,18000,,,,,,,Cwm-Llinau,http://data.ordnancesurvey.co.uk/id/4000000074320909,http://www.ordnancesurvey.co.uk/xml/codelists/localtype.xml#village,,,,Powys - Powys,http://data.ordnancesurvey.co.uk/id/7000000000025491,http://data.ordnancesurvey.co.uk/ontology/admingeo/UnitaryAuthority,Wales,http://data.ordnancesurvey.co.uk/id/7000000000041424,Wales,http://data.ordnancesurvey.co.uk/id/country/wales,,,
SY209JG,http://data.ordnancesurvey.co.uk/id/postcodeunit/SY209JG,SY20 9JG,,,,other,Postcode,285821.167,317842.133,3500,18000,,,,,,,,,,,,,Gwynedd - Gwynedd,http://data.ordnancesurvey.co.uk/id/7000000000025483,http://data.ordnancesurvey.co.uk/ontology/admingeo/UnitaryAuthority,Wales,http://data.ordnancesurvey.co.uk/id/7000000000041424,Wales,http://data.ordnancesurvey.co.uk/id/country/wales,,,
SY209JQ,http://data.ordnancesurvey.co.uk/id/postcodeunit/SY209JQ,SY20 9JQ,,,,other,Postcode,288712.336,316577.182,3500,18000,,,,,,,,,,,,,Gwynedd - Gwynedd,http://data.ordnancesurvey.co.uk/id/7000000000025483,http://data.ordnancesurvey.co.uk/ontology/admingeo/UnitaryAuthority,Wales,http://data.ordnancesurvey.co.uk/id/7000000000041424,Wales,http://data.ordnancesurvey.co.uk/id/country/wales,,,
SY209PE,http://data.ordnancesurvey.co.uk/id/postcodeunit/SY209PE,SY20 9PE,,,,other,Postcode,285473.550,308421.517,3500,18000,,,,,,,,,,,,,Powys - Powys,http://data.ordnancesurvey.co.uk/id/7000000000025491,http://data.ordnancesurvey.co.uk/ontology/admingeo/UnitaryAuthority,Wales,http://data.ordnancesurvey.co.uk/id/7000000000041424,Wales,http://data.ordnancesurvey.co.uk/id/country/wales,,,
SY208LR,http://data.ordnancesurvey.co.uk/id/postcodeunit/SY208LR,SY20 8LR,,,,other,Postcode,285055.500,303476.000,3500,18000,,,,,,,,,,,,,Powys - Powys,http://data.ordnancesurvey.co.uk/id/7000000000025491,http://data.ordnancesurvey.co.uk/ontology/admingeo/UnitaryAuthority,Wales,http://data.ordnancesurvey.co.uk/id/7000000000041424,Wales,http://data.ordnancesurvey.co.uk/id/country/wales,,,
SY209PX,http://data.ordnancesurvey.co.uk/id/postcodeunit/SY209PX,SY20 9PX,,,,other,Postcode,284233.700,305865.800,3500,18000,,,,,,,Cemmaes,http://data.ordnancesurvey.co.uk/id/4000000074564750,http://www.ordnancesurvey.co.uk/xml/codelists/localtype.xml#village,,,,Powys - Powys,http://data.ordnancesurvey.co.uk/id/7000000000025491,http://data.ordnancesurvey.co.uk/ontology/admingeo/UnitaryAuthority,Wales,http://data.ordnancesurvey.co.uk/id/7000000000041424,Wales,http://data.ordnancesurvey.co.uk/id/country/wales,,,
SY197BA,http://data.ordnancesurvey.co.uk/id/postcodeunit/SY197BA,SY19 7BA,,,,other,Postcode,291430.864,301677.215,3500,18000,,,,,,,Dol-fâch,http://data.ordnancesurvey.co.uk/id/4000000074543393,http://www.ordnancesurvey.co.uk/xml/codelists/localtype.xml#hamlet,,,,Powys - Powys,http://data.ordnancesurvey.co.uk/id/7000000000025491,http://data.ordnancesurvey.co.uk/ontology/admingeo/UnitaryAuthority,Wales,http://data.ordnancesurvey.co.uk/id/7000000000041424,Wales,http://data.ordnancesurvey.co.uk/id/country/wales,,,
SY209PY,http://data.ordnancesurvey.co.uk/id/postcodeunit/SY209PY,SY20 9PY,,,,other,Postcode,284989.100,305922.400,3500,18000,,,,,,,,,,,,,Powys - Powys,http://data.ordnancesurvey.co.uk/id/7000000000025491,http://data.ordnancesurvey.co.uk/ontology/admingeo/UnitaryAuthority,Wales,http://data.ordnancesurvey.co.uk/id/7000000000041424,Wales,http://data.ordnancesurvey.co.uk/id/country/wales,,,
SY209PR,http://data.ordnancesurvey.co.uk/id/postcodeunit/SY209PR,SY20 9PR,,,,other,Postcode,283939.553,306124.573,3500,18000,,,,,,,Cemmaes,http://data.ordnancesurvey.co.uk/id/4000000074564750,http://www.ordnancesurvey.co.uk/xml/codelists/localtype.xml#village,,,,Powys - Powys,http://data.ordnancesurvey.co.uk/id/7000000000025491,http://data.ordnancesurvey.co.uk/ontology/admingeo/UnitaryAuthority,Wales,http://data.ordnancesurvey.co.uk/id/7000000000041424,Wales,http://data.ordnancesurvey.co.uk/id/country/wales,,,
SY208LQ,http://data.ordnancesurvey.co.uk/id/postcodeunit/SY208LQ,SY20 8LQ,,,,other,Postcode,284565.300,303001.200,3500,18000,,,,,,,Commins Coch,http://data.ordnancesurvey.co.uk/id/4000000074564441,http://www.ordnancesurvey.co.uk/xml/codelists/localtype.xml#village,,,,Powys - Powys,http://data.ordnancesurvey.co.uk/id/7000000000025491,http://data.ordnancesurvey.co.uk/ontology/admingeo/UnitaryAuthority,Wales,http://data.ordnancesurvey.co.uk/id/7000000000041424,Wales,http://data.ordnancesurvey.co.uk/id/country/wales,,,
SY209NY,http://data.ordnancesurvey.co.uk/id/postcodeunit/SY209NY,SY20 9NY,,,,other,Postcode,284695.600,307780.300,3500,18000,,,,,,,Cwm-Llinau,http://data.ordnancesurvey.co.uk/id/4000000074320909,http://www.ordnancesurvey.co.uk/xml/codelists/localtype.xml#village,,,,Powys - Powys,http://data.ordnancesurvey.co.uk/id/7000000000025491,http://data.ordnancesurvey.co.uk/ontology/admingeo/UnitaryAuthority,Wales,http://data.ordnancesurvey.co.uk/id/7000000000041424,Wales,http://data.ordnancesurvey.co.uk/id/country/wales,,,
SY208LT,http://data.ordnancesurvey.co.uk/id/postcodeunit/SY208LT,SY20 8LT,,,,other,Postcode,285555.600,304282.700,3500,18000,,,,,,,,,,,,,Powys - Powys,http://data.ordnancesurvey.co.uk/id/7000000000025491,http://data.ordnancesurvey.co.uk/ontology/admingeo/UnitaryAuthority,Wales,http://data.ordnancesurvey.co.uk/id/7000000000041424,Wales,http://data.ordnancesurvey.co.uk/id/country/wales,,,
SY210PD,http://data.ordnancesurvey.co.uk/id/postcodeunit/SY210PD,SY21 0PD,,,,other,Postcode,298865.991,312762.673,3500,18000,,,,,,,,,,,,,Powys - Powys,http://data.ordnancesurvey.co.uk/id/7000000000025491,http://data.ordnancesurvey.co.uk/ontology/admingeo/UnitaryAuthority,Wales,http://data.ordnancesurvey.co.uk/id/7000000000041424,Wales,http://data.ordnancesurvey.co.uk/id/country/wales,,,
SY210NY,http://data.ordnancesurvey.co.uk/id/postcodeunit/SY210NY,SY21 0NY,,,,other,Postcode,297381.300,312227.400,3500,18000,,,,,,,Foel,http://data.ordnancesurvey.co.uk/id/4000000074564437,http://www.ordnancesurvey.co.uk/xml/codelists/localtype.xml#village,,,,Powys - Powys,http://data.ordnancesurvey.co.uk/id/7000000000025491,http://data.ordnancesurvey.co.uk/ontology/admingeo/UnitaryAuthority,Wales,http://data.ordnancesurvey.co.uk/id/7000000000041424,Wales,http://data.ordnancesurvey.co.uk/id/country/wales,,,
SY209PU,http://data.ordnancesurvey.co.uk/id/postcodeunit/SY209PU,SY20 9PU,,,,other,Postcode,283667.700,305802.100,3500,18000,,,,,,,Cemmaes,http://data.ordnancesurvey.co.uk/id/4000000074564750,http://www.ordnancesurvey.co.uk/xml/codelists/localtype.xml#village,,,,Powys - Powys,http://data.ordnancesurvey.co.uk/id/7000000000025491,http://data.ordnancesurvey.co.uk/ontology/admingeo/UnitaryAuthority,Wales,http://data.ordnancesurvey.co.uk/id/7000000000041424,Wales,http://data.ordnancesurvey.co.uk/id/country/wales,,,
SY197DX,http://data.ordnancesurvey.co.uk/id/postcodeunit/SY197DX,SY19 7DX,,,,other,Postcode,289657.683,303616.333,3500,18000,,,,,,,,,,,,,Powys - Powys,http://data.ordnancesurvey.co.uk/id/7000000000025491,http://data.ordnancesurvey.co.uk/ontology/admingeo/UnitaryAuthority,Wales,http://data.ordnancesurvey.co.uk/id/7000000000041424,Wales,http://data.ordnancesurvey.co.uk/id/country/wales,,,
SY209HJ,http://data.ordnancesurvey.co.uk/id/postcodeunit/SY209HJ,SY20 9HJ,,,,other,Postcode,286305.100,312405.700,3500,18000,,,,,,,Mallwyd,http://data.ordnancesurvey.co.uk/id/4000000074565693,http://www.ordnancesurvey.co.uk/xml/codelists/localtype.xml#hamlet,,,,Gwynedd - Gwynedd,http://data.ordnancesurvey.co.uk/id/7000000000025483,http://data.ordnancesurvey.co.uk/ontology/admingeo/UnitaryAuthority,Wales,http://data.ordnancesurvey.co.uk/id/7000000000041424,Wales,http://data.ordnancesurvey.co.uk/id/country/wales,,,
SY209PF,http://data.ordnancesurvey.co.uk/id/postcodeunit/SY209PF,SY20 9PF,,,,other,Postcode,285543.917,307924.617,3500,18000,,,,,,,,,,,,,Powys - Powys,http://data.ordnancesurvey.co.uk/id/7000000000025491,http://data.ordnancesurvey.co.uk/ontology/admingeo/UnitaryAuthority,Wales,http://data.ordnancesurvey.co.uk/id/7000000000041424,Wales,http://data.ordnancesurvey.co.uk/id/country/wales,,,
SY208LX,http://data.ordnancesurvey.co.uk/id/postcodeunit/SY208LX,SY20 8LX,,,,other,Postcode,282319.500,304470.200,3500,18000,,,,,,,Glantwymyn / Cemmaes Road,http://data.ordnancesurvey.co.uk/id/4000000074564749,http://www.ordnancesurvey.co.uk/xml/codelists/localtype.xml#village,,,,Powys - Powys,http://data.ordnancesurvey.co.uk/id/7000000000025491,http://data.ordnancesurvey.co.uk/ontology/admingeo/UnitaryAuthority,Wales,http://data.ordnancesurvey.co.uk/id/7000000000041424,Wales,http://data.ordnancesurvey.co.uk/id/country/wales,,,
SY209PN,http://data.ordnancesurvey.co.uk/id/postcodeunit/SY209PN,SY20 9PN,,,,other,Postcode,283910.700,306180.000,3500,18000,,,,,,,Cemmaes,http://data.ordnancesurvey.co.uk/id/4000000074564750,http://www.ordnancesurvey.co.uk/xml/codelists/localtype.xml#village,,,,Powys - Powys,http://data.ordnancesurvey.co.uk/id/7000000000025491,http://data.ordnancesurvey.co.uk/ontology/admingeo/UnitaryAuthority,Wales,http://data.ordnancesurvey.co.uk/id/7000000000041424,Wales,http://data.ordnancesurvey.co.uk/id/country/wales,,,
SY100NJ,http://data.ordnancesurvey.co.uk/id/postcodeunit/SY100NJ,SY10 0NJ,,,,other,Postcode,299960.800,318193.900,3500,18000,,,,,,,,,,,,,Powys - Powys,http://data.ordnancesurvey.co.uk/id/7000000000025491,http://data.ordnancesurvey.co.uk/ontology/admingeo/UnitaryAuthority,Wales,http://data.ordnancesurvey.co.uk/id/7000000000041424,Wales,http://data.ordnancesurvey.co.uk/id/country/wales,,,
SY208NP,http://data.ordnancesurvey.co.uk/id/postcodeunit/SY208NP,SY20 8NP,,,,other,Postcode,280440.400,302745.300,3500,18000,,,,,,,,,,,,,Powys - Powys,http://data.ordnancesurvey.co.uk/id/7000000000025491,http://data.ordnancesurvey.co.uk/ontology/admingeo/UnitaryAuthority,Wales,http://data.ordnancesurvey.co.uk/id/7000000000041424,Wales,http://data.ordnancesurvey.co.uk/id/country/wales,,,
SY209LR,http://data.ordnancesurvey.co.uk/id/postcodeunit/SY209LR,SY20 9LR,,,,other,Postcode,285780.800,313767.500,3500,18000,,,,,,,Minllyn,http://data.ordnancesurvey.co.uk/id/4000000074566015,http://www.ordnancesurvey.co.uk/xml/codelists/localtype.xml#village,,,,Gwynedd - Gwynedd,http://data.ordnancesurvey.co.uk/id/7000000000025483,http://data.ordnancesurvey.co.uk/ontology/admingeo/UnitaryAuthority,Wales,http://data.ordnancesurvey.co.uk/id/7000000000041424,Wales,http://data.ordnancesurvey.co.uk/id/country/wales,,,
SY197DS,http://data.ordnancesurvey.co.uk/id/postcodeunit/SY197DS,SY19 7DS,,,,other,Postcode,288194.400,302703.400,3500,18000,,,,,,,,,,,,,Powys - Powys,http://data.ordnancesurvey.co.uk/id/7000000000025491,http://data.ordnancesurvey.co.uk/ontology/admingeo/UnitaryAuthority,Wales,http://data.ordnancesurvey.co.uk/id/7000000000041424,Wales,http://data.ordnancesurvey.co.uk/id/country/wales,,,
SY197DH,http://data.ordnancesurvey.co.uk/id/postcodeunit/SY197DH,SY19 7DH,,,,other,Postcode,289808.800,302718.700,3500,18000,,,,,,,Llanbrynmair,http://data.ordnancesurvey.co.uk/id/4000000074564124,http://www.ordnancesurvey.co.uk/xml/codelists/localtype.xml#village,,,,Powys - Powys,http://data.ordnancesurvey.co.uk/id/7000000000025491,http://data.ordnancesurvey.co.uk/ontology/admingeo/UnitaryAuthority,Wales,http://data.ordnancesurvey.co.uk/id/7000000000041424,Wales,http://data.ordnancesurvey.co.uk/id/country/wales,,,
SY209HN,http://data.ordnancesurvey.co.uk/id/postcodeunit/SY209HN,SY20 9HN,,,,other,Postcode,286345.700,312536.333,3500,18000,,,,,,,Mallwyd,http://data.ordnancesurvey.co.uk/id/4000000074565693,http://www.ordnancesurvey.co.uk/xml/codelists/localtype.xml#hamlet,,,,Gwynedd - Gwynedd,http://data.ordnancesurvey.co.uk/id/7000000000025483,http://data.ordnancesurvey.co.uk/ontology/admingeo/UnitaryAuthority,Wales,http://data.ordnancesurvey.co.uk/id/7000000000041424,Wales,http://data.ordnancesurvey.co.uk/id/country/wales,,,
SY197DN,http://data.ordnancesurvey.co.uk/id/postcodeunit/SY197DN,SY19 7DN,,,,other,Postcode,289228.033,301282.867,3500,18000,,,,,,,,,,,,,Powys - Powys,http://data.ordnancesurvey.co.uk/id/7000000000025491,http://data.ordnancesurvey.co.uk/ontology/admingeo/UnitaryAuthority,Wales,http://data.ordnancesurvey.co.uk/id/7000000000041424,Wales,http://data.ordnancesurvey.co.uk/id/country/wales,,,
SY197EA,http://data.ordnancesurvey.co.uk/id/postcodeunit/SY197EA,SY19 7EA,,,,other,Postcode,291569.056,307038.056,3500,18000,,,,,,,,,,,,,Powys - Powys,http://data.ordnancesurvey.co.uk/id/7000000000025491,http://data.ordnancesurvey.co.uk/ontology/admingeo/UnitaryAuthority,Wales,http://data.ordnancesurvey.co.uk/id/7000000000041424,Wales,http://data.ordnancesurvey.co.uk/id/country/wales,,,
SY208NT,http://data.ordnancesurvey.co.uk/id/postcodeunit/SY208NT,SY20 8NT,,,,other,Postcode,283062.300,301817.400,3500,18000,,,,,,,Darowen,http://data.ordnancesurvey.co.uk/id/4000000074564440,http://www.ordnancesurvey.co.uk/xml/codelists/localtype.xml#hamlet,,,,Powys - Powys,http://data.ordnancesurvey.co.uk/id/7000000000025491,http://data.ordnancesurvey.co.uk/ontology/admingeo/UnitaryAuthority,Wales,http://data.ordnancesurvey.co.uk/id/7000000000041424,Wales,http://data.ordnancesurvey.co.uk/id/country/wales,,,
SY209EN,http://data.ordnancesurvey.co.uk/id/postcodeunit/SY209EN,SY20 9EN,,,,other,Postcode,286344.300,311765.400,3500,18000,,,,,,,,,,,,,Powys - Powys,http://data.ordnancesurvey.co.uk/id/7000000000025491,http://data.ordnancesurvey.co.uk/ontology/admingeo/UnitaryAuthority,Wales,http://data.ordnancesurvey.co.uk/id/7000000000041424,Wales,http://data.ordnancesurvey.co.uk/id/country/wales,,,
SY209NH,http://data.ordnancesurvey.co.uk/id/postcodeunit/SY209NH,SY20 9NH,,,,other,Postcode,284460.000,311849.500,3500,18000,,,,,,,,,,,,,Gwynedd - Gwynedd,http://data.ordnancesurvey.co.uk/id/7000000000025483,http://data.ordnancesurvey.co.uk/ontology/admingeo/UnitaryAuthority,Wales,http://data.ordnancesurvey.co.uk/id/7000000000041424,Wales,http://data.ordnancesurvey.co.uk/id/country/wales,,,
SY209EW,http://data.ordnancesurvey.co.uk/id/postcodeunit/SY209EW,SY20 9EW,,,,other,Postcode,285553.100,310964.800,3500,18000,,,,,,,,,,,,,Powys - Powys,http://data.ordnancesurvey.co.uk/id/7000000000025491,http://data.ordnancesurvey.co.uk/ontology/admingeo/UnitaryAuthority,Wales,http://data.ordnancesurvey.co.uk/id/7000000000041424,Wales,http://data.ordnancesurvey.co.uk/id/country/wales,,,
SY209NQ,http://data.ordnancesurvey.co.uk/id/postcodeunit/SY209NQ,SY20 9NQ,,,,other,Postcode,285466.700,311804.500,3500,18000,,,,,,,,,,,,,Gwynedd - Gwynedd,http://data.ordnancesurvey.co.uk/id/7000000000025483,http://data.ordnancesurvey.co.uk/ontology/admingeo/UnitaryAuthority,Wales,http://data.ordnancesurvey.co.uk/id/7000000000041424,Wales,http://data.ordnancesurvey.co.uk/id/country/wales,,,
SY197BB,http://data.ordnancesurvey.co.uk/id/postcodeunit/SY197BB,SY19 7BB,,,,other,Postcode,288622.700,300247.600,3500,18000,,,,,,,Bont Dolgadfan,http://data.ordnancesurvey.co.uk/id/4000000074564122,http://www.ordnancesurvey.co.uk/xml/codelists/localtype.xml#village,,,,Powys - Powys,http://data.ordnancesurvey.co.uk/id/7000000000025491,http://data.ordnancesurvey.co.uk/ontology/admingeo/UnitaryAuthority,Wales,http://data.ordnancesurvey.co.uk/id/7000000000041424,Wales,http://data.ordnancesurvey.co.uk/id/country/wales,,,
SY209NE,http://data.ordnancesurvey.co.uk/id/postcodeunit/SY209NE,SY20 9NE,,,,other,Postcode,284535.800,309864.400,3500,18000,,,,,,,Aberangell,http://data.ordnancesurvey.co.uk/id/4000000074564755,http://www.ordnancesurvey.co.uk/xml/codelists/localtype.xml#village,,,,Gwynedd - Gwynedd,http://data.ordnancesurvey.co.uk/id/7000000000025483,http://data.ordnancesurvey.co.uk/ontology/admingeo/UnitaryAuthority,Wales,http://data.ordnancesurvey.co.uk/id/7000000000041424,Wales,http://data.ordnancesurvey.co.uk/id/country/wales,,,
SY208LP,http://data.ordnancesurvey.co.uk/id/postcodeunit/SY208LP,SY20 8LP,,,,other,Postcode,283691.800,302488.000,3500,18000,,,,,,,,,,,,,Powys - Powys,http://data.ordnancesurvey.co.uk/id/7000000000025491,http://data.ordnancesurvey.co.uk/ontology/admingeo/UnitaryAuthority,Wales,http://data.ordnancesurvey.co.uk/id/7000000000041424,Wales,http://data.ordnancesurvey.co.uk/id/country/wales,,,
SY209LP,http://data.ordnancesurvey.co.uk/id/postcodeunit/SY209LP,SY20 9LP,,,,other,Postcode,285971.075,313981.983,3500,18000,,,,,,,Minllyn,http://data.ordnancesurvey.co.uk/id/4000000074566015,http://www.ordnancesurvey.co.uk/xml/codelists/localtype.xml#village,,,,Gwynedd - Gwynedd,http://data.ordnancesurvey.co.uk/id/7000000000025483,http://data.ordnancesurvey.co.uk/ontology/admingeo/UnitaryAuthority,Wales,http://data.ordnancesurvey.co.uk/id/7000000000041424,Wales,http://data.ordnancesurvey.co.uk/id/country/wales,,,
SY210JH,http://data.ordnancesurvey.co.uk/id/postcodeunit/SY210JH,SY21 0JH,,,,other,Postcode,299081.800,307208.500,3500,18000,,,,,,,,,,,,,Powys - Powys,http://data.ordnancesurvey.co.uk/id/7000000000025491,http://data.ordnancesurvey.co.uk/ontology/admingeo/UnitaryAuthority,Wales,http://data.ordnancesurvey.co.uk/id/7000000000041424,Wales,http://data.ordnancesurvey.co.uk/id/country/wales,,,
SY197AE,http://data.ordnancesurvey.co.uk/id/postcodeunit/SY197AE,SY19 7AE,,,,other,Postcode,291037.200,301409.600,3500,18000,,,,,,,,,,,,,Powys - Powys,http://data.ordnancesurvey.co.uk/id/7000000000025491,http://data.ordnancesurvey.co.uk/ontology/admingeo/UnitaryAuthority,Wales,http://data.ordnancesurvey.co.uk/id/7000000000041424,Wales,http://data.ordnancesurvey.co.uk/id/country/wales,,,
SY208LD,http://data.ordnancesurvey.co.uk/id/postcodeunit/SY208LD,SY20 8LD,,,,other,Postcode,282443.600,304628.300,3500,18000,,,,,,,Glantwymyn / Cemmaes Road,http://data.ordnancesurvey.co.uk/id/4000000074564749,http://www.ordnancesurvey.co.uk/xml/codelists/localtype.xml#village,,,,Powys - Powys,http://data.ordnancesurvey.co.uk/id/7000000000025491,http://data.ordnancesurvey.co.uk/ontology/admingeo/UnitaryAuthority,Wales,http://data.ordnancesurvey.co.uk/id/7000000000041424,Wales,http://data.ordnancesurvey.co.uk/id/country/wales,,,
SY209NJ,http://data.ordnancesurvey.co.uk/id/postcodeunit/SY209NJ,SY20 9NJ,,,,other,Postcode,283932.025,309090.050,3500,18000,,,,,,,,,,,,,Powys - Powys,http://data.ordnancesurvey.co.uk/id/7000000000025491,http://data.ordnancesurvey.co.uk/ontology/admingeo/UnitaryAuthority,Wales,http://data.ordnancesurvey.co.uk/id/7000000000041424,Wales,http://data.ordnancesurvey.co.uk/id/country/wales,,,
SY209AB,http://data.ordnancesurvey.co.uk/id/postcodeunit/SY209AB,SY20 9AB,,,,other,Postcode,284523.200,309018.000,3500,18000,,,,,,,Dolcorsllwyn,http://data.ordnancesurvey.co.uk/id/4000000074321536,http://www.ordnancesurvey.co.uk/xml/codelists/localtype.xml#hamlet,,,,Powys - Powys,http://data.ordnancesurvey.co.uk/id/7000000000025491,http://data.ordnancesurvey.co.uk/ontology/admingeo/UnitaryAuthority,Wales,http://data.ordnancesurvey.co.uk/id/7000000000041424,Wales,http://data.ordnancesurvey.co.uk/id/country/wales,,,
SY209JB,http://data.ordnancesurvey.co.uk/id/postcodeunit/SY209JB,SY20 9JB,,,,other,Postcode,285873.000,314945.800,3500,18000,,,,,,,Dinas Mawddwy,http://data.ordnancesurvey.co.uk/id/4000000074566347,http://www.ordnancesurvey.co.uk/xml/codelists/localtype.xml#village,,,,Gwynedd - Gwynedd,http://data.ordnancesurvey.co.uk/id/7000000000025483,http://data.ordnancesurvey.co.uk/ontology/admingeo/UnitaryAuthority,Wales,http://data.ordnancesurvey.co.uk/id/7000000000041424,Wales,http://data.ordnancesurvey.co.uk/id/country/wales,,,
SY209LN,http://data.ordnancesurvey.co.uk/id/postcodeunit/SY209LN,SY20 9LN,,,,other,Postcode,285894.369,314219.302,3500,18000,,,,,,,Minllyn,http://data.ordnancesurvey.co.uk/id/4000000074566015,http://www.ordnancesurvey.co.uk/xml/codelists/localtype.xml#village,,,,Gwynedd - Gwynedd,http://data.ordnancesurvey.co.uk/id/7000000000025483,http://data.ordnancesurvey.co.uk/ontology/admingeo/UnitaryAuthority,Wales,http://data.ordnancesurvey.co.uk/id/7000000000041424,Wales,http://data.ordnancesurvey.co.uk/id/country/wales,,,
SY209ND,http://data.ordnancesurvey.co.uk/id/postcodeunit/SY209ND,SY20 9ND,,,,other,Postcode,284025.047,310110.867,3500,18000,,,,,,,,,,,,,Powys - Powys,http://data.ordnancesurvey.co.uk/id/7000000000025491,http://data.ordnancesurvey.co.uk/ontology/admingeo/UnitaryAuthority,Wales,http://data.ordnancesurvey.co.uk/id/7000000000041424,Wales,http://data.ordnancesurvey.co.uk/id/country/wales,,,
SY209LX,http://data.ordnancesurvey.co.uk/id/postcodeunit/SY209LX,SY20 9LX,,,,other,Postcode,284374.174,315823.441,3500,18000,,,,,,,,,,,,,Gwynedd - Gwynedd,http://data.ordnancesurvey.co.uk/id/7000000000025483,http://data.ordnancesurvey.co.uk/ontology/admingeo/UnitaryAuthority,Wales,http://data.ordnancesurvey.co.uk/id/7000000000041424,Wales,http://data.ordnancesurvey.co.uk/id/country/wales,,,
SY208LU,http://data.ordnancesurvey.co.uk/id/postcodeunit/SY208LU,SY20 8LU,,,,other,Postcode,283480.100,303283.050,3500,18000,,,,,,,,,,,,,Powys - Powys,http://data.ordnancesurvey.co.uk/id/7000000000025491,http://data.ordnancesurvey.co.uk/ontology/admingeo/UnitaryAuthority,Wales,http://data.ordnancesurvey.co.uk/id/7000000000041424,Wales,http://data.ordnancesurvey.co.uk/id/country/wales,,,
SY209HR,http://data.ordnancesurvey.co.uk/id/postcodeunit/SY209HR,SY20 9HR,,,,other,Postcode,289567.085,312695.385,3500,18000,,,,,,,,,,,,,Gwynedd - Gwynedd,http://data.ordnancesurvey.co.uk/id/7000000000025483,http://data.ordnancesurvey.co.uk/ontology/admingeo/UnitaryAuthority,Wales,http://data.ordnancesurvey.co.uk/id/7000000000041424,Wales,http://data.ordnancesurvey.co.uk/id/country/wales,,,
SY208QR,http://data.ordnancesurvey.co.uk/id/postcodeunit/SY208QR,SY20 8QR,,,,other,Postcode,283470.500,305075.700,3500,18000,,,,,,,,,,,,,Powys - Powys,http://data.ordnancesurvey.co.uk/id/7000000000025491,http://data.ordnancesurvey.co.uk/ontology/admingeo/UnitaryAuthority,Wales,http://data.ordnancesurvey.co.uk/id/7000000000041424,Wales,http://data.ordnancesurvey.co.uk/id/country/wales,,,
SY197DU,http://data.ordnancesurvey.co.uk/id/postcodeunit/SY197DU,SY19 7DU,,,,other,Postcode,288816.500,303571.800,3500,18000,,,,,,,,,,,,,Powys - Powys,http://data.ordnancesurvey.co.uk/id/7000000000025491,http://data.ordnancesurvey.co.uk/ontology/admingeo/UnitaryAuthority,Wales,http://data.ordnancesurvey.co.uk/id/7000000000041424,Wales,http://data.ordnancesurvey.co.uk/id/country/wales,,,
SY208QN,http://data.ordnancesurvey.co.uk/id/postcodeunit/SY208QN,SY20 8QN,,,,other,Postcode,282720.600,305655.000,3500,18000,,,,,,,,,,,,,Powys - Powys,http://data.ordnancesurvey.co.uk/id/7000000000025491,http://data.ordnancesurvey.co.uk/ontology/admingeo/UnitaryAuthority,Wales,http://data.ordnancesurvey.co.uk/id/7000000000041424,Wales,http://data.ordnancesurvey.co.uk/id/country/wales,,,
SY210NU,http://data.ordnancesurvey.co.uk/id/postcodeunit/SY210NU,SY21 0NU,,,,other,Postcode,298220.072,311947.298,3500,18000,,,,,,,Foel,http://data.ordnancesurvey.co.uk/id/4000000074564437,http://www.ordnancesurvey.co.uk/xml/codelists/localtype.xml#village,,,,Powys - Powys,http://data.ordnancesurvey.co.uk/id/7000000000025491,http://data.ordnancesurvey.co.uk/ontology/admingeo/UnitaryAuthority,Wales,http://data.ordnancesurvey.co.uk/id/7000000000041424,Wales,http://data.ordnancesurvey.co.uk/id/country/wales,,,
SY208LE,http://data.ordnancesurvey.co.uk/id/postcodeunit/SY208LE,SY20 8LE,,,,other,Postcode,283261.946,305260.490,3500,18000,,,,,,,,,,,,,Powys - Powys,http://data.ordnancesurvey.co.uk/id/7000000000025491,http://data.ordnancesurvey.co.uk/ontology/admingeo/UnitaryAuthority,Wales,http://data.ordnancesurvey.co.uk/id/7000000000041424,Wales,http://data.ordnancesurvey.co.uk/id/country/wales,,,
SY197DQ,http://data.ordnancesurvey.co.uk/id/postcodeunit/SY197DQ,SY19 7DQ,,,,other,Postcode,289912.100,302693.900,3500,18000,,,,,,,Llanbrynmair,http://data.ordnancesurvey.co.uk/id/4000000074564124,http://www.ordnancesurvey.co.uk/xml/codelists/localtype.xml#village,,,,Powys - Powys,http://data.ordnancesurvey.co.uk/id/7000000000025491,http://data.ordnancesurvey.co.uk/ontology/admingeo/UnitaryAuthority,Wales,http://data.ordnancesurvey.co.uk/id/7000000000041424,Wales,http://data.ordnancesurvey.co.uk/id/country/wales,,,
SY209QW,http://data.ordnancesurvey.co.uk/id/postcodeunit/SY209QW,SY20 9QW,,,,other,Postcode,284543.500,310196.500,3500,18000,,,,,,,Aberangell,http://data.ordnancesurvey.co.uk/id/4000000074564755,http://www.ordnancesurvey.co.uk/xml/codelists/localtype.xml#village,,,,Gwynedd - Gwynedd,http://data.ordnancesurvey.co.uk/id/7000000000025483,http://data.ordnancesurvey.co.uk/ontology/admingeo/UnitaryAuthority,Wales,http://data.ordnancesurvey.co.uk/id/7000000000041424,Wales,http://data.ordnancesurvey.co.uk/id/country/wales,,,
SY210NQ,http://data.ordnancesurvey.co.uk/id/postcodeunit/SY210NQ,SY21 0NQ,,,,other,Postcode,299009.000,311524.400,3500,18000,,,,,,,Foel,http://data.ordnancesurvey.co.uk/id/4000000074564437,http://www.ordnancesurvey.co.uk/xml/codelists/localtype.xml#village,,,,Powys - Powys,http://data.ordnancesurvey.co.uk/id/7000000000025491,http://data.ordnancesurvey.co.uk/ontology/admingeo/UnitaryAuthority,Wales,http://data.ordnancesurvey.co.uk/id/7000000000041424,Wales,http://data.ordnancesurvey.co.uk/id/country/wales,,,
SY209LT,http://data.ordnancesurvey.co.uk/id/postcodeunit/SY209LT,SY20 9LT,,,,other,Postcode,285782.200,313660.900,3500,18000,,,,,,,Minllyn,http://data.ordnancesurvey.co.uk/id/4000000074566015,http://www.ordnancesurvey.co.uk/xml/codelists/localtype.xml#village,,,,Gwynedd - Gwynedd,http://data.ordnancesurvey.co.uk/id/7000000000025483,http://data.ordnancesurvey.co.uk/ontology/admingeo/UnitaryAuthority,Wales,http://data.ordnancesurvey.co.uk/id/7000000000041424,Wales,http://data.ordnancesurvey.co.uk/id/country/wales,,,
SY210PA,http://data.ordnancesurvey.co.uk/id/postcodeunit/SY210PA,SY21 0PA,,,,other,Postcode,294243.500,313638.500,3500,18000,,,,,,,,,,,,,Powys - Powys,http://data.ordnancesurvey.co.uk/id/7000000000025491,http://data.ordnancesurvey.co.uk/ontology/admingeo/UnitaryAuthority,Wales,http://data.ordnancesurvey.co.uk/id/7000000000041424,Wales,http://data.ordnancesurvey.co.uk/id/country/wales,,,
SY197DT,http://data.ordnancesurvey.co.uk/id/postcodeunit/SY197DT,SY19 7DT,,,,other,Postcode,289140.100,302785.200,3500,18000,,,,,,,,,,,,,Powys - Powys,http://data.ordnancesurvey.co.uk/id/7000000000025491,http://data.ordnancesurvey.co.uk/ontology/admingeo/UnitaryAuthority,Wales,http://data.ordnancesurvey.co.uk/id/7000000000041424,Wales,http://data.ordnancesurvey.co.uk/id/country/wales,,,
SY208NR,http://data.ordnancesurvey.co.uk/id/postcodeunit/SY208NR,SY20 8NR,,,,other,Postcode,280411.707,301739.340,3500,18000,,,,,,,Abercegir,http://data.ordnancesurvey.co.uk/id/4000000074564751,http://www.ordnancesurvey.co.uk/xml/codelists/localtype.xml#village,,,,Powys - Powys,http://data.ordnancesurvey.co.uk/id/7000000000025491,http://data.ordnancesurvey.co.uk/ontology/admingeo/UnitaryAuthority,Wales,http://data.ordnancesurvey.co.uk/id/7000000000041424,Wales,http://data.ordnancesurvey.co.uk/id/country/wales,,,
SY209LU,http://data.ordnancesurvey.co.uk/id/postcodeunit/SY209LU,SY20 9LU,,,,other,Postcode,285794.800,313857.100,3500,18000,,,,,,,Minllyn,http://data.ordnancesurvey.co.uk/id/4000000074566015,http://www.ordnancesurvey.co.uk/xml/codelists/localtype.xml#village,,,,Gwynedd - Gwynedd,http://data.ordnancesurvey.co.uk/id/7000000000025483,http://data.ordnancesurvey.co.uk/ontology/admingeo/UnitaryAuthority,Wales,http://data.ordnancesurvey.co.uk/id/7000000000041424,Wales,http://data.ordnancesurvey.co.uk/id/country/wales,,,
SY197AR,http://data.ordnancesurvey.co.uk/id/postcodeunit/SY197AR,SY19 7AR,,,,other,Postcode,289015.700,300024.600,3500,18000,,,,,,,Bont Dolgadfan,http://data.ordnancesurvey.co.uk/id/4000000074564122,http://www.ordnancesurvey.co.uk/xml/codelists/localtype.xml#village,,,,Powys - Powys,http://data.ordnancesurvey.co.uk/id/7000000000025491,http://data.ordnancesurvey.co.uk/ontology/admingeo/UnitaryAuthority,Wales,http://data.ordnancesurvey.co.uk/id/7000000000041424,Wales,http://data.ordnancesurvey.co.uk/id/country/wales,,,
SY209EE,http://data.ordnancesurvey.co.uk/id/postcodeunit/SY209EE,SY20 9EE,,,,other,Postcode,287604.371,314709.643,3500,18000,,,,,,,,,,,,,Gwynedd - Gwynedd,http://data.ordnancesurvey.co.uk/id/7000000000025483,http://data.ordnancesurvey.co.uk/ontology/admingeo/UnitaryAuthority,Wales,http://data.ordnancesurvey.co.uk/id/7000000000041424,Wales,http://data.ordnancesurvey.co.uk/id/country/wales,,,
SY197EB,http://data.ordnancesurvey.co.uk/id/postcodeunit/SY197EB,SY19 7EB,,,,other,Postcode,287788.700,303619.700,3500,18000,,,,,,,,,,,,,Powys - Powys,http://data.ordnancesurvey.co.uk/id/7000000000025491,http://data.ordnancesurvey.co.uk/ontology/admingeo/UnitaryAuthority,Wales,http://data.ordnancesurvey.co.uk/id/7000000000041424,Wales,http://data.ordnancesurvey.co.uk/id/country/wales,,,
SY209HS,http://data.ordnancesurvey.co.uk/id/postcodeunit/SY209HS,SY20 9HS,,,,other,Postcode,289300.500,311020.100,3500,18000,,,,,,,,,,,,,Powys - Powys,http://data.ordnancesurvey.co.uk/id/7000000000025491,http://data.ordnancesurvey.co.uk/ontology/admingeo/UnitaryAuthority,Wales,http://data.ordnancesurvey.co.uk/id/7000000000041424,Wales,http://data.ordnancesurvey.co.uk/id/country/wales,,,
SY208LB,http://data.ordnancesurvey.co.uk/id/postcodeunit/SY208LB,SY20 8LB,,,,other,Postcode,282377.000,304473.900,3500,18000,,,,,,,Glantwymyn / Cemmaes Road,http://data.ordnancesurvey.co.uk/id/4000000074564749,http://www.ordnancesurvey.co.uk/xml/codelists/localtype.xml#village,,,,Powys - Powys,http://data.ordnancesurvey.co.uk/id/7000000000025491,http://data.ordnancesurvey.co.uk/ontology/admingeo/UnitaryAuthority,Wales,http://data.ordnancesurvey.co.uk/id/7000000000041424,Wales,http://data.ordnancesurvey.co.uk/id/country/wales,,,
SY209AF,http://data.ordnancesurvey.co.uk/id/postcodeunit/SY209AF,SY20 9AF,,,,other,Postcode,286782.400,315760.400,3500,18000,,,,,,,Aber-Cywarch,http://data.ordnancesurvey.co.uk/id/4000000074566348,http://www.ordnancesurvey.co.uk/xml/codelists/localtype.xml#hamlet,,,,Gwynedd - Gwynedd,http://data.ordnancesurvey.co.uk/id/7000000000025483,http://data.ordnancesurvey.co.uk/ontology/admingeo/UnitaryAuthority,Wales,http://data.ordnancesurvey.co.uk/id/7000000000041424,Wales,http://data.ordnancesurvey.co.uk/id/country/wales,,,
SY208LW,http://data.ordnancesurvey.co.uk/id/postcodeunit/SY208LW,SY20 8LW,,,,other,Postcode,282657.700,302097.400,3500,18000,,,,,,,,,,,,,Powys - Powys,http://data.ordnancesurvey.co.uk/id/7000000000025491,http://data.ordnancesurvey.co.uk/ontology/admingeo/UnitaryAuthority,Wales,http://data.ordnancesurvey.co.uk/id/7000000000041424,Wales,http://data.ordnancesurvey.co.uk/id/country/wales,,,
SY209JE,http://data.ordnancesurvey.co.uk/id/postcodeunit/SY209JE,SY20 9JE,,,,other,Postcode,285996.400,314038.500,3500,18000,,,,,,,,,,,,,Gwynedd - Gwynedd,http://data.ordnancesurvey.co.uk/id/7000000000025483,http://data.ordnancesurvey.co.uk/ontology/admingeo/UnitaryAuthority,Wales,http://data.ordnancesurvey.co.uk/id/7000000000041424,Wales,http://data.ordnancesurvey.co.uk/id/country/wales,,,
SY210NJ,http://data.ordnancesurvey.co.uk/id/postcodeunit/SY210NJ,SY21 0NJ,,,,other,Postcode,298956.600,311460.700,3500,18000,,,,,,,Foel,http://data.ordnancesurvey.co.uk/id/4000000074564437,http://www.ordnancesurvey.co.uk/xml/codelists/localtype.xml#village,,,,Powys - Powys,http://data.ordnancesurvey.co.uk/id/7000000000025491,http://data.ordnancesurvey.co.uk/ontology/admingeo/UnitaryAuthority,Wales,http://data.ordnancesurvey.co.uk/id/7000000000041424,Wales,http://data.ordnancesurvey.co.uk/id/country/wales,,,
SY208NS,http://data.ordnancesurvey.co.uk/id/postcodeunit/SY208NS,SY20 8NS,,,,other,Postcode,282984.800,301694.100,3500,18000,,,,,,,Darowen,http://data.ordnancesurvey.co.uk/id/4000000074564440,http://www.ordnancesurvey.co.uk/xml/codelists/localtype.xml#hamlet,,,,Powys - Powys,http://data.ordnancesurvey.co.uk/id/7000000000025491,http://data.ordnancesurvey.co.uk/ontology/admingeo/UnitaryAuthority,Wales,http://data.ordnancesurvey.co.uk/id/7000000000041424,Wales,http://data.ordnancesurvey.co.uk/id/country/wales,,,
SY209AA,http://data.ordnancesurvey.co.uk/id/postcodeunit/SY209AA,SY20 9AA,,,,other,Postcode,284423.300,306749.100,3500,18000,,,,,,,,,,,,,Powys - Powys,http://data.ordnancesurvey.co.uk/id/7000000000025491,http://data.ordnancesurvey.co.uk/ontology/admingeo/UnitaryAuthority,Wales,http://data.ordnancesurvey.co.uk/id/7000000000041424,Wales,http://data.ordnancesurvey.co.uk/id/country/wales,,,
SY210NX,http://data.ordnancesurvey.co.uk/id/postcodeunit/SY210NX,SY21 0NX,,,,other,Postcode,297300.900,311616.900,3500,18000,,,,,,,,,,,,,Powys - Powys,http://data.ordnancesurvey.co.uk/id/7000000000025491,http://data.ordnancesurvey.co.uk/ontology/admingeo/UnitaryAuthority,Wales,http://data.ordnancesurvey.co.uk/id/7000000000041424,Wales,http://data.ordnancesurvey.co.uk/id/country/wales,,,
SY209HW,http://data.ordnancesurvey.co.uk/id/postcodeunit/SY209HW,SY20 9HW,,,,other,Postcode,286172.500,312826.000,3500,18000,,,,,,,,,,,,,Gwynedd - Gwynedd,http://data.ordnancesurvey.co.uk/id/7000000000025483,http://data.ordnancesurvey.co.uk/ontology/admingeo/UnitaryAuthority,Wales,http://data.ordnancesurvey.co.uk/id/7000000000041424,Wales,http://data.ordnancesurvey.co.uk/id/country/wales,,,
SY210PS,http://data.ordnancesurvey.co.uk/id/postcodeunit/SY210PS,SY21 0PS,,,,other,Postcode,299172.100,310164.300,3500,18000,,,,,,,,,,,,,Powys - Powys,http://data.ordnancesurvey.co.uk/id/7000000000025491,http://data.ordnancesurvey.co.uk/ontology/admingeo/UnitaryAuthority,Wales,http://data.ordnancesurvey.co.uk/id/7000000000041424,Wales,http://data.ordnancesurvey.co.uk/id/country/wales,,,
SY209NT,http://data.ordnancesurvey.co.uk/id/postcodeunit/SY209NT,SY20 9NT,,,,other,Postcode,284629.800,307804.900,3500,18000,,,,,,,Cwm-Llinau,http://data.ordnancesurvey.co.uk/id/4000000074320909,http://www.ordnancesurvey.co.uk/xml/codelists/localtype.xml#village,,,,Powys - Powys,http://data.ordnancesurvey.co.uk/id/7000000000025491,http://data.ordnancesurvey.co.uk/ontology/admingeo/UnitaryAuthority,Wales,http://data.ordnancesurvey.co.uk/id/7000000000041424,Wales,http://data.ordnancesurvey.co.uk/id/country/wales,,,
SY197DY,http://data.ordnancesurvey.co.uk/id/postcodeunit/SY197DY,SY19 7DY,,,,other,Postcode,290479.130,304417.078,3500,18000,,,,,,,Pandy-rhiw-Saeson,http://data.ordnancesurvey.co.uk/id/4000000074321091,http://www.ordnancesurvey.co.uk/xml/codelists/localtype.xml#hamlet,,,,Powys - Powys,http://data.ordnancesurvey.co.uk/id/7000000000025491,http://data.ordnancesurvey.co.uk/ontology/admingeo/UnitaryAuthority,Wales,http://data.ordnancesurvey.co.uk/id/7000000000041424,Wales,http://data.ordnancesurvey.co.uk/id/country/wales,,,
SY209PD,http://data.ordnancesurvey.co.uk/id/postcodeunit/SY209PD,SY20 9PD,,,,other,Postcode,284763.000,307886.400,3500,18000,,,,,,,Cwm-Llinau,http://data.ordnancesurvey.co.uk/id/4000000074320909,http://www.ordnancesurvey.co.uk/xml/codelists/localtype.xml#village,,,,Powys - Powys,http://data.ordnancesurvey.co.uk/id/7000000000025491,http://data.ordnancesurvey.co.uk/ontology/admingeo/UnitaryAuthority,Wales,http://data.ordnancesurvey.co.uk/id/7000000000041424,Wales,http://data.ordnancesurvey.co.uk/id/country/wales,,,
SY197AG,http://data.ordnancesurvey.co.uk/id/postcodeunit/SY197AG,SY19 7AG,,,,other,Postcode,291272.200,301720.800,3500,18000,,,,,,,Dol-fâch,http://data.ordnancesurvey.co.uk/id/4000000074543393,http://www.ordnancesurvey.co.uk/xml/codelists/localtype.xml#hamlet,,,,Powys - Powys,http://data.ordnancesurvey.co.uk/id/7000000000025491,http://data.ordnancesurvey.co.uk/ontology/admingeo/UnitaryAuthority,Wales,http://data.ordnancesurvey.co.uk/id/7000000000041424,Wales,http://data.ordnancesurvey.co.uk/id/country/wales,,,
SY208LN,http://data.ordnancesurvey.co.uk/id/postcodeunit/SY208LN,SY20 8LN,,,,other,Postcode,284331.400,301393.700,3500,18000,,,,,,,,,,,,,Powys - Powys,http://data.ordnancesurvey.co.uk/id/7000000000025491,http://data.ordnancesurvey.co.uk/ontology/admingeo/UnitaryAuthority,Wales,http://data.ordnancesurvey.co.uk/id/7000000000041424,Wales,http://data.ordnancesurvey.co.uk/id/country/wales,,,
SY208LF,http://data.ordnancesurvey.co.uk/id/postcodeunit/SY208LF,SY20 8LF,,,,other,Postcode,282399.098,304153.742,3500,18000,,,,,,,Glantwymyn / Cemmaes Road,http://data.ordnancesurvey.co.uk/id/4000000074564749,http://www.ordnancesurvey.co.uk/xml/codelists/localtype.xml#village,,,,Powys - Powys,http://data.ordnancesurvey.co.uk/id/7000000000025491,http://data.ordnancesurvey.co.uk/ontology/admingeo/UnitaryAuthority,Wales,http://data.ordnancesurvey.co.uk/id/7000000000041424,Wales,http://data.ordnancesurvey.co.uk/id/country/wales,,,
SY197AB,http://data.ordnancesurvey.co.uk/id/postcodeunit/SY197AB,SY19 7AB,,,,other,Postcode,290673.600,302280.400,3500,18000,,,,,,,,,,,,,Powys - Powys,http://data.ordnancesurvey.co.uk/id/7000000000025491,http://data.ordnancesurvey.co.uk/ontology/admingeo/UnitaryAuthority,Wales,http://data.ordnancesurvey.co.uk/id/7000000000041424,Wales,http://data.ordnancesurvey.co.uk/id/country/wales,,,
SY197DZ,http://data.ordnancesurvey.co.uk/id/postcodeunit/SY197DZ,SY19 7DZ,,,,other,Postcode,289210.586,306395.700,3500,18000,,,,,,,,,,,,,Powys - Powys,http://data.ordnancesurvey.co.uk/id/7000000000025491,http://data.ordnancesurvey.co.uk/ontology/admingeo/UnitaryAuthority,Wales,http://data.ordnancesurvey.co.uk/id/7000000000041424,Wales,http://data.ordnancesurvey.co.uk/id/country/wales,,,
SY208LS,http://data.ordnancesurvey.co.uk/id/postcodeunit/SY208LS,SY20 8LS,,,,other,Postcode,285570.014,304076.143,3500,18000,,,,,,,,,,,,,Powys - Powys,http://data.ordnancesurvey.co.uk/id/7000000000025491,http://data.ordnancesurvey.co.uk/ontology/admingeo/UnitaryAuthority,Wales,http://data.ordnancesurvey.co.uk/id/7000000000041424,Wales,http://data.ordnancesurvey.co.uk/id/country/wales,,,
SY197DJ,http://data.ordnancesurvey.co.uk/id/postcodeunit/SY197DJ,SY19 7DJ,,,,other,Postcode,289826.000,302759.900,3500,18000,,,,,,,Llanbrynmair,http://data.ordnancesurvey.co.uk/id/4000000074564124,http://www.ordnancesurvey.co.uk/xml/codelists/localtype.xml#village,,,,Powys - Powys,http://data.ordnancesurvey.co.uk/id/7000000000025491,http://data.ordnancesurvey.co.uk/ontology/admingeo/UnitaryAuthority,Wales,http://data.ordnancesurvey.co.uk/id/7000000000041424,Wales,http://data.ordnancesurvey.co.uk/id/country/wales,,,
SY208QL,http://data.ordnancesurvey.co.uk/id/postcodeunit/SY208QL,SY20 8QL,,,,other,Postcode,282037.000,305785.700,3500,18000,,,,,,,,,,,,,Powys - Powys,http://data.ordnancesurvey.co.uk/id/7000000000025491,http://data.ordnancesurvey.co.uk/ontology/admingeo/UnitaryAuthority,Wales,http://data.ordnancesurvey.co.uk/id/7000000000041424,Wales,http://data.ordnancesurvey.co.uk/id/country/wales,,,
SY210PT,http://data.ordnancesurvey.co.uk/id/postcodeunit/SY210PT,SY21 0PT,,,,other,Postcode,299218.500,310651.300,3500,18000,,,,,,,,,,,,,Powys - Powys,http://data.ordnancesurvey.co.uk/id/7000000000025491,http://data.ordnancesurvey.co.uk/ontology/admingeo/UnitaryAuthority,Wales,http://data.ordnancesurvey.co.uk/id/7000000000041424,Wales,http://data.ordnancesurvey.co.uk/id/country/wales,,,
SY209EL,http://data.ordnancesurvey.co.uk/id/postcodeunit/SY209EL,SY20 9EL,,,,other,Postcode,286554.900,312499.700,3500,18000,,,,,,,Mallwyd,http://data.ordnancesurvey.co.uk/id/4000000074565693,http://www.ordnancesurvey.co.uk/xml/codelists/localtype.xml#hamlet,,,,Gwynedd - Gwynedd,http://data.ordnancesurvey.co.uk/id/7000000000025483,http://data.ordnancesurvey.co.uk/ontology/admingeo/UnitaryAuthority,Wales,http://data.ordnancesurvey.co.uk/id/7000000000041424,Wales,http://data.ordnancesurvey.co.uk/id/country/wales,,,
SY208NY,http://data.ordnancesurvey.co.uk/id/postcodeunit/SY208NY,SY20 8NY,,,,other,Postcode,283094.242,300095.883,3500,18000,,,,,,,Dolyronnen,http://data.ordnancesurvey.co.uk/id/4000000074564438,http://www.ordnancesurvey.co.uk/xml/codelists/localtype.xml#hamlet,,,,Powys - Powys,http://data.ordnancesurvey.co.uk/id/7000000000025491,http://data.ordnancesurvey.co.uk/ontology/admingeo/UnitaryAuthority,Wales,http://data.ordnancesurvey.co.uk/id/7000000000041424,Wales,http://data.ordnancesurvey.co.uk/id/country/wales,,,
SY208QJ,http://data.ordnancesurvey.co.uk/id/postcodeunit/SY208QJ,SY20 8QJ,,,,other,Postcode,280727.013,305480.632,3500,18000,,,,,,,,,,,,,Powys - Powys,http://data.ordnancesurvey.co.uk/id/7000000000025491,http://data.ordnancesurvey.co.uk/ontology/admingeo/UnitaryAuthority,Wales,http://data.ordnancesurvey.co.uk/id/7000000000041424,Wales,http://data.ordnancesurvey.co.uk/id/country/wales,,,
SY208QP,http://data.ordnancesurvey.co.uk/id/postcodeunit/SY208QP,SY20 8QP,,,,other,Postcode,284268.000,304998.600,3500,18000,,,,,,,,,,,,,Powys - Powys,http://data.ordnancesurvey.co.uk/id/7000000000025491,http://data.ordnancesurvey.co.uk/ontology/admingeo/UnitaryAuthority,Wales,http://data.ordnancesurvey.co.uk/id/7000000000041424,Wales,http://data.ordnancesurvey.co.uk/id/country/wales,,,
SY209NL,http://data.ordnancesurvey.co.uk/id/postcodeunit/SY209NL,SY20 9NL,,,,other,Postcode,285514.800,310296.200,3500,18000,,,,,,,,,,,,,Powys - Powys,http://data.ordnancesurvey.co.uk/id/7000000000025491,http://data.ordnancesurvey.co.uk/ontology/admingeo/UnitaryAuthority,Wales,http://data.ordnancesurvey.co.uk/id/7000000000041424,Wales,http://data.ordnancesurvey.co.uk/id/country/wales,,,
SY209JH,http://data.ordnancesurvey.co.uk/id/postcodeunit/SY209JH,SY20 9JH,,,,other,Postcode,288497.500,318096.000,3500,18000,,,,,,,,,,,,,Gwynedd - Gwynedd,http://data.ordnancesurvey.co.uk/id/7000000000025483,http://data.ordnancesurvey.co.uk/ontology/admingeo/UnitaryAuthority,Wales,http://data.ordnancesurvey.co.uk/id/7000000000041424,Wales,http://data.ordnancesurvey.co.uk/id/country/wales,,,
SY210NR,http://data.ordnancesurvey.co.uk/id/postcodeunit/SY210NR,SY21 0NR,,,,other,Postcode,299467.100,311396.800,3500,18000,,,,,,,,,,,,,Powys - Powys,http://data.ordnancesurvey.co.uk/id/7000000000025491,http://data.ordnancesurvey.co.uk/ontology/admingeo/UnitaryAuthority,Wales,http://data.ordnancesurvey.co.uk/id/7000000000041424,Wales,http://data.ordnancesurvey.co.uk/id/country/wales,,,
SY210PE,http://data.ordnancesurvey.co.uk/id/postcodeunit/SY210PE,SY21 0PE,,,,other,Postcode,297313.789,314699.522,3500,18000,,,,,,,,,,,,,Powys - Powys,http://data.ordnancesurvey.co.uk/id/7000000000025491,http://data.ordnancesurvey.co.uk/ontology/admingeo/UnitaryAuthority,Wales,http://data.ordnancesurvey.co.uk/id/7000000000041424,Wales,http://data.ordnancesurvey.co.uk/id/country/wales,,,
SY209EF,http://data.ordnancesurvey.co.uk/id/postcodeunit/SY209EF,SY20 9EF,,,,other,Postcode,287530.300,313785.900,3500,18000,,,,,,,,,,,,,Gwynedd - Gwynedd,http://data.ordnancesurvey.co.uk/id/7000000000025483,http://data.ordnancesurvey.co.uk/ontology/admingeo/UnitaryAuthority,Wales,http://data.ordnancesurvey.co.uk/id/7000000000041424,Wales,http://data.ordnancesurvey.co.uk/id/country/wales,,,
SY209QP,http://data.ordnancesurvey.co.uk/id/postcodeunit/SY209QP,SY20 9QP,,,,other,Postcode,282929.200,310079.300,3500,18000,,,,,,,,,,,,,Powys - Powys,http://data.ordnancesurvey.co.uk/id/7000000000025491,http://data.ordnancesurvey.co.uk/ontology/admingeo/UnitaryAuthority,Wales,http://data.ordnancesurvey.co.uk/id/7000000000041424,Wales,http://data.ordnancesurvey.co.uk/id/country/wales,,,
SY209AH,http://data.ordnancesurvey.co.uk/id/postcodeunit/SY209AH,SY20 9AH,,,,other,Postcode,290746.900,319350.800,3500,18000,,,,,,,,,,,,,Gwynedd - Gwynedd,http://data.ordnancesurvey.co.uk/id/7000000000025483,http://data.ordnancesurvey.co.uk/ontology/admingeo/UnitaryAuthority,Wales,http://data.ordnancesurvey.co.uk/id/7000000000041424,Wales,http://data.ordnancesurvey.co.uk/id/country/wales,,,
SY209EJ,http://data.ordnancesurvey.co.uk/id/postcodeunit/SY209EJ,SY20 9EJ,,,,other,Postcode,285800.400,314060.600,3500,18000,,,,,,,Minllyn,http://data.ordnancesurvey.co.uk/id/4000000074566015,http://www.ordnancesurvey.co.uk/xml/codelists/localtype.xml#village,,,,Gwynedd - Gwynedd,http://data.ordnancesurvey.co.uk/id/7000000000025483,http://data.ordnancesurvey.co.uk/ontology/admingeo/UnitaryAuthority,Wales,http://data.ordnancesurvey.co.uk/id/7000000000041424,Wales,http://data.ordnancesurvey.co.uk/id/country/wales,,,
SY209PZ,http://data.ordnancesurvey.co.uk/id/postcodeunit/SY209PZ,SY20 9PZ,,,,other,Postcode,285547.350,305115.533,3500,18000,,,,,,,,,,,,,Powys - Powys,http://data.ordnancesurvey.co.uk/id/7000000000025491,http://data.ordnancesurvey.co.uk/ontology/admingeo/UnitaryAuthority,Wales,http://data.ordnancesurvey.co.uk/id/7000000000041424,Wales,http://data.ordnancesurvey.co.uk/id/country/wales,,,
SY209QJ,http://data.ordnancesurvey.co.uk/id/postcodeunit/SY209QJ,SY20 9QJ,,,,other,Postcode,284599.900,310096.900,3500,18000,,,,,,,Aberangell,http://data.ordnancesurvey.co.uk/id/4000000074564755,http://www.ordnancesurvey.co.uk/xml/codelists/localtype.xml#village,,,,Gwynedd - Gwynedd,http://data.ordnancesurvey.co.uk/id/7000000000025483,http://data.ordnancesurvey.co.uk/ontology/admingeo/UnitaryAuthority,Wales,http://data.ordnancesurvey.co.uk/id/7000000000041424,Wales,http://data.ordnancesurvey.co.uk/id/country/wales,,,
SY208QW,http://data.ordnancesurvey.co.uk/id/postcodeunit/SY208QW,SY20 8QW,,,,other,Postcode,283748.300,306868.600,3500,18000,,,,,,,,,,,,,Powys - Powys,http://data.ordnancesurvey.co.uk/id/7000000000025491,http://data.ordnancesurvey.co.uk/ontology/admingeo/UnitaryAuthority,Wales,http://data.ordnancesurvey.co.uk/id/7000000000041424,Wales,http://data.ordnancesurvey.co.uk/id/country/wales,,,
SY210JF,http://data.ordnancesurvey.co.uk/id/postcodeunit/SY210JF,SY21 0JF,,,,other,Postcode,299854.000,307388.500,3500,18000,,,,,,,,,,,,,Powys - Powys,http://data.ordnancesurvey.co.uk/id/7000000000025491,http://data.ordnancesurvey.co.uk/ontology/admingeo/UnitaryAuthority,Wales,http://data.ordnancesurvey.co.uk/id/7000000000041424,Wales,http://data.ordnancesurvey.co.uk/id/country/wales,,,
SY209AD,http://data.ordnancesurvey.co.uk/id/postcodeunit/SY209AD,SY20 9AD,,,,other,Postcode,285117.900,310238.500,3500,18000,,,,,,,,,,,,,Powys - Powys,http://data.ordnancesurvey.co.uk/id/7000000000025491,http://data.ordnancesurvey.co.uk/ontology/admingeo/UnitaryAuthority,Wales,http://data.ordnancesurvey.co.uk/id/7000000000041424,Wales,http://data.ordnancesurvey.co.uk/id/country/wales,,,
SY209PW,http://data.ordnancesurvey.co.uk/id/postcodeunit/SY209PW,SY20 9PW,,,,other,Postcode,283877.600,306162.800,3500,18000,,,,,,,Cemmaes,http://data.ordnancesurvey.co.uk/id/4000000074564750,http://www.ordnancesurvey.co.uk/xml/codelists/localtype.xml#village,,,,Powys - Powys,http://data.ordnancesurvey.co.uk/id/7000000000025491,http://data.ordnancesurvey.co.uk/ontology/admingeo/UnitaryAuthority,Wales,http://data.ordnancesurvey.co.uk/id/7000000000041424,Wales,http://data.ordnancesurvey.co.uk/id/country/wales,,,
SY197BD,http://data.ordnancesurvey.co.uk/id/postcodeunit/SY197BD,SY19 7BD,,,,other,Postcode,288756.900,300167.100,3500,18000,,,,,,,Bont Dolgadfan,http://data.ordnancesurvey.co.uk/id/4000000074564122,http://www.ordnancesurvey.co.uk/xml/codelists/localtype.xml#village,,,,Powys - Powys,http://data.ordnancesurvey.co.uk/id/7000000000025491,http://data.ordnancesurvey.co.uk/ontology/admingeo/UnitaryAuthority,Wales,http://data.ordnancesurvey.co.uk/id/7000000000041424,Wales,http://data.ordnancesurvey.co.uk/id/country/wales,,,
SY209PP,http://data.ordnancesurvey.co.uk/id/postcodeunit/SY209PP,SY20 9PP,,,,other,Postcode,283922.700,306210.400,3500,18000,,,,,,,Cemmaes,http://data.ordnancesurvey.co.uk/id/4000000074564750,http://www.ordnancesurvey.co.uk/xml/codelists/localtype.xml#village,,,,Powys - Powys,http://data.ordnancesurvey.co.uk/id/7000000000025491,http://data.ordnancesurvey.co.uk/ontology/admingeo/UnitaryAuthority,Wales,http://data.ordnancesurvey.co.uk/id/7000000000041424,Wales,http://data.ordnancesurvey.co.uk/id/country/wales,,,
SY210PB,http://data.ordnancesurvey.co.uk/id/postcodeunit/SY210PB,SY21 0PB,,,,other,Postcode,298454.311,311106.244,3500,18000,,,,,,,,,,,,,Powys - Powys,http://data.ordnancesurvey.co.uk/id/7000000000025491,http://data.ordnancesurvey.co.uk/ontology/admingeo/UnitaryAuthority,Wales,http://data.ordnancesurvey.co.uk/id/7000000000041424,Wales,http://data.ordnancesurvey.co.uk/id/country/wales,,,
SY210NZ,http://data.ordnancesurvey.co.uk/id/postcodeunit/SY210NZ,SY21 0NZ,,,,other,Postcode,295544.600,312753.400,3500,18000,,,,,,,,,,,,,Powys - Powys,http://data.ordnancesurvey.co.uk/id/7000000000025491,http://data.ordnancesurvey.co.uk/ontology/admingeo/UnitaryAuthority,Wales,http://data.ordnancesurvey.co.uk/id/7000000000041424,Wales,http://data.ordnancesurvey.co.uk/id/country/wales,,,
SY208NU,http://data.ordnancesurvey.co.uk/id/postcodeunit/SY208NU,SY20 8NU,,,,other,Postcode,282529.200,300667.600,3500,18000,,,,,,,,,,,,,Powys - Powys,http://data.ordnancesurvey.co.uk/id/7000000000025491,http://data.ordnancesurvey.co.uk/ontology/admingeo/UnitaryAuthority,Wales,http://data.ordnancesurvey.co.uk/id/7000000000041424,Wales,http://data.ordnancesurvey.co.uk/id/country/wales,,,
SY209LL,http://data.ordnancesurvey.co.uk/id/postcodeunit/SY209LL,SY20 9LL,,,,other,Postcode,285859.700,314689.600,3500,18000,,,,,,,Dinas Mawddwy,http://data.ordnancesurvey.co.uk/id/4000000074566347,http://www.ordnancesurvey.co.uk/xml/codelists/localtype.xml#village,,,,Gwynedd - Gwynedd,http://data.ordnancesurvey.co.uk/id/7000000000025483,http://data.ordnancesurvey.co.uk/ontology/admingeo/UnitaryAuthority,Wales,http://data.ordnancesurvey.co.uk/id/7000000000041424,Wales,http://data.ordnancesurvey.co.uk/id/country/wales,,,
SY209PL,http://data.ordnancesurvey.co.uk/id/postcodeunit/SY209PL,SY20 9PL,,,,other,Postcode,283956.600,306157.400,3500,18000,,,,,,,Cemmaes,http://data.ordnancesurvey.co.uk/id/4000000074564750,http://www.ordnancesurvey.co.uk/xml/codelists/localtype.xml#village,,,,Powys - Powys,http://data.ordnancesurvey.co.uk/id/7000000000025491,http://data.ordnancesurvey.co.uk/ontology/admingeo/UnitaryAuthority,Wales,http://data.ordnancesurvey.co.uk/id/7000000000041424,Wales,http://data.ordnancesurvey.co.uk/id/country/wales,,,
SY197DW,http://data.ordnancesurvey.co.uk/id/postcodeunit/SY197DW,SY19 7DW,,,,other,Postcode,288357.900,300667.700,3500,18000,,,,,,,Llan,http://data.ordnancesurvey.co.uk/id/4000000074564123,http://www.ordnancesurvey.co.uk/xml/codelists/localtype.xml#village,,,,Powys - Powys,http://data.ordnancesurvey.co.uk/id/7000000000025491,http://data.ordnancesurvey.co.uk/ontology/admingeo/UnitaryAuthority,Wales,http://data.ordnancesurvey.co.uk/id/7000000000041424,Wales,http://data.ordnancesurvey.co.uk/id/country/wales,,,
SY197AD,http://data.ordnancesurvey.co.uk/id/postcodeunit/SY197AD,SY19 7AD,,,,other,Postcode,290772.400,302311.500,3500,18000,,,,,,,,,,,,,Powys - Powys,http://data.ordnancesurvey.co.uk/id/7000000000025491,http://data.ordnancesurvey.co.uk/ontology/admingeo/UnitaryAuthority,Wales,http://data.ordnancesurvey.co.uk/id/7000000000041424,Wales,http://data.ordnancesurvey.co.uk/id/country/wales,,,
SY208LL,http://data.ordnancesurvey.co.uk/id/postcodeunit/SY208LL,SY20 8LL,,,,other,Postcode,285229.100,302780.000,3500,18000,,,,,,,,,,,,,Powys - Powys,http://data.ordnancesurvey.co.uk/id/7000000000025491,http://data.ordnancesurvey.co.uk/ontology/admingeo/UnitaryAuthority,Wales,http://data.ordnancesurvey.co.uk/id/7000000000041424,Wales,http://data.ordnancesurvey.co.uk/id/country/wales,,,
SY197AJ,http://data.ordnancesurvey.co.uk/id/postcodeunit/SY197AJ,SY19 7AJ,,,,other,Postcode,293467.200,300991.300,3500,18000,,,,,,,,,,,,,Powys - Powys,http://data.ordnancesurvey.co.uk/id/7000000000025491,http://data.ordnancesurvey.co.uk/ontology/admingeo/UnitaryAuthority,Wales,http://data.ordnancesurvey.co.uk/id/7000000000041424,Wales,http://data.ordnancesurvey.co.uk/id/country/wales,,,
SY209NU,http://data.ordnancesurvey.co.uk/id/postcodeunit/SY209NU,SY20 9NU,,,,other,Postcode,284755.300,307798.600,3500,18000,,,,,,,Cwm-Llinau,http://data.ordnancesurvey.co.uk/id/4000000074320909,http://www.ordnancesurvey.co.uk/xml/codelists/localtype.xml#village,,,,Powys - Powys,http://data.ordnancesurvey.co.uk/id/7000000000025491,http://data.ordnancesurvey.co.uk/ontology/admingeo/UnitaryAuthority,Wales,http://data.ordnancesurvey.co.uk/id/7000000000041424,Wales,http://data.ordnancesurvey.co.uk/id/country/wales,,,
SY209JF,http://data.ordnancesurvey.co.uk/id/postcodeunit/SY209JF,SY20 9JF,,,,other,Postcode,286194.500,315226.400,3500,18000,,,,,,,Dinas Mawddwy,http://data.ordnancesurvey.co.uk/id/4000000074566347,http://www.ordnancesurvey.co.uk/xml/codelists/localtype.xml#village,,,,Gwynedd - Gwynedd,http://data.ordnancesurvey.co.uk/id/7000000000025483,http://data.ordnancesurvey.co.uk/ontology/admingeo/UnitaryAuthority,Wales,http://data.ordnancesurvey.co.uk/id/7000000000041424,Wales,http://data.ordnancesurvey.co.uk/id/country/wales,,,
SY209PS,http://data.ordnancesurvey.co.uk/id/postcodeunit/SY209PS,SY20 9PS,,,,other,Postcode,283814.200,306046.400,3500,18000,,,,,,,Cemmaes,http://data.ordnancesurvey.co.uk/id/4000000074564750,http://www.ordnancesurvey.co.uk/xml/codelists/localtype.xml#village,,,,Powys - Powys,http://data.ordnancesurvey.co.uk/id/7000000000025491,http://data.ordnancesurvey.co.uk/ontology/admingeo/UnitaryAuthority,Wales,http://data.ordnancesurvey.co.uk/id/7000000000041424,Wales,http://data.ordnancesurvey.co.uk/id/country/wales,,,
SY210NS,http://data.ordnancesurvey.co.uk/id/postcodeunit/SY210NS,SY21 0NS,,,,other,Postcode,299049.019,311523.587,3500,18000,,,,,,,Foel,http://data.ordnancesurvey.co.uk/id/4000000074564437,http://www.ordnancesurvey.co.uk/xml/codelists/localtype.xml#village,,,,Powys - Powys,http://data.ordnancesurvey.co.uk/id/7000000000025491,http://data.ordnancesurvey.co.uk/ontology/admingeo/UnitaryAuthority,Wales,http://data.ordnancesurvey.co.uk/id/7000000000041424,Wales,http://data.ordnancesurvey.co.uk/id/country/wales,,,
SY209AQ,http://data.ordnancesurvey.co.uk/id/postcodeunit/SY209AQ,SY20 9AQ,,,,other,Postcode,290118.400,318807.400,3500,18000,,,,,,,Llanymawddwy,http://data.ordnancesurvey.co.uk/id/4000000074566013,http://www.ordnancesurvey.co.uk/xml/codelists/localtype.xml#hamlet,,,,Gwynedd - Gwynedd,http://data.ordnancesurvey.co.uk/id/7000000000025483,http://data.ordnancesurvey.co.uk/ontology/admingeo/UnitaryAuthority,Wales,http://data.ordnancesurvey.co.uk/id/7000000000041424,Wales,http://data.ordnancesurvey.co.uk/id/country/wales,,,
SY209AE,http://data.ordnancesurvey.co.uk/id/postcodeunit/SY209AE,SY20 9AE,,,,other,Postcode,286099.100,313070.200,3500,18000,,,,,,,,,,,,,Gwynedd - Gwynedd,http://data.ordnancesurvey.co.uk/id/7000000000025483,http://data.ordnancesurvey.co.uk/ontology/admingeo/UnitaryAuthority,Wales,http://data.ordnancesurvey.co.uk/id/7000000000041424,Wales,http://data.ordnancesurvey.co.uk/id/country/wales,,,
SY209JA,http://data.ordnancesurvey.co.uk/id/postcodeunit/SY209JA,SY20 9JA,,,,other,Postcode,285866.000,314805.900,3500,18000,,,,,,,Dinas Mawddwy,http://data.ordnancesurvey.co.uk/id/4000000074566347,http://www.ordnancesurvey.co.uk/xml/codelists/localtype.xml#village,,,,Gwynedd - Gwynedd,http://data.ordnancesurvey.co.uk/id/7000000000025483,http://data.ordnancesurvey.co.uk/ontology/admingeo/UnitaryAuthority,Wales,http://data.ordnancesurvey.co.uk/id/7000000000041424,Wales,http://data.ordnancesurvey.co.uk/id/country/wales,,,
SY210NT,http://data.ordnancesurvey.co.uk/id/postcodeunit/SY210NT,SY21 0NT,,,,other,Postcode,298884.800,312033.100,3500,18000,,,,,,,,,,,,,Powys - Powys,http://data.ordnancesurvey.co.uk/id/7000000000025491,http://data.ordnancesurvey.co.uk/ontology/admingeo/UnitaryAuthority,Wales,http://data.ordnancesurvey.co.uk/id/7000000000041424,Wales,http://data.ordnancesurvey.co.uk/id/country/wales,,,
SY209QG,http://data.ordnancesurvey.co.uk/id/postcodeunit/SY209QG,SY20 9QG,,,,other,Postcode,283945.618,310371.939,3500,18000,,,,,,,,,,,,,Powys - Powys,http://data.ordnancesurvey.co.uk/id/7000000000025491,http://data.ordnancesurvey.co.uk/ontology/admingeo/UnitaryAuthority,Wales,http://data.ordnancesurvey.co.uk/id/7000000000041424,Wales,http://data.ordnancesurvey.co.uk/id/country/wales,,,
SY197AQ,http://data.ordnancesurvey.co.uk/id/postcodeunit/SY197AQ,SY19 7AQ,,,,other,Postcode,292302.500,301188.200,3500,18000,,,,,,,,,,,,,Powys - Powys,http://data.ordnancesurvey.co.uk/id/7000000000025491,http://data.ordnancesurvey.co.uk/ontology/admingeo/UnitaryAuthority,Wales,http://data.ordnancesurvey.co.uk/id/7000000000041424,Wales,http://data.ordnancesurvey.co.uk/id/country/wales,,,
SY208LY,http://data.ordnancesurvey.co.uk/id/postcodeunit/SY208LY,SY20 8LY,,,,other,Postcode,281941.667,304474.033,3500,18000,,,,,,,Glantwymyn / Cemmaes Road,http://data.ordnancesurvey.co.uk/id/4000000074564749,http://www.ordnancesurvey.co.uk/xml/codelists/localtype.xml#village,,,,Powys - Powys,http://data.ordnancesurvey.co.uk/id/7000000000025491,http://data.ordnancesurvey.co.uk/ontology/admingeo/UnitaryAuthority,Wales,http://data.ordnancesurvey.co.uk/id/7000000000041424,Wales,http://data.ordnancesurvey.co.uk/id/country/wales,,,
SY208JY,http://data.ordnancesurvey.co.uk/id/postcodeunit/SY208JY,SY20 8JY,,,,other,Postcode,281314.035,304011.452,3500,18000,,,,,,,,,,,,,Powys - Powys,http://data.ordnancesurvey.co.uk/id/7000000000025491,http://data.ordnancesurvey.co.uk/ontology/admingeo/UnitaryAuthority,Wales,http://data.ordnancesurvey.co.uk/id/7000000000041424,Wales,http://data.ordnancesurvey.co.uk/id/country/wales,,,
SY209PT,http://data.ordnancesurvey.co.uk/id/postcodeunit/SY209PT,SY20 9PT,,,,other,Postcode,284017.400,305824.000,3500,18000,,,,,,,Cemmaes,http://data.ordnancesurvey.co.uk/id/4000000074564750,http://www.ordnancesurvey.co.uk/xml/codelists/localtype.xml#village,,,,Powys - Powys,http://data.ordnancesurvey.co.uk/id/7000000000025491,http://data.ordnancesurvey.co.uk/ontology/admingeo/UnitaryAuthority,Wales,http://data.ordnancesurvey.co.uk/id/7000000000041424,Wales,http://data.ordnancesurvey.co.uk/id/country/wales,,,
SY208NX,http://data.ordnancesurvey.co.uk/id/postcodeunit/SY208NX,SY20 8NX,,,,other,Postcode,283701.900,301105.100,3500,18000,,,,,,,,,,,,,Powys - Powys,http://data.ordnancesurvey.co.uk/id/7000000000025491,http://data.ordnancesurvey.co.uk/ontology/admingeo/UnitaryAuthority,Wales,http://data.ordnancesurvey.co.uk/id/7000000000041424,Wales,http://data.ordnancesurvey.co.uk/id/country/wales,,,
SY208LJ,http://data.ordnancesurvey.co.uk/id/postcodeunit/SY208LJ,SY20 8LJ,,,,other,Postcode,284633.300,303278.500,3500,18000,,,,,,,Commins Coch,http://data.ordnancesurvey.co.uk/id/4000000074564441,http://www.ordnancesurvey.co.uk/xml/codelists/localtype.xml#village,,,,Powys - Powys,http://data.ordnancesurvey.co.uk/id/7000000000025491,http://data.ordnancesurvey.co.uk/ontology/admingeo/UnitaryAuthority,Wales,http://data.ordnancesurvey.co.uk/id/7000000000041424,Wales,http://data.ordnancesurvey.co.uk/id/country/wales,,,
SY210JJ,http://data.ordnancesurvey.co.uk/id/postcodeunit/SY210JJ,SY21 0JJ,,,,other,Postcode,296419.000,306695.300,3500,18000,,,,,,,,,,,,,Powys - Powys,http://data.ordnancesurvey.co.uk/id/7000000000025491,http://data.ordnancesurvey.co.uk/ontology/admingeo/UnitaryAuthority,Wales,http://data.ordnancesurvey.co.uk/id/7000000000041424,Wales,http://data.ordnancesurvey.co.uk/id/country/wales,,,
SY197DL,http://data.ordnancesurvey.co.uk/id/postcodeunit/SY197DL,SY19 7DL,,,,other,Postcode,289710.212,302373.191,3500,18000,,,,,,,,,,,,,Powys - Powys,http://data.ordnancesurvey.co.uk/id/7000000000025491,http://data.ordnancesurvey.co.uk/ontology/admingeo/UnitaryAuthority,Wales,http://data.ordnancesurvey.co.uk/id/7000000000041424,Wales,http://data.ordnancesurvey.co.uk/id/country/wales,,,
SY209QL,http://data.ordnancesurvey.co.uk/id/postcodeunit/SY209QL,SY20 9QL,,,,other,Postcode,284458.200,310144.600,3500,18000,,,,,,,Aberangell,http://data.ordnancesurvey.co.uk/id/4000000074564755,http://www.ordnancesurvey.co.uk/xml/codelists/localtype.xml#village,,,,Gwynedd - Gwynedd,http://data.ordnancesurvey.co.uk/id/7000000000025483,http://data.ordnancesurvey.co.uk/ontology/admingeo/UnitaryAuthority,Wales,http://data.ordnancesurvey.co.uk/id/7000000000041424,Wales,http://data.ordnancesurvey.co.uk/id/country/wales,,,
SY209NG,http://data.ordnancesurvey.co.uk/id/postcodeunit/SY209NG,SY20 9NG,,,,other,Postcode,284846.400,310824.700,3500,18000,,,,,,,Aberangell,http://data.ordnancesurvey.co.uk/id/4000000074564755,http://www.ordnancesurvey.co.uk/xml/codelists/localtype.xml#village,,,,Gwynedd - Gwynedd,http://data.ordnancesurvey.co.uk/id/7000000000025483,http://data.ordnancesurvey.co.uk/ontology/admingeo/UnitaryAuthority,Wales,http://data.ordnancesurvey.co.uk/id/7000000000041424,Wales,http://data.ordnancesurvey.co.uk/id/country/wales,,,
SY175JX,http://data.ordnancesurvey.co.uk/id/postcodeunit/SY175JX,SY17 5JX,,,,other,Postcode,294713.800,300417.700,3500,18000,,,,,,,,,,,,,Powys - Powys,http://data.ordnancesurvey.co.uk/id/7000000000025491,http://data.ordnancesurvey.co.uk/ontology/admingeo/UnitaryAuthority,Wales,http://data.ordnancesurvey.co.uk/id/7000000000041424,Wales,http://data.ordnancesurvey.co.uk/id/country/wales,,,
SY208LH,http://data.ordnancesurvey.co.uk/id/postcodeunit/SY208LH,SY20 8LH,,,,other,Postcode,284592.700,302997.400,3500,18000,,,,,,,Commins Coch,http://data.ordnancesurvey.co.uk/id/4000000074564441,http://www.ordnancesurvey.co.uk/xml/codelists/localtype.xml#village,,,,Powys - Powys,http://data.ordnancesurvey.co.uk/id/7000000000025491,http://data.ordnancesurvey.co.uk/ontology/admingeo/UnitaryAuthority,Wales,http://data.ordnancesurvey.co.uk/id/7000000000041424,Wales,http://data.ordnancesurvey.co.uk/id/country/wales,,,
SY209JD,http://data.ordnancesurvey.co.uk/id/postcodeunit/SY209JD,SY20 9JD,,,,other,Postcode,285811.200,314852.100,3500,18000,,,,,,,Dinas Mawddwy,http://data.ordnancesurvey.co.uk/id/4000000074566347,http://www.ordnancesurvey.co.uk/xml/codelists/localtype.xml#village,,,,Gwynedd - Gwynedd,http://data.ordnancesurvey.co.uk/id/7000000000025483,http://data.ordnancesurvey.co.uk/ontology/admingeo/UnitaryAuthority,Wales,http://data.ordnancesurvey.co.uk/id/7000000000041424,Wales,http://data.ordnancesurvey.co.uk/id/country/wales,,,
SY197AF,http://data.ordnancesurvey.co.uk/id/postcodeunit/SY197AF,SY19 7AF,,,,other,Postcode,291640.936,301682.821,3500,18000,,,,,,,,,,,,,Powys - Powys,http://data.ordnancesurvey.co.uk/id/7000000000025491,http://data.ordnancesurvey.co.uk/ontology/admingeo/UnitaryAuthority,Wales,http://data.ordnancesurvey.co.uk/id/7000000000041424,Wales,http://data.ordnancesurvey.co.uk/id/country/wales,,,
SY197DR,http://data.ordnancesurvey.co.uk/id/postcodeunit/SY197DR,SY19 7DR,,,,other,Postcode,288286.900,301240.200,3500,18000,,,,,,,,,,,,,Powys - Powys,http://data.ordnancesurvey.co.uk/id/7000000000025491,http://data.ordnancesurvey.co.uk/ontology/admingeo/UnitaryAuthority,Wales,http://data.ordnancesurvey.co.uk/id/7000000000041424,Wales,http://data.ordnancesurvey.co.uk/id/country/wales,,,
SY209AG,http://data.ordnancesurvey.co.uk/id/postcodeunit/SY209AG,SY20 9AG,,,,other,Postcode,288770.300,316933.571,3500,18000,,,,,,,,,,,,,Gwynedd - Gwynedd,http://data.ordnancesurvey.co.uk/id/7000000000025483,http://data.ordnancesurvey.co.uk/ontology/admingeo/UnitaryAuthority,Wales,http://data.ordnancesurvey.co.uk/id/7000000000041424,Wales,http://data.ordnancesurvey.co.uk/id/country/wales,,,
981f5073-9596-4ff4-b572-bf19b592cee8,http://data.ordnancesurvey.co.uk/id/981f5073-9596-4ff4-b572-bf19b592cee8,Wylecop Street,,,,transportNetwork,Section Of Named Road,285792.187,314872.765,1000,25000,285735.447,314871.770,285873.795,314889.711,SY20,http://data.ordnancesurvey.co.uk/id/postcodedistrict/SY20,Dinas Mawddwy,http://data.ordnancesurvey.co.uk/id/4000000074566347,http://www.ordnancesurvey.co.uk/xml/codelists/localtype.xml#village,,,,Gwynedd - Gwynedd,http://data.ordnancesurvey.co.uk/id/7000000000025483,http://data.ordnancesurvey.co.uk/ontology/admingeo/UnitaryAuthority,Wales,http://data.ordnancesurvey.co.uk/id/7000000000041424,Wales,http://data.ordnancesurvey.co.uk/id/country/wales,osgb4000000012508672,,
osgb4000000012565221,http://data.ordnancesurvey.co.uk/id/osgb4000000012565221,Rhosawel,,,,transportNetwork,Named Road,284748.551,307880.603,1000,20000,284732.401,307840.682,284772.297,307908.184,SY20,http://data.ordnancesurvey.co.uk/id/postcodedistrict/SY20,Cwm-Llinau,http://data.ordnancesurvey.co.uk/id/4000000074320909,http://www.ordnancesurvey.co.uk/xml/codelists/localtype.xml#village,,,,Powys - Powys,http://data.ordnancesurvey.co.uk/id/7000000000025491,http://data.ordnancesurvey.co.uk/ontology/admingeo/UnitaryAuthority,Wales,http://data.ordnancesurvey.co.uk/id/7000000000041424,Wales,http://data.ordnancesurvey.co.uk/id/country/wales,,,
osgb4000000012508672,http://data.ordnancesurvey.co.uk/id/osgb4000000012508672,Wylecop Street,,,,transportNetwork,Named Road,285762.476,314876.446,1000,20000,285677.386,314871.770,285873.795,314921.465,SY20,http://data.ordnancesurvey.co.uk/id/postcodedistrict/SY20,Dinas Mawddwy,http://data.ordnancesurvey.co.uk/id/4000000074566347,http://www.ordnancesurvey.co.uk/xml/codelists/localtype.xml#village,,,,Gwynedd - Gwynedd,http://data.ordnancesurvey.co.uk/id/7000000000025483,http://data.ordnancesurvey.co.uk/ontology/admingeo/UnitaryAuthority,Wales,http://data.ordnancesurvey.co.uk/id/7000000000041424,Wales,http://data.ordnancesurvey.co.uk/id/country/wales,,,
osgb4000000012565219,http://data.ordnancesurvey.co.uk/id/osgb4000000012565219,Daulwyn,,,,transportNetwork,Named Road,280497.052,305261.175,1000,20000,280480.806,305149.478,280536.328,305350.697,SY20,http://data.ordnancesurvey.co.uk/id/postcodedistrict/SY20,,,,,,,Powys - Powys,http://data.ordnancesurvey.co.uk/id/7000000000025491,http://data.ordnancesurvey.co.uk/ontology/admingeo/UnitaryAuthority,Wales,http://data.ordnancesurvey.co.uk/id/7000000000041424,Wales,http://data.ordnancesurvey.co.uk/id/country/wales,,,
osgb4000000012565220,http://data.ordnancesurvey.co.uk/id/osgb4000000012565220,Ysgubor,,,,transportNetwork,Named Road,280564.207,305125.580,1000,20000,280548.488,305103.822,280597.649,305166.581,SY20,http://data.ordnancesurvey.co.uk/id/postcodedistrict/SY20,,,,,,,Powys - Powys,http://data.ordnancesurvey.co.uk/id/7000000000025491,http://data.ordnancesurvey.co.uk/ontology/admingeo/UnitaryAuthority,Wales,http://data.ordnancesurvey.co.uk/id/7000000000041424,Wales,http://data.ordnancesurvey.co.uk/id/country/wales,,,
osgb4000000012565936,http://data.ordnancesurvey.co.uk/id/osgb4000000012565936,Maes-Y-Gof,,,,transportNetwork,Named Road,299016.599,311466.372,1000,20000,298991.258,311428.937,299033.709,311507.637,SY21,http://data.ordnancesurvey.co.uk/id/postcodedistrict/SY21,Foel,http://data.ordnancesurvey.co.uk/id/4000000074564437,http://www.ordnancesurvey.co.uk/xml/codelists/localtype.xml#village,,,,Powys - Powys,http://data.ordnancesurvey.co.uk/id/7000000000025491,http://data.ordnancesurvey.co.uk/ontology/admingeo/UnitaryAuthority,Wales,http://data.ordnancesurvey.co.uk/id/7000000000041424,Wales,http://data.ordnancesurvey.co.uk/id/country/wales,,,
osgb4000000012570641,http://data.ordnancesurvey.co.uk/id/osgb4000000012570641,Maes-Yr-Efail,,,,transportNetwork,Named Road,289815.175,302550.931,1000,20000,289773.658,302544.921,289845.809,302550.931,SY19,http://data.ordnancesurvey.co.uk/id/postcodedistrict/SY19,Llanbrynmair,http://data.ordnancesurvey.co.uk/id/4000000074564124,http://www.ordnancesurvey.co.uk/xml/codelists/localtype.xml#village,,,,Powys - Powys,http://data.ordnancesurvey.co.uk/id/7000000000025491,http://data.ordnancesurvey.co.uk/ontology/admingeo/UnitaryAuthority,Wales,http://data.ordnancesurvey.co.uk/id/7000000000041424,Wales,http://data.ordnancesurvey.co.uk/id/country/wales,,,
osgb4000000012564848,http://data.ordnancesurvey.co.uk/id/osgb4000000012564848,Glanclegyr,,,,transportNetwork,Named Road,289802.131,302729.618,1000,20000,289744.896,302675.185,289874.647,302783.675,SY19,http://data.ordnancesurvey.co.uk/id/postcodedistrict/SY19,Llanbrynmair,http://data.ordnancesurvey.co.uk/id/4000000074564124,http://www.ordnancesurvey.co.uk/xml/codelists/localtype.xml#village,,,,Powys - Powys,http://data.ordnancesurvey.co.uk/id/7000000000025491,http://data.ordnancesurvey.co.uk/ontology/admingeo/UnitaryAuthority,Wales,http://data.ordnancesurvey.co.uk/id/7000000000041424,Wales,http://data.ordnancesurvey.co.uk/id/country/wales,,,
osgb4000000012564849,http://data.ordnancesurvey.co.uk/id/osgb4000000012564849,Maes-Y-Dderwen,,,,transportNetwork,Named Road,289908.551,302725.909,1000,20000,289874.647,302707.348,289927.880,302748.451,SY19,http://data.ordnancesurvey.co.uk/id/postcodedistrict/SY19,Llanbrynmair,http://data.ordnancesurvey.co.uk/id/4000000074564124,http://www.ordnancesurvey.co.uk/xml/codelists/localtype.xml#village,,,,Powys - Powys,http://data.ordnancesurvey.co.uk/id/7000000000025491,http://data.ordnancesurvey.co.uk/ontology/admingeo/UnitaryAuthority,Wales,http://data.ordnancesurvey.co.uk/id/7000000000041424,Wales,http://data.ordnancesurvey.co.uk/id/country/wales,,,
osgb4000000012565938,http://data.ordnancesurvey.co.uk/id/osgb4000000012565938,Pen-Y-Ddol,,,,transportNetwork,Named Road,299012.771,311510.670,1000,20000,299011.758,311507.637,299024.277,311547.926,SY21,http://data.ordnancesurvey.co.uk/id/postcodedistrict/SY21,Foel,http://data.ordnancesurvey.co.uk/id/4000000074564437,http://www.ordnancesurvey.co.uk/xml/codelists/localtype.xml#village,,,,Powys - Powys,http://data.ordnancesurvey.co.uk/id/7000000000025491,http://data.ordnancesurvey.co.uk/ontology/admingeo/UnitaryAuthority,Wales,http://data.ordnancesurvey.co.uk/id/7000000000041424,Wales,http://data.ordnancesurvey.co.uk/id/country/wales,,,
osgb4000000012570485,http://data.ordnancesurvey.co.uk/id/osgb4000000012570485,Fford Tan-Y-Coed,,,,transportNetwork,Named Road,281362.000,304608.000,5000,20000,280940.000,304309.000,281655.979,304999.422,SY20,http://data.ordnancesurvey.co.uk/id/postcodedistrict/SY20,,,,,,,Powys - Powys,http://data.ordnancesurvey.co.uk/id/7000000000025491,http://data.ordnancesurvey.co.uk/ontology/admingeo/UnitaryAuthority,Wales,http://data.ordnancesurvey.co.uk/id/7000000000041424,Wales,http://data.ordnancesurvey.co.uk/id/country/wales,,,
SY208JZ,http://data.ordnancesurvey.co.uk/id/postcodeunit/SY208JZ,SY20 8JZ,,,,other,Postcode,282019.845,304376.397,3500,18000,,,,,,,Glantwymyn / Cemmaes Road,http://data.ordnancesurvey.co.uk/id/4000000074564749,http://www.ordnancesurvey.co.uk/xml/codelists/localtype.xml#village,,,,Powys - Powys,http://data.ordnancesurvey.co.uk/id/7000000000025491,http://data.ordnancesurvey.co.uk/ontology/admingeo/UnitaryAuthority,Wales,http://data.ordnancesurvey.co.uk/id/7000000000041424,Wales,http://data.ordnancesurvey.co.uk/id/country/wales,,,
SY209PB,http://data.ordnancesurvey.co.uk/id/postcodeunit/SY209PB,SY20 9PB,,,,other,Postcode,285036.700,308101.200,3500,18000,,,,,,,Cwm-Llinau,http://data.ordnancesurvey.co.uk/id/4000000074320909,http://www.ordnancesurvey.co.uk/xml/codelists/localtype.xml#village,,,,Powys - Powys,http://data.ordnancesurvey.co.uk/id/7000000000025491,http://data.ordnancesurvey.co.uk/ontology/admingeo/UnitaryAuthority,Wales,http://data.ordnancesurvey.co.uk/id/7000000000041424,Wales,http://data.ordnancesurvey.co.uk/id/country/wales,,,
SY209LW,http://data.ordnancesurvey.co.uk/id/postcodeunit/SY209LW,SY20 9LW,,,,other,Postcode,285906.100,314203.200,3500,18000,,,,,,,Minllyn,http://data.ordnancesurvey.co.uk/id/4000000074566015,http://www.ordnancesurvey.co.uk/xml/codelists/localtype.xml#village,,,,Gwynedd - Gwynedd,http://data.ordnancesurvey.co.uk/id/7000000000025483,http://data.ordnancesurvey.co.uk/ontology/admingeo/UnitaryAuthority,Wales,http://data.ordnancesurvey.co.uk/id/7000000000041424,Wales,http://data.ordnancesurvey.co.uk/id/country/wales,,,
SY208LG,http://data.ordnancesurvey.co.uk/id/postcodeunit/SY208LG,SY20 8LG,,,,other,Postcode,284540.088,303170.940,3500,18000,,,,,,,Commins Coch,http://data.ordnancesurvey.co.uk/id/4000000074564441,http://www.ordnancesurvey.co.uk/xml/codelists/localtype.xml#village,,,,Powys - Powys,http://data.ordnancesurvey.co.uk/id/7000000000025491,http://data.ordnancesurvey.co.uk/ontology/admingeo/UnitaryAuthority,Wales,http://data.ordnancesurvey.co.uk/id/7000000000041424,Wales,http://data.ordnancesurvey.co.uk/id/country/wales,,,
SY209LS,http://data.ordnancesurvey.co.uk/id/postcodeunit/SY209LS,SY20 9LS,,,,other,Postcode,285895.100,313768.900,3500,18000,,,,,,,Minllyn,http://data.ordnancesurvey.co.uk/id/4000000074566015,http://www.ordnancesurvey.co.uk/xml/codelists/localtype.xml#village,,,,Gwynedd - Gwynedd,http://data.ordnancesurvey.co.uk/id/7000000000025483,http://data.ordnancesurvey.co.uk/ontology/admingeo/UnitaryAuthority,Wales,http://data.ordnancesurvey.co.uk/id/7000000000041424,Wales,http://data.ordnancesurvey.co.uk/id/country/wales,,,
SY208LA,http://data.ordnancesurvey.co.uk/id/postcodeunit/SY208LA,SY20 8LA,,,,other,Postcode,281959.300,304409.100,3500,18000,,,,,,,Glantwymyn / Cemmaes Road,http://data.ordnancesurvey.co.uk/id/4000000074564749,http://www.ordnancesurvey.co.uk/xml/codelists/localtype.xml#village,,,,Powys - Powys,http://data.ordnancesurvey.co.uk/id/7000000000025491,http://data.ordnancesurvey.co.uk/ontology/admingeo/UnitaryAuthority,Wales,http://data.ordnancesurvey.co.uk/id/7000000000041424,Wales,http://data.ordnancesurvey.co.uk/id/country/wales,,,
SY209PA,http://data.ordnancesurvey.co.uk/id/postcodeunit/SY209PA,SY20 9PA,,,,other,Postcode,284867.400,307906.900,3500,18000,,,,,,,Cwm-Llinau,http://data.ordnancesurvey.co.uk/id/4000000074320909,http://www.ordnancesurvey.co.uk/xml/codelists/localtype.xml#village,,,,Powys - Powys,http://data.ordnancesurvey.co.uk/id/7000000000025491,http://data.ordnancesurvey.co.uk/ontology/admingeo/UnitaryAuthority,Wales,http://data.ordnancesurvey.co.uk/id/7000000000041424,Wales,http://data.ordnancesurvey.co.uk/id/country/wales,,,
SY209NF,http://data.ordnancesurvey.co.uk/id/postcodeunit/SY209NF,SY20 9NF,,,,other,Postcode,284666.700,310089.300,3500,18000,,,,,,,Aberangell,http://data.ordnancesurvey.co.uk/id/4000000074564755,http://www.ordnancesurvey.co.uk/xml/codelists/localtype.xml#village,,,,Gwynedd - Gwynedd,http://data.ordnancesurvey.co.uk/id/7000000000025483,http://data.ordnancesurvey.co.uk/ontology/admingeo/UnitaryAuthority,Wales,http://data.ordnancesurvey.co.uk/id/7000000000041424,Wales,http://data.ordnancesurvey.co.uk/id/country/wales,,,
SY197DP,http://data.ordnancesurvey.co.uk/id/postcodeunit/SY197DP,SY19 7DP,,,,other,Postcode,288233.100,300475.500,3500,18000,,,,,,,Llan,http://data.ordnancesurvey.co.uk/id/4000000074564123,http://www.ordnancesurvey.co.uk/xml/codelists/localtype.xml#village,,,,Powys - Powys,http://data.ordnancesurvey.co.uk/id/7000000000025491,http://data.ordnancesurvey.co.uk/ontology/admingeo/UnitaryAuthority,Wales,http://data.ordnancesurvey.co.uk/id/7000000000041424,Wales,http://data.ordnancesurvey.co.uk/id/country/wales,,,
SY210AU,http://data.ordnancesurvey.co.uk/id/postcodeunit/SY210AU,SY21 0AU,,,,other,Postcode,299026.080,311440.650,3500,18000,,,,,,,Foel,http://data.ordnancesurvey.co.uk/id/4000000074564437,http://www.ordnancesurvey.co.uk/xml/codelists/localtype.xml#village,,,,Powys - Powys,http://data.ordnancesurvey.co.uk/id/7000000000025491,http://data.ordnancesurvey.co.uk/ontology/admingeo/UnitaryAuthority,Wales,http://data.ordnancesurvey.co.uk/id/7000000000041424,Wales,http://data.ordnancesurvey.co.uk/id/country/wales,,,
SY209NZ,http://data.ordnancesurvey.co.uk/id/postcodeunit/SY209NZ,SY20 9NZ,,,,other,Postcode,284788.900,307819.800,3500,18000,,,,,,,Cwm-Llinau,http://data.ordnancesurvey.co.uk/id/4000000074320909,http://www.ordnancesurvey.co.uk/xml/codelists/localtype.xml#village,,,,Powys - Powys,http://data.ordnancesurvey.co.uk/id/7000000000025491,http://data.ordnancesurvey.co.uk/ontology/admingeo/UnitaryAuthority,Wales,http://data.ordnancesurvey.co.uk/id/7000000000041424,Wales,http://data.ordnancesurvey.co.uk/id/country/wales,,,
SY209QN,http://data.ordnancesurvey.co.uk/id/postcodeunit/SY209QN,SY20 9QN,,,,other,Postcode,284462.400,310222.900,3500,18000,,,,,,,Aberangell,http://data.ordnancesurvey.co.uk/id/4000000074564755,http://www.ordnancesurvey.co.uk/xml/codelists/localtype.xml#village,,,,Gwynedd - Gwynedd,http://data.ordnancesurvey.co.uk/id/7000000000025483,http://data.ordnancesurvey.co.uk/ontology/admingeo/UnitaryAuthority,Wales,http://data.ordnancesurvey.co.uk/id/7000000000041424,Wales,http://data.ordnancesurvey.co.uk/id/country/wales,,,
SY197AS,http://data.ordnancesurvey.co.uk/id/postcodeunit/SY197AS,SY19 7AS,,,,other,Postcode,289099.300,300121.500,3500,18000,,,,,,,Bont Dolgadfan,http://data.ordnancesurvey.co.uk/id/4000000074564122,http://www.ordnancesurvey.co.uk/xml/codelists/localtype.xml#village,,,,Powys - Powys,http://data.ordnancesurvey.co.uk/id/7000000000025491,http://data.ordnancesurvey.co.uk/ontology/admingeo/UnitaryAuthority,Wales,http://data.ordnancesurvey.co.uk/id/7000000000041424,Wales,http://data.ordnancesurvey.co.uk/id/country/wales,,,
osgb4000000012565937,http://data.ordnancesurvey.co.uk/id/osgb4000000012565937,Dolafon,,,,transportNetwork,Named Road,298988.951,311475.321,1000,20000,298963.030,311438.330,299011.758,311507.637,SY21,http://data.ordnancesurvey.co.uk/id/postcodedistrict/SY21,Foel,http://data.ordnancesurvey.co.uk/id/4000000074564437,http://www.ordnancesurvey.co.uk/xml/codelists/localtype.xml#village,,,,Powys - Powys,http://data.ordnancesurvey.co.uk/id/7000000000025491,http://data.ordnancesurvey.co.uk/ontology/admingeo/UnitaryAuthority,Wales,http://data.ordnancesurvey.co.uk/id/7000000000041424,Wales,http://data.ordnancesurvey.co.uk/id/country/wales,,,
