osgb4000000074563626,http://data.ordnancesurvey.co.uk/id/osgb4000000074563626,Cefn-gorwydd,,,,populatedPlace,Hamlet,290167.140,245534.370,5000,25000,290016.038,245375.229,290582.325,245875.229,LD4,http://data.ordnancesurvey.co.uk/id/postcodedistrict/LD4,,,,,,,Powys - Powys,http://data.ordnancesurvey.co.uk/id/7000000000025491,http://data.ordnancesurvey.co.uk/ontology/admingeo/UnitaryAuthority,Wales,http://data.ordnancesurvey.co.uk/id/7000000000041424,Wales,http://data.ordnancesurvey.co.uk/id/country/wales,,,
osgb4000000074563953,http://data.ordnancesurvey.co.uk/id/osgb4000000074563953,Llanwrtyd,,,,populatedPlace,Hamlet,286454.950,247397.740,5000,25000,286274.741,247142.529,286774.741,247642.529,LD5,http://data.ordnancesurvey.co.uk/id/postcodedistrict/LD5,,,,,,,Powys - Powys,http://data.ordnancesurvey.co.uk/id/7000000000025491,http://data.ordnancesurvey.co.uk/ontology/admingeo/UnitaryAuthority,Wales,http://data.ordnancesurvey.co.uk/id/7000000000041424,Wales,http://data.ordnancesurvey.co.uk/id/country/wales,,,http://sws.geonames.org/2643906
osgb4000000074567569,http://data.ordnancesurvey.co.uk/id/osgb4000000074567569,Abergwesyn,,,,populatedPlace,Hamlet,285477.000,252748.000,5000,25000,285208.203,252425.247,285724.978,252925.247,LD5,http://data.ordnancesurvey.co.uk/id/postcodedistrict/LD5,,,,,,,Powys - Powys,http://data.ordnancesurvey.co.uk/id/7000000000025491,http://data.ordnancesurvey.co.uk/ontology/admingeo/UnitaryAuthority,Wales,http://data.ordnancesurvey.co.uk/id/7000000000041424,Wales,http://data.ordnancesurvey.co.uk/id/country/wales,,,http://sws.geonames.org/2657809
osgb4000000074563628,http://data.ordnancesurvey.co.uk/id/osgb4000000074563628,Llangammarch Wells,,,,populatedPlace,Village,293522.280,247259.150,7000,250000,292926.668,246797.404,294011.727,247680.491,LD4,http://data.ordnancesurvey.co.uk/id/postcodedistrict/LD4,,,,,,,Powys - Powys,http://data.ordnancesurvey.co.uk/id/7000000000025491,http://data.ordnancesurvey.co.uk/ontology/admingeo/UnitaryAuthority,Wales,http://data.ordnancesurvey.co.uk/id/7000000000041424,Wales,http://data.ordnancesurvey.co.uk/id/country/wales,,http://dbpedia.org/resource/Llangammarch_Wells,http://sws.geonames.org/2644045
osgb4000000074563624,http://data.ordnancesurvey.co.uk/id/osgb4000000074563624,Tirabad,,,,populatedPlace,Hamlet,287763.000,241376.000,5000,25000,287602.246,241115.319,288102.246,241615.319,LD4,http://data.ordnancesurvey.co.uk/id/postcodedistrict/LD4,,,,,,,Powys - Powys,http://data.ordnancesurvey.co.uk/id/7000000000025491,http://data.ordnancesurvey.co.uk/ontology/admingeo/UnitaryAuthority,Wales,http://data.ordnancesurvey.co.uk/id/7000000000041424,Wales,http://data.ordnancesurvey.co.uk/id/country/wales,,,
osgb4000000074319900,http://data.ordnancesurvey.co.uk/id/osgb4000000074319900,Llanfechan,,,,populatedPlace,Hamlet,297683.870,250354.220,5000,25000,297261.707,250156.991,298066.813,250656.991,LD4,http://data.ordnancesurvey.co.uk/id/postcodedistrict/LD4,,,,,,,Powys - Powys,http://data.ordnancesurvey.co.uk/id/7000000000025491,http://data.ordnancesurvey.co.uk/ontology/admingeo/UnitaryAuthority,Wales,http://data.ordnancesurvey.co.uk/id/7000000000041424,Wales,http://data.ordnancesurvey.co.uk/id/country/wales,,,
osgb4000000074567566,http://data.ordnancesurvey.co.uk/id/osgb4000000074567566,Llanafan-fawr,,,,populatedPlace,Hamlet,296853.820,255738.110,5000,25000,296547.453,255367.021,297047.453,255882.904,LD2,http://data.ordnancesurvey.co.uk/id/postcodedistrict/LD2,,,,,,,Powys - Powys,http://data.ordnancesurvey.co.uk/id/7000000000025491,http://data.ordnancesurvey.co.uk/ontology/admingeo/UnitaryAuthority,Wales,http://data.ordnancesurvey.co.uk/id/7000000000041424,Wales,http://data.ordnancesurvey.co.uk/id/country/wales,,,http://sws.geonames.org/2644194
osgb4000000074567568,http://data.ordnancesurvey.co.uk/id/osgb4000000074567568,Beulah,,,,populatedPlace,Village,292103.460,251305.550,5000,250000,291726.773,251004.438,292495.023,251504.438,LD5,http://data.ordnancesurvey.co.uk/id/postcodedistrict/LD5,,,,,,,Powys - Powys,http://data.ordnancesurvey.co.uk/id/7000000000025491,http://data.ordnancesurvey.co.uk/ontology/admingeo/UnitaryAuthority,Wales,http://data.ordnancesurvey.co.uk/id/7000000000041424,Wales,http://data.ordnancesurvey.co.uk/id/country/wales,,"http://dbpedia.org/resource/Beulah,_Powys",http://sws.geonames.org/2655789
osgb4000000074567567,http://data.ordnancesurvey.co.uk/id/osgb4000000074567567,Troedrhiwdalar,,,,populatedPlace,Hamlet,295202.590,253277.240,5000,25000,294959.578,253041.661,295459.578,253541.661,LD2,http://data.ordnancesurvey.co.uk/id/postcodedistrict/LD2,,,,,,,Powys - Powys,http://data.ordnancesurvey.co.uk/id/7000000000025491,http://data.ordnancesurvey.co.uk/ontology/admingeo/UnitaryAuthority,Wales,http://data.ordnancesurvey.co.uk/id/7000000000041424,Wales,http://data.ordnancesurvey.co.uk/id/country/wales,,,
osgb4000000074563627,http://data.ordnancesurvey.co.uk/id/osgb4000000074563627,Llanwrtyd Wells,,,,populatedPlace,Town,287805.340,246615.900,12000,2000000,287038.359,246091.326,288839.748,247085.552,LD5,http://data.ordnancesurvey.co.uk/id/postcodedistrict/LD5,,,,,,,Powys - Powys,http://data.ordnancesurvey.co.uk/id/7000000000025491,http://data.ordnancesurvey.co.uk/ontology/admingeo/UnitaryAuthority,Wales,http://data.ordnancesurvey.co.uk/id/7000000000041424,Wales,http://data.ordnancesurvey.co.uk/id/country/wales,,http://dbpedia.org/resource/Llanwrtyd_Wells,http://sws.geonames.org/2643905
osgb4000000074563625,http://data.ordnancesurvey.co.uk/id/osgb4000000074563625,Garth,,,,populatedPlace,Village,294893.370,249447.880,6000,250000,294776.019,249161.548,295647.225,249822.878,LD4,http://data.ordnancesurvey.co.uk/id/postcodedistrict/LD4,,,,,,,Powys - Powys,http://data.ordnancesurvey.co.uk/id/7000000000025491,http://data.ordnancesurvey.co.uk/ontology/admingeo/UnitaryAuthority,Wales,http://data.ordnancesurvey.co.uk/id/7000000000041424,Wales,http://data.ordnancesurvey.co.uk/id/country/wales,,,http://sws.geonames.org/2648823
LD44DU,http://data.ordnancesurvey.co.uk/id/postcodeunit/LD44DU,LD4 4DU,,,,other,Postcode,289568.200,242483.500,3500,18000,,,,,,,,,,,,,Powys - Powys,http://data.ordnancesurvey.co.uk/id/7000000000025491,http://data.ordnancesurvey.co.uk/ontology/admingeo/UnitaryAuthority,Wales,http://data.ordnancesurvey.co.uk/id/7000000000041424,Wales,http://data.ordnancesurvey.co.uk/id/country/wales,,,
LD44BD,http://data.ordnancesurvey.co.uk/id/postcodeunit/LD44BD,LD4 4BD,,,,other,Postcode,297641.100,251751.233,3500,18000,,,,,,,,,,,,,Powys - Powys,http://data.ordnancesurvey.co.uk/id/7000000000025491,http://data.ordnancesurvey.co.uk/ontology/admingeo/UnitaryAuthority,Wales,http://data.ordnancesurvey.co.uk/id/7000000000041424,Wales,http://data.ordnancesurvey.co.uk/id/country/wales,,,
LD54SB,http://data.ordnancesurvey.co.uk/id/postcodeunit/LD54SB,LD5 4SB,,,,other,Postcode,289122.700,248227.500,3500,18000,,,,,,,,,,,,,Powys - Powys,http://data.ordnancesurvey.co.uk/id/7000000000025491,http://data.ordnancesurvey.co.uk/ontology/admingeo/UnitaryAuthority,Wales,http://data.ordnancesurvey.co.uk/id/7000000000041424,Wales,http://data.ordnancesurvey.co.uk/id/country/wales,,,
LD44BW,http://data.ordnancesurvey.co.uk/id/postcodeunit/LD44BW,LD4 4BW,,,,other,Postcode,293613.800,247551.700,3500,18000,,,,,,,Llangammarch Wells,http://data.ordnancesurvey.co.uk/id/4000000074563628,http://www.ordnancesurvey.co.uk/xml/codelists/localtype.xml#village,,,,Powys - Powys,http://data.ordnancesurvey.co.uk/id/7000000000025491,http://data.ordnancesurvey.co.uk/ontology/admingeo/UnitaryAuthority,Wales,http://data.ordnancesurvey.co.uk/id/7000000000041424,Wales,http://data.ordnancesurvey.co.uk/id/country/wales,,,
LD54UP,http://data.ordnancesurvey.co.uk/id/postcodeunit/LD54UP,LD5 4UP,,,,other,Postcode,292114.800,251163.900,3500,18000,,,,,,,Beulah,http://data.ordnancesurvey.co.uk/id/4000000074567568,http://www.ordnancesurvey.co.uk/xml/codelists/localtype.xml#village,,,,Powys - Powys,http://data.ordnancesurvey.co.uk/id/7000000000025491,http://data.ordnancesurvey.co.uk/ontology/admingeo/UnitaryAuthority,Wales,http://data.ordnancesurvey.co.uk/id/7000000000041424,Wales,http://data.ordnancesurvey.co.uk/id/country/wales,,,
LD23PN,http://data.ordnancesurvey.co.uk/id/postcodeunit/LD23PN,LD2 3PN,,,,other,Postcode,296742.311,255673.878,3500,18000,,,,,,,Llanafan-fawr,http://data.ordnancesurvey.co.uk/id/4000000074567566,http://www.ordnancesurvey.co.uk/xml/codelists/localtype.xml#hamlet,,,,Powys - Powys,http://data.ordnancesurvey.co.uk/id/7000000000025491,http://data.ordnancesurvey.co.uk/ontology/admingeo/UnitaryAuthority,Wales,http://data.ordnancesurvey.co.uk/id/7000000000041424,Wales,http://data.ordnancesurvey.co.uk/id/country/wales,,,
LD44BN,http://data.ordnancesurvey.co.uk/id/postcodeunit/LD44BN,LD4 4BN,,,,other,Postcode,295734.900,248388.600,3500,18000,,,,,,,,,,,,,Powys - Powys,http://data.ordnancesurvey.co.uk/id/7000000000025491,http://data.ordnancesurvey.co.uk/ontology/admingeo/UnitaryAuthority,Wales,http://data.ordnancesurvey.co.uk/id/7000000000041424,Wales,http://data.ordnancesurvey.co.uk/id/country/wales,,,
LD54AG,http://data.ordnancesurvey.co.uk/id/postcodeunit/LD54AG,LD5 4AG,,,,other,Postcode,288467.900,247529.100,3500,18000,,,,,,,,,,,,,Powys - Powys,http://data.ordnancesurvey.co.uk/id/7000000000025491,http://data.ordnancesurvey.co.uk/ontology/admingeo/UnitaryAuthority,Wales,http://data.ordnancesurvey.co.uk/id/7000000000041424,Wales,http://data.ordnancesurvey.co.uk/id/country/wales,,,
LD54BA,http://data.ordnancesurvey.co.uk/id/postcodeunit/LD54BA,LD5 4BA,,,,other,Postcode,288143.700,246889.300,3500,18000,,,,,,,Llanwrtyd Wells,http://data.ordnancesurvey.co.uk/id/4000000074563627,http://www.ordnancesurvey.co.uk/xml/codelists/localtype.xml#town,,,,Powys - Powys,http://data.ordnancesurvey.co.uk/id/7000000000025491,http://data.ordnancesurvey.co.uk/ontology/admingeo/UnitaryAuthority,Wales,http://data.ordnancesurvey.co.uk/id/7000000000041424,Wales,http://data.ordnancesurvey.co.uk/id/country/wales,,,
LD54UE,http://data.ordnancesurvey.co.uk/id/postcodeunit/LD54UE,LD5 4UE,,,,other,Postcode,292347.300,252786.800,3500,18000,,,,,,,,,,,,,Powys - Powys,http://data.ordnancesurvey.co.uk/id/7000000000025491,http://data.ordnancesurvey.co.uk/ontology/admingeo/UnitaryAuthority,Wales,http://data.ordnancesurvey.co.uk/id/7000000000041424,Wales,http://data.ordnancesurvey.co.uk/id/country/wales,,,
LD44EF,http://data.ordnancesurvey.co.uk/id/postcodeunit/LD44EF,LD4 4EF,,,,other,Postcode,293577.200,247179.200,3500,18000,,,,,,,Llangammarch Wells,http://data.ordnancesurvey.co.uk/id/4000000074563628,http://www.ordnancesurvey.co.uk/xml/codelists/localtype.xml#village,,,,Powys - Powys,http://data.ordnancesurvey.co.uk/id/7000000000025491,http://data.ordnancesurvey.co.uk/ontology/admingeo/UnitaryAuthority,Wales,http://data.ordnancesurvey.co.uk/id/7000000000041424,Wales,http://data.ordnancesurvey.co.uk/id/country/wales,,,
LD54YE,http://data.ordnancesurvey.co.uk/id/postcodeunit/LD54YE,LD5 4YE,,,,other,Postcode,292258.350,251673.500,3500,18000,,,,,,,,,,,,,Powys - Powys,http://data.ordnancesurvey.co.uk/id/7000000000025491,http://data.ordnancesurvey.co.uk/ontology/admingeo/UnitaryAuthority,Wales,http://data.ordnancesurvey.co.uk/id/7000000000041424,Wales,http://data.ordnancesurvey.co.uk/id/country/wales,,,
LD44DH,http://data.ordnancesurvey.co.uk/id/postcodeunit/LD44DH,LD4 4DH,,,,other,Postcode,291721.600,246682.200,3500,18000,,,,,,,,,,,,,Powys - Powys,http://data.ordnancesurvey.co.uk/id/7000000000025491,http://data.ordnancesurvey.co.uk/ontology/admingeo/UnitaryAuthority,Wales,http://data.ordnancesurvey.co.uk/id/7000000000041424,Wales,http://data.ordnancesurvey.co.uk/id/country/wales,,,
LD44EW,http://data.ordnancesurvey.co.uk/id/postcodeunit/LD44EW,LD4 4EW,,,,other,Postcode,293310.700,246880.300,3500,18000,,,,,,,Llangammarch Wells,http://data.ordnancesurvey.co.uk/id/4000000074563628,http://www.ordnancesurvey.co.uk/xml/codelists/localtype.xml#village,,,,Powys - Powys,http://data.ordnancesurvey.co.uk/id/7000000000025491,http://data.ordnancesurvey.co.uk/ontology/admingeo/UnitaryAuthority,Wales,http://data.ordnancesurvey.co.uk/id/7000000000041424,Wales,http://data.ordnancesurvey.co.uk/id/country/wales,,,
LD23LH,http://data.ordnancesurvey.co.uk/id/postcodeunit/LD23LH,LD2 3LH,,,,other,Postcode,299057.200,250363.300,3500,18000,,,,,,,,,,,,,Powys - Powys,http://data.ordnancesurvey.co.uk/id/7000000000025491,http://data.ordnancesurvey.co.uk/ontology/admingeo/UnitaryAuthority,Wales,http://data.ordnancesurvey.co.uk/id/7000000000041424,Wales,http://data.ordnancesurvey.co.uk/id/country/wales,,,
LD54AF,http://data.ordnancesurvey.co.uk/id/postcodeunit/LD54AF,LD5 4AF,,,,other,Postcode,289661.300,246242.100,3500,18000,,,,,,,,,,,,,Powys - Powys,http://data.ordnancesurvey.co.uk/id/7000000000025491,http://data.ordnancesurvey.co.uk/ontology/admingeo/UnitaryAuthority,Wales,http://data.ordnancesurvey.co.uk/id/7000000000041424,Wales,http://data.ordnancesurvey.co.uk/id/country/wales,,,
LD44ES,http://data.ordnancesurvey.co.uk/id/postcodeunit/LD44ES,LD4 4ES,,,,other,Postcode,291660.300,245381.400,3500,18000,,,,,,,,,,,,,Powys - Powys,http://data.ordnancesurvey.co.uk/id/7000000000025491,http://data.ordnancesurvey.co.uk/ontology/admingeo/UnitaryAuthority,Wales,http://data.ordnancesurvey.co.uk/id/7000000000041424,Wales,http://data.ordnancesurvey.co.uk/id/country/wales,,,
LD23SG,http://data.ordnancesurvey.co.uk/id/postcodeunit/LD23SG,LD2 3SG,,,,other,Postcode,297657.700,257838.200,3500,18000,,,,,,,,,,,,,Powys - Powys,http://data.ordnancesurvey.co.uk/id/7000000000025491,http://data.ordnancesurvey.co.uk/ontology/admingeo/UnitaryAuthority,Wales,http://data.ordnancesurvey.co.uk/id/7000000000041424,Wales,http://data.ordnancesurvey.co.uk/id/country/wales,,,
LD54UY,http://data.ordnancesurvey.co.uk/id/postcodeunit/LD54UY,LD5 4UY,,,,other,Postcode,291952.300,251301.800,3500,18000,,,,,,,Beulah,http://data.ordnancesurvey.co.uk/id/4000000074567568,http://www.ordnancesurvey.co.uk/xml/codelists/localtype.xml#village,,,,Powys - Powys,http://data.ordnancesurvey.co.uk/id/7000000000025491,http://data.ordnancesurvey.co.uk/ontology/admingeo/UnitaryAuthority,Wales,http://data.ordnancesurvey.co.uk/id/7000000000041424,Wales,http://data.ordnancesurvey.co.uk/id/country/wales,,,
LD44DG,http://data.ordnancesurvey.co.uk/id/postcodeunit/LD44DG,LD4 4DG,,,,other,Postcode,293051.563,246587.452,3500,18000,,,,,,,,,,,,,Powys - Powys,http://data.ordnancesurvey.co.uk/id/7000000000025491,http://data.ordnancesurvey.co.uk/ontology/admingeo/UnitaryAuthority,Wales,http://data.ordnancesurvey.co.uk/id/7000000000041424,Wales,http://data.ordnancesurvey.co.uk/id/country/wales,,,
LD23LU,http://data.ordnancesurvey.co.uk/id/postcodeunit/LD23LU,LD2 3LU,,,,other,Postcode,293442.138,254710.200,3500,18000,,,,,,,,,,,,,Powys - Powys,http://data.ordnancesurvey.co.uk/id/7000000000025491,http://data.ordnancesurvey.co.uk/ontology/admingeo/UnitaryAuthority,Wales,http://data.ordnancesurvey.co.uk/id/7000000000041424,Wales,http://data.ordnancesurvey.co.uk/id/country/wales,,,
LD44AE,http://data.ordnancesurvey.co.uk/id/postcodeunit/LD44AE,LD4 4AE,,,,other,Postcode,295125.500,249476.700,3500,18000,,,,,,,Garth,http://data.ordnancesurvey.co.uk/id/4000000074563625,http://www.ordnancesurvey.co.uk/xml/codelists/localtype.xml#village,,,,Powys - Powys,http://data.ordnancesurvey.co.uk/id/7000000000025491,http://data.ordnancesurvey.co.uk/ontology/admingeo/UnitaryAuthority,Wales,http://data.ordnancesurvey.co.uk/id/7000000000041424,Wales,http://data.ordnancesurvey.co.uk/id/country/wales,,,
LD23YG,http://data.ordnancesurvey.co.uk/id/postcodeunit/LD23YG,LD2 3YG,,,,other,Postcode,296005.500,257248.000,3500,18000,,,,,,,,,,,,,Powys - Powys,http://data.ordnancesurvey.co.uk/id/7000000000025491,http://data.ordnancesurvey.co.uk/ontology/admingeo/UnitaryAuthority,Wales,http://data.ordnancesurvey.co.uk/id/7000000000041424,Wales,http://data.ordnancesurvey.co.uk/id/country/wales,,,
LD54SY,http://data.ordnancesurvey.co.uk/id/postcodeunit/LD54SY,LD5 4SY,,,,other,Postcode,287039.300,246919.700,3500,18000,,,,,,,,,,,,,Powys - Powys,http://data.ordnancesurvey.co.uk/id/7000000000025491,http://data.ordnancesurvey.co.uk/ontology/admingeo/UnitaryAuthority,Wales,http://data.ordnancesurvey.co.uk/id/7000000000041424,Wales,http://data.ordnancesurvey.co.uk/id/country/wales,,,
LD54RJ,http://data.ordnancesurvey.co.uk/id/postcodeunit/LD54RJ,LD5 4RJ,,,,other,Postcode,288246.635,246665.337,3500,18000,,,,,,,Llanwrtyd Wells,http://data.ordnancesurvey.co.uk/id/4000000074563627,http://www.ordnancesurvey.co.uk/xml/codelists/localtype.xml#town,,,,Powys - Powys,http://data.ordnancesurvey.co.uk/id/7000000000025491,http://data.ordnancesurvey.co.uk/ontology/admingeo/UnitaryAuthority,Wales,http://data.ordnancesurvey.co.uk/id/7000000000041424,Wales,http://data.ordnancesurvey.co.uk/id/country/wales,,,
LD23PG,http://data.ordnancesurvey.co.uk/id/postcodeunit/LD23PG,LD2 3PG,,,,other,Postcode,295294.500,255765.200,3500,18000,,,,,,,,,,,,,Powys - Powys,http://data.ordnancesurvey.co.uk/id/7000000000025491,http://data.ordnancesurvey.co.uk/ontology/admingeo/UnitaryAuthority,Wales,http://data.ordnancesurvey.co.uk/id/7000000000041424,Wales,http://data.ordnancesurvey.co.uk/id/country/wales,,,
LD23LT,http://data.ordnancesurvey.co.uk/id/postcodeunit/LD23LT,LD2 3LT,,,,other,Postcode,294679.700,253380.400,3500,18000,,,,,,,,,,,,,Powys - Powys,http://data.ordnancesurvey.co.uk/id/7000000000025491,http://data.ordnancesurvey.co.uk/ontology/admingeo/UnitaryAuthority,Wales,http://data.ordnancesurvey.co.uk/id/7000000000041424,Wales,http://data.ordnancesurvey.co.uk/id/country/wales,,,
LD44DJ,http://data.ordnancesurvey.co.uk/id/postcodeunit/LD44DJ,LD4 4DJ,,,,other,Postcode,290809.100,248418.000,3500,18000,,,,,,,,,,,,,Powys - Powys,http://data.ordnancesurvey.co.uk/id/7000000000025491,http://data.ordnancesurvey.co.uk/ontology/admingeo/UnitaryAuthority,Wales,http://data.ordnancesurvey.co.uk/id/7000000000041424,Wales,http://data.ordnancesurvey.co.uk/id/country/wales,,,
SA200LY,http://data.ordnancesurvey.co.uk/id/postcodeunit/SA200LY,SA20 0LY,,,,other,Postcode,280224.400,240478.700,3500,18000,,,,,,,,,,,,,Sir Gaerfyrddin - Carmarthenshire,http://data.ordnancesurvey.co.uk/id/7000000000025486,http://data.ordnancesurvey.co.uk/ontology/admingeo/UnitaryAuthority,Wales,http://data.ordnancesurvey.co.uk/id/7000000000041424,Wales,http://data.ordnancesurvey.co.uk/id/country/wales,,,
LD23LR,http://data.ordnancesurvey.co.uk/id/postcodeunit/LD23LR,LD2 3LR,,,,other,Postcode,294690.254,250536.131,3500,18000,,,,,,,,,,,,,Powys - Powys,http://data.ordnancesurvey.co.uk/id/7000000000025491,http://data.ordnancesurvey.co.uk/ontology/admingeo/UnitaryAuthority,Wales,http://data.ordnancesurvey.co.uk/id/7000000000041424,Wales,http://data.ordnancesurvey.co.uk/id/country/wales,,,
LD54AH,http://data.ordnancesurvey.co.uk/id/postcodeunit/LD54AH,LD5 4AH,,,,other,Postcode,288127.653,246616.036,3500,18000,,,,,,,Llanwrtyd Wells,http://data.ordnancesurvey.co.uk/id/4000000074563627,http://www.ordnancesurvey.co.uk/xml/codelists/localtype.xml#town,,,,Powys - Powys,http://data.ordnancesurvey.co.uk/id/7000000000025491,http://data.ordnancesurvey.co.uk/ontology/admingeo/UnitaryAuthority,Wales,http://data.ordnancesurvey.co.uk/id/7000000000041424,Wales,http://data.ordnancesurvey.co.uk/id/country/wales,,,
LD44AT,http://data.ordnancesurvey.co.uk/id/postcodeunit/LD44AT,LD4 4AT,,,,other,Postcode,295455.800,249622.400,3500,18000,,,,,,,Garth,http://data.ordnancesurvey.co.uk/id/4000000074563625,http://www.ordnancesurvey.co.uk/xml/codelists/localtype.xml#village,,,,Powys - Powys,http://data.ordnancesurvey.co.uk/id/7000000000025491,http://data.ordnancesurvey.co.uk/ontology/admingeo/UnitaryAuthority,Wales,http://data.ordnancesurvey.co.uk/id/7000000000041424,Wales,http://data.ordnancesurvey.co.uk/id/country/wales,,,
LD44BU,http://data.ordnancesurvey.co.uk/id/postcodeunit/LD44BU,LD4 4BU,,,,other,Postcode,295158.400,247992.500,3500,18000,,,,,,,,,,,,,Powys - Powys,http://data.ordnancesurvey.co.uk/id/7000000000025491,http://data.ordnancesurvey.co.uk/ontology/admingeo/UnitaryAuthority,Wales,http://data.ordnancesurvey.co.uk/id/7000000000041424,Wales,http://data.ordnancesurvey.co.uk/id/country/wales,,,
LD44EL,http://data.ordnancesurvey.co.uk/id/postcodeunit/LD44EL,LD4 4EL,,,,other,Postcode,293971.500,247164.600,3500,18000,,,,,,,Llangammarch Wells,http://data.ordnancesurvey.co.uk/id/4000000074563628,http://www.ordnancesurvey.co.uk/xml/codelists/localtype.xml#village,,,,Powys - Powys,http://data.ordnancesurvey.co.uk/id/7000000000025491,http://data.ordnancesurvey.co.uk/ontology/admingeo/UnitaryAuthority,Wales,http://data.ordnancesurvey.co.uk/id/7000000000041424,Wales,http://data.ordnancesurvey.co.uk/id/country/wales,,,
LD54UL,http://data.ordnancesurvey.co.uk/id/postcodeunit/LD54UL,LD5 4UL,,,,other,Postcode,289548.933,250813.483,3500,18000,,,,,,,,,,,,,Powys - Powys,http://data.ordnancesurvey.co.uk/id/7000000000025491,http://data.ordnancesurvey.co.uk/ontology/admingeo/UnitaryAuthority,Wales,http://data.ordnancesurvey.co.uk/id/7000000000041424,Wales,http://data.ordnancesurvey.co.uk/id/country/wales,,,
LD54SG,http://data.ordnancesurvey.co.uk/id/postcodeunit/LD54SG,LD5 4SG,,,,other,Postcode,289465.500,249917.800,3500,18000,,,,,,,,,,,,,Powys - Powys,http://data.ordnancesurvey.co.uk/id/7000000000025491,http://data.ordnancesurvey.co.uk/ontology/admingeo/UnitaryAuthority,Wales,http://data.ordnancesurvey.co.uk/id/7000000000041424,Wales,http://data.ordnancesurvey.co.uk/id/country/wales,,,
LD16ND,http://data.ordnancesurvey.co.uk/id/postcodeunit/LD16ND,LD1 6ND,,,,other,Postcode,299446.667,259580.587,3500,18000,,,,,,,,,,,,,Powys - Powys,http://data.ordnancesurvey.co.uk/id/7000000000025491,http://data.ordnancesurvey.co.uk/ontology/admingeo/UnitaryAuthority,Wales,http://data.ordnancesurvey.co.uk/id/7000000000041424,Wales,http://data.ordnancesurvey.co.uk/id/country/wales,,,
LD23LN,http://data.ordnancesurvey.co.uk/id/postcodeunit/LD23LN,LD2 3LN,,,,other,Postcode,295046.800,251669.500,3500,18000,,,,,,,,,,,,,Powys - Powys,http://data.ordnancesurvey.co.uk/id/7000000000025491,http://data.ordnancesurvey.co.uk/ontology/admingeo/UnitaryAuthority,Wales,http://data.ordnancesurvey.co.uk/id/7000000000041424,Wales,http://data.ordnancesurvey.co.uk/id/country/wales,,,
LD54TA,http://data.ordnancesurvey.co.uk/id/postcodeunit/LD54TA,LD5 4TA,,,,other,Postcode,287599.500,246366.600,3500,18000,,,,,,,Llanwrtyd Wells,http://data.ordnancesurvey.co.uk/id/4000000074563627,http://www.ordnancesurvey.co.uk/xml/codelists/localtype.xml#town,,,,Powys - Powys,http://data.ordnancesurvey.co.uk/id/7000000000025491,http://data.ordnancesurvey.co.uk/ontology/admingeo/UnitaryAuthority,Wales,http://data.ordnancesurvey.co.uk/id/7000000000041424,Wales,http://data.ordnancesurvey.co.uk/id/country/wales,,,
LD44EA,http://data.ordnancesurvey.co.uk/id/postcodeunit/LD44EA,LD4 4EA,,,,other,Postcode,293574.300,247116.500,3500,18000,,,,,,,Llangammarch Wells,http://data.ordnancesurvey.co.uk/id/4000000074563628,http://www.ordnancesurvey.co.uk/xml/codelists/localtype.xml#village,,,,Powys - Powys,http://data.ordnancesurvey.co.uk/id/7000000000025491,http://data.ordnancesurvey.co.uk/ontology/admingeo/UnitaryAuthority,Wales,http://data.ordnancesurvey.co.uk/id/7000000000041424,Wales,http://data.ordnancesurvey.co.uk/id/country/wales,,,
LD44DA,http://data.ordnancesurvey.co.uk/id/postcodeunit/LD44DA,LD4 4DA,,,,other,Postcode,292351.300,248591.300,3500,18000,,,,,,,,,,,,,Powys - Powys,http://data.ordnancesurvey.co.uk/id/7000000000025491,http://data.ordnancesurvey.co.uk/ontology/admingeo/UnitaryAuthority,Wales,http://data.ordnancesurvey.co.uk/id/7000000000041424,Wales,http://data.ordnancesurvey.co.uk/id/country/wales,,,
LD54SF,http://data.ordnancesurvey.co.uk/id/postcodeunit/LD54SF,LD5 4SF,,,,other,Postcode,289417.374,249334.059,3500,18000,,,,,,,,,,,,,Powys - Powys,http://data.ordnancesurvey.co.uk/id/7000000000025491,http://data.ordnancesurvey.co.uk/ontology/admingeo/UnitaryAuthority,Wales,http://data.ordnancesurvey.co.uk/id/7000000000041424,Wales,http://data.ordnancesurvey.co.uk/id/country/wales,,,
LD54UU,http://data.ordnancesurvey.co.uk/id/postcodeunit/LD54UU,LD5 4UU,,,,other,Postcode,292075.700,251285.500,3500,18000,,,,,,,Beulah,http://data.ordnancesurvey.co.uk/id/4000000074567568,http://www.ordnancesurvey.co.uk/xml/codelists/localtype.xml#village,,,,Powys - Powys,http://data.ordnancesurvey.co.uk/id/7000000000025491,http://data.ordnancesurvey.co.uk/ontology/admingeo/UnitaryAuthority,Wales,http://data.ordnancesurvey.co.uk/id/7000000000041424,Wales,http://data.ordnancesurvey.co.uk/id/country/wales,,,
LD54UF,http://data.ordnancesurvey.co.uk/id/postcodeunit/LD54UF,LD5 4UF,,,,other,Postcode,292181.600,250256.300,3500,18000,,,,,,,,,,,,,Powys - Powys,http://data.ordnancesurvey.co.uk/id/7000000000025491,http://data.ordnancesurvey.co.uk/ontology/admingeo/UnitaryAuthority,Wales,http://data.ordnancesurvey.co.uk/id/7000000000041424,Wales,http://data.ordnancesurvey.co.uk/id/country/wales,,,
LD54SS,http://data.ordnancesurvey.co.uk/id/postcodeunit/LD54SS,LD5 4SS,,,,other,Postcode,287809.500,246670.900,3500,18000,,,,,,,Llanwrtyd Wells,http://data.ordnancesurvey.co.uk/id/4000000074563627,http://www.ordnancesurvey.co.uk/xml/codelists/localtype.xml#town,,,,Powys - Powys,http://data.ordnancesurvey.co.uk/id/7000000000025491,http://data.ordnancesurvey.co.uk/ontology/admingeo/UnitaryAuthority,Wales,http://data.ordnancesurvey.co.uk/id/7000000000041424,Wales,http://data.ordnancesurvey.co.uk/id/country/wales,,,
LD54TR,http://data.ordnancesurvey.co.uk/id/postcodeunit/LD54TR,LD5 4TR,,,,other,Postcode,283585.500,255597.000,3500,18000,,,,,,,,,,,,,Powys - Powys,http://data.ordnancesurvey.co.uk/id/7000000000025491,http://data.ordnancesurvey.co.uk/ontology/admingeo/UnitaryAuthority,Wales,http://data.ordnancesurvey.co.uk/id/7000000000041424,Wales,http://data.ordnancesurvey.co.uk/id/country/wales,,,
SA200NA,http://data.ordnancesurvey.co.uk/id/postcodeunit/SA200NA,SA20 0NA,,,,other,Postcode,280026.900,241261.700,3500,18000,,,,,,,,,,,,,Sir Gaerfyrddin - Carmarthenshire,http://data.ordnancesurvey.co.uk/id/7000000000025486,http://data.ordnancesurvey.co.uk/ontology/admingeo/UnitaryAuthority,Wales,http://data.ordnancesurvey.co.uk/id/7000000000041424,Wales,http://data.ordnancesurvey.co.uk/id/country/wales,,,
LD54SE,http://data.ordnancesurvey.co.uk/id/postcodeunit/LD54SE,LD5 4SE,,,,other,Postcode,288774.100,247924.400,3500,18000,,,,,,,,,,,,,Powys - Powys,http://data.ordnancesurvey.co.uk/id/7000000000025491,http://data.ordnancesurvey.co.uk/ontology/admingeo/UnitaryAuthority,Wales,http://data.ordnancesurvey.co.uk/id/7000000000041424,Wales,http://data.ordnancesurvey.co.uk/id/country/wales,,,
LD23NB,http://data.ordnancesurvey.co.uk/id/postcodeunit/LD23NB,LD2 3NB,,,,other,Postcode,295991.921,254504.439,3500,18000,,,,,,,,,,,,,Powys - Powys,http://data.ordnancesurvey.co.uk/id/7000000000025491,http://data.ordnancesurvey.co.uk/ontology/admingeo/UnitaryAuthority,Wales,http://data.ordnancesurvey.co.uk/id/7000000000041424,Wales,http://data.ordnancesurvey.co.uk/id/country/wales,,,
LD54UN,http://data.ordnancesurvey.co.uk/id/postcodeunit/LD54UN,LD5 4UN,,,,other,Postcode,289910.500,249932.700,3500,18000,,,,,,,,,,,,,Powys - Powys,http://data.ordnancesurvey.co.uk/id/7000000000025491,http://data.ordnancesurvey.co.uk/ontology/admingeo/UnitaryAuthority,Wales,http://data.ordnancesurvey.co.uk/id/7000000000041424,Wales,http://data.ordnancesurvey.co.uk/id/country/wales,,,
LD23PS,http://data.ordnancesurvey.co.uk/id/postcodeunit/LD23PS,LD2 3PS,,,,other,Postcode,299664.800,254004.800,3500,18000,,,,,,,,,,,,,Powys - Powys,http://data.ordnancesurvey.co.uk/id/7000000000025491,http://data.ordnancesurvey.co.uk/ontology/admingeo/UnitaryAuthority,Wales,http://data.ordnancesurvey.co.uk/id/7000000000041424,Wales,http://data.ordnancesurvey.co.uk/id/country/wales,,,
LD54RB,http://data.ordnancesurvey.co.uk/id/postcodeunit/LD54RB,LD5 4RB,,,,other,Postcode,287908.267,246715.600,3500,18000,,,,,,,Llanwrtyd Wells,http://data.ordnancesurvey.co.uk/id/4000000074563627,http://www.ordnancesurvey.co.uk/xml/codelists/localtype.xml#town,,,,Powys - Powys,http://data.ordnancesurvey.co.uk/id/7000000000025491,http://data.ordnancesurvey.co.uk/ontology/admingeo/UnitaryAuthority,Wales,http://data.ordnancesurvey.co.uk/id/7000000000041424,Wales,http://data.ordnancesurvey.co.uk/id/country/wales,,,
LD54TY,http://data.ordnancesurvey.co.uk/id/postcodeunit/LD54TY,LD5 4TY,,,,other,Postcode,291155.500,251974.800,3500,18000,,,,,,,,,,,,,Powys - Powys,http://data.ordnancesurvey.co.uk/id/7000000000025491,http://data.ordnancesurvey.co.uk/ontology/admingeo/UnitaryAuthority,Wales,http://data.ordnancesurvey.co.uk/id/7000000000041424,Wales,http://data.ordnancesurvey.co.uk/id/country/wales,,,
LD44BH,http://data.ordnancesurvey.co.uk/id/postcodeunit/LD44BH,LD4 4BH,,,,other,Postcode,295676.683,249182.500,3500,18000,,,,,,,,,,,,,Powys - Powys,http://data.ordnancesurvey.co.uk/id/7000000000025491,http://data.ordnancesurvey.co.uk/ontology/admingeo/UnitaryAuthority,Wales,http://data.ordnancesurvey.co.uk/id/7000000000041424,Wales,http://data.ordnancesurvey.co.uk/id/country/wales,,,
SA200YT,http://data.ordnancesurvey.co.uk/id/postcodeunit/SA200YT,SA20 0YT,,,,other,Postcode,282754.833,240609.200,3500,18000,,,,,,,,,,,,,Sir Gaerfyrddin - Carmarthenshire,http://data.ordnancesurvey.co.uk/id/7000000000025486,http://data.ordnancesurvey.co.uk/ontology/admingeo/UnitaryAuthority,Wales,http://data.ordnancesurvey.co.uk/id/7000000000041424,Wales,http://data.ordnancesurvey.co.uk/id/country/wales,,,
LD54TP,http://data.ordnancesurvey.co.uk/id/postcodeunit/LD54TP,LD5 4TP,,,,other,Postcode,285919.575,253153.185,3500,18000,,,,,,,,,,,,,Powys - Powys,http://data.ordnancesurvey.co.uk/id/7000000000025491,http://data.ordnancesurvey.co.uk/ontology/admingeo/UnitaryAuthority,Wales,http://data.ordnancesurvey.co.uk/id/7000000000041424,Wales,http://data.ordnancesurvey.co.uk/id/country/wales,,,
LD54UD,http://data.ordnancesurvey.co.uk/id/postcodeunit/LD54UD,LD5 4UD,,,,other,Postcode,292396.000,251668.000,3500,18000,,,,,,,,,,,,,Powys - Powys,http://data.ordnancesurvey.co.uk/id/7000000000025491,http://data.ordnancesurvey.co.uk/ontology/admingeo/UnitaryAuthority,Wales,http://data.ordnancesurvey.co.uk/id/7000000000041424,Wales,http://data.ordnancesurvey.co.uk/id/country/wales,,,
LD23LW,http://data.ordnancesurvey.co.uk/id/postcodeunit/LD23LW,LD2 3LW,,,,other,Postcode,294447.900,253019.100,3500,18000,,,,,,,,,,,,,Powys - Powys,http://data.ordnancesurvey.co.uk/id/7000000000025491,http://data.ordnancesurvey.co.uk/ontology/admingeo/UnitaryAuthority,Wales,http://data.ordnancesurvey.co.uk/id/7000000000041424,Wales,http://data.ordnancesurvey.co.uk/id/country/wales,,,
SA200LP,http://data.ordnancesurvey.co.uk/id/postcodeunit/SA200LP,SA20 0LP,,,,other,Postcode,282288.800,241329.600,3500,18000,,,,,,,,,,,,,Sir Gaerfyrddin - Carmarthenshire,http://data.ordnancesurvey.co.uk/id/7000000000025486,http://data.ordnancesurvey.co.uk/ontology/admingeo/UnitaryAuthority,Wales,http://data.ordnancesurvey.co.uk/id/7000000000041424,Wales,http://data.ordnancesurvey.co.uk/id/country/wales,,,
LD54TT,http://data.ordnancesurvey.co.uk/id/postcodeunit/LD54TT,LD5 4TT,,,,other,Postcode,290360.800,252472.600,3500,18000,,,,,,,,,,,,,Powys - Powys,http://data.ordnancesurvey.co.uk/id/7000000000025491,http://data.ordnancesurvey.co.uk/ontology/admingeo/UnitaryAuthority,Wales,http://data.ordnancesurvey.co.uk/id/7000000000041424,Wales,http://data.ordnancesurvey.co.uk/id/country/wales,,,
LD54TH,http://data.ordnancesurvey.co.uk/id/postcodeunit/LD54TH,LD5 4TH,,,,other,Postcode,287127.800,247064.300,3500,18000,,,,,,,,,,,,,Powys - Powys,http://data.ordnancesurvey.co.uk/id/7000000000025491,http://data.ordnancesurvey.co.uk/ontology/admingeo/UnitaryAuthority,Wales,http://data.ordnancesurvey.co.uk/id/7000000000041424,Wales,http://data.ordnancesurvey.co.uk/id/country/wales,,,
LD23NE,http://data.ordnancesurvey.co.uk/id/postcodeunit/LD23NE,LD2 3NE,,,,other,Postcode,298006.900,253771.000,3500,18000,,,,,,,,,,,,,Powys - Powys,http://data.ordnancesurvey.co.uk/id/7000000000025491,http://data.ordnancesurvey.co.uk/ontology/admingeo/UnitaryAuthority,Wales,http://data.ordnancesurvey.co.uk/id/7000000000041424,Wales,http://data.ordnancesurvey.co.uk/id/country/wales,,,
LD54RW,http://data.ordnancesurvey.co.uk/id/postcodeunit/LD54RW,LD5 4RW,,,,other,Postcode,287998.300,246595.300,3500,18000,,,,,,,Llanwrtyd Wells,http://data.ordnancesurvey.co.uk/id/4000000074563627,http://www.ordnancesurvey.co.uk/xml/codelists/localtype.xml#town,,,,Powys - Powys,http://data.ordnancesurvey.co.uk/id/7000000000025491,http://data.ordnancesurvey.co.uk/ontology/admingeo/UnitaryAuthority,Wales,http://data.ordnancesurvey.co.uk/id/7000000000041424,Wales,http://data.ordnancesurvey.co.uk/id/country/wales,,,
LD54AE,http://data.ordnancesurvey.co.uk/id/postcodeunit/LD54AE,LD5 4AE,,,,other,Postcode,287381.200,246971.000,3500,18000,,,,,,,Llanwrtyd Wells,http://data.ordnancesurvey.co.uk/id/4000000074563627,http://www.ordnancesurvey.co.uk/xml/codelists/localtype.xml#town,,,,Powys - Powys,http://data.ordnancesurvey.co.uk/id/7000000000025491,http://data.ordnancesurvey.co.uk/ontology/admingeo/UnitaryAuthority,Wales,http://data.ordnancesurvey.co.uk/id/7000000000041424,Wales,http://data.ordnancesurvey.co.uk/id/country/wales,,,
LD44BL,http://data.ordnancesurvey.co.uk/id/postcodeunit/LD44BL,LD4 4BL,,,,other,Postcode,296803.200,248773.875,3500,18000,,,,,,,,,,,,,Powys - Powys,http://data.ordnancesurvey.co.uk/id/7000000000025491,http://data.ordnancesurvey.co.uk/ontology/admingeo/UnitaryAuthority,Wales,http://data.ordnancesurvey.co.uk/id/7000000000041424,Wales,http://data.ordnancesurvey.co.uk/id/country/wales,,,
LD44AW,http://data.ordnancesurvey.co.uk/id/postcodeunit/LD44AW,LD4 4AW,,,,other,Postcode,294127.900,250318.400,3500,18000,,,,,,,,,,,,,Powys - Powys,http://data.ordnancesurvey.co.uk/id/7000000000025491,http://data.ordnancesurvey.co.uk/ontology/admingeo/UnitaryAuthority,Wales,http://data.ordnancesurvey.co.uk/id/7000000000041424,Wales,http://data.ordnancesurvey.co.uk/id/country/wales,,,
LD23PF,http://data.ordnancesurvey.co.uk/id/postcodeunit/LD23PF,LD2 3PF,,,,other,Postcode,296085.480,255205.324,3500,18000,,,,,,,,,,,,,Powys - Powys,http://data.ordnancesurvey.co.uk/id/7000000000025491,http://data.ordnancesurvey.co.uk/ontology/admingeo/UnitaryAuthority,Wales,http://data.ordnancesurvey.co.uk/id/7000000000041424,Wales,http://data.ordnancesurvey.co.uk/id/country/wales,,,
LD54RG,http://data.ordnancesurvey.co.uk/id/postcodeunit/LD54RG,LD5 4RG,,,,other,Postcode,288098.700,246763.500,3500,18000,,,,,,,Llanwrtyd Wells,http://data.ordnancesurvey.co.uk/id/4000000074563627,http://www.ordnancesurvey.co.uk/xml/codelists/localtype.xml#town,,,,Powys - Powys,http://data.ordnancesurvey.co.uk/id/7000000000025491,http://data.ordnancesurvey.co.uk/ontology/admingeo/UnitaryAuthority,Wales,http://data.ordnancesurvey.co.uk/id/7000000000041424,Wales,http://data.ordnancesurvey.co.uk/id/country/wales,,,
LD23PD,http://data.ordnancesurvey.co.uk/id/postcodeunit/LD23PD,LD2 3PD,,,,other,Postcode,298118.500,253374.700,3500,18000,,,,,,,,,,,,,Powys - Powys,http://data.ordnancesurvey.co.uk/id/7000000000025491,http://data.ordnancesurvey.co.uk/ontology/admingeo/UnitaryAuthority,Wales,http://data.ordnancesurvey.co.uk/id/7000000000041424,Wales,http://data.ordnancesurvey.co.uk/id/country/wales,,,
LD44AH,http://data.ordnancesurvey.co.uk/id/postcodeunit/LD44AH,LD4 4AH,,,,other,Postcode,295096.200,249569.700,3500,18000,,,,,,,Garth,http://data.ordnancesurvey.co.uk/id/4000000074563625,http://www.ordnancesurvey.co.uk/xml/codelists/localtype.xml#village,,,,Powys - Powys,http://data.ordnancesurvey.co.uk/id/7000000000025491,http://data.ordnancesurvey.co.uk/ontology/admingeo/UnitaryAuthority,Wales,http://data.ordnancesurvey.co.uk/id/7000000000041424,Wales,http://data.ordnancesurvey.co.uk/id/country/wales,,,
LD23ND,http://data.ordnancesurvey.co.uk/id/postcodeunit/LD23ND,LD2 3ND,,,,other,Postcode,297503.300,254904.000,3500,18000,,,,,,,,,,,,,Powys - Powys,http://data.ordnancesurvey.co.uk/id/7000000000025491,http://data.ordnancesurvey.co.uk/ontology/admingeo/UnitaryAuthority,Wales,http://data.ordnancesurvey.co.uk/id/7000000000041424,Wales,http://data.ordnancesurvey.co.uk/id/country/wales,,,
LD44BT,http://data.ordnancesurvey.co.uk/id/postcodeunit/LD44BT,LD4 4BT,,,,other,Postcode,293468.700,247008.200,3500,18000,,,,,,,Llangammarch Wells,http://data.ordnancesurvey.co.uk/id/4000000074563628,http://www.ordnancesurvey.co.uk/xml/codelists/localtype.xml#village,,,,Powys - Powys,http://data.ordnancesurvey.co.uk/id/7000000000025491,http://data.ordnancesurvey.co.uk/ontology/admingeo/UnitaryAuthority,Wales,http://data.ordnancesurvey.co.uk/id/7000000000041424,Wales,http://data.ordnancesurvey.co.uk/id/country/wales,,,
LD44DD,http://data.ordnancesurvey.co.uk/id/postcodeunit/LD44DD,LD4 4DD,,,,other,Postcode,291993.800,247367.800,3500,18000,,,,,,,,,,,,,Powys - Powys,http://data.ordnancesurvey.co.uk/id/7000000000025491,http://data.ordnancesurvey.co.uk/ontology/admingeo/UnitaryAuthority,Wales,http://data.ordnancesurvey.co.uk/id/7000000000041424,Wales,http://data.ordnancesurvey.co.uk/id/country/wales,,,
SA200LN,http://data.ordnancesurvey.co.uk/id/postcodeunit/SA200LN,SA20 0LN,,,,other,Postcode,281079.200,241296.280,3500,18000,,,,,,,,,,,,,Sir Gaerfyrddin - Carmarthenshire,http://data.ordnancesurvey.co.uk/id/7000000000025486,http://data.ordnancesurvey.co.uk/ontology/admingeo/UnitaryAuthority,Wales,http://data.ordnancesurvey.co.uk/id/7000000000041424,Wales,http://data.ordnancesurvey.co.uk/id/country/wales,,,
LD54UA,http://data.ordnancesurvey.co.uk/id/postcodeunit/LD54UA,LD5 4UA,,,,other,Postcode,291215.000,251337.000,3500,18000,,,,,,,,,,,,,Powys - Powys,http://data.ordnancesurvey.co.uk/id/7000000000025491,http://data.ordnancesurvey.co.uk/ontology/admingeo/UnitaryAuthority,Wales,http://data.ordnancesurvey.co.uk/id/7000000000041424,Wales,http://data.ordnancesurvey.co.uk/id/country/wales,,,
LD54TE,http://data.ordnancesurvey.co.uk/id/postcodeunit/LD54TE,LD5 4TE,,,,other,Postcode,286217.447,245197.666,3500,18000,,,,,,,,,,,,,Powys - Powys,http://data.ordnancesurvey.co.uk/id/7000000000025491,http://data.ordnancesurvey.co.uk/ontology/admingeo/UnitaryAuthority,Wales,http://data.ordnancesurvey.co.uk/id/7000000000041424,Wales,http://data.ordnancesurvey.co.uk/id/country/wales,,,
LD44EH,http://data.ordnancesurvey.co.uk/id/postcodeunit/LD44EH,LD4 4EH,,,,other,Postcode,293542.900,247121.700,3500,18000,,,,,,,Llangammarch Wells,http://data.ordnancesurvey.co.uk/id/4000000074563628,http://www.ordnancesurvey.co.uk/xml/codelists/localtype.xml#village,,,,Powys - Powys,http://data.ordnancesurvey.co.uk/id/7000000000025491,http://data.ordnancesurvey.co.uk/ontology/admingeo/UnitaryAuthority,Wales,http://data.ordnancesurvey.co.uk/id/7000000000041424,Wales,http://data.ordnancesurvey.co.uk/id/country/wales,,,
LD54TW,http://data.ordnancesurvey.co.uk/id/postcodeunit/LD54TW,LD5 4TW,,,,other,Postcode,285827.600,252117.700,3500,18000,,,,,,,,,,,,,Powys - Powys,http://data.ordnancesurvey.co.uk/id/7000000000025491,http://data.ordnancesurvey.co.uk/ontology/admingeo/UnitaryAuthority,Wales,http://data.ordnancesurvey.co.uk/id/7000000000041424,Wales,http://data.ordnancesurvey.co.uk/id/country/wales,,,
LD23PL,http://data.ordnancesurvey.co.uk/id/postcodeunit/LD23PL,LD2 3PL,,,,other,Postcode,294582.400,257520.400,3500,18000,,,,,,,,,,,,,Powys - Powys,http://data.ordnancesurvey.co.uk/id/7000000000025491,http://data.ordnancesurvey.co.uk/ontology/admingeo/UnitaryAuthority,Wales,http://data.ordnancesurvey.co.uk/id/7000000000041424,Wales,http://data.ordnancesurvey.co.uk/id/country/wales,,,
LD44DW,http://data.ordnancesurvey.co.uk/id/postcodeunit/LD44DW,LD4 4DW,,,,other,Postcode,290857.100,244115.600,3500,18000,,,,,,,,,,,,,Powys - Powys,http://data.ordnancesurvey.co.uk/id/7000000000025491,http://data.ordnancesurvey.co.uk/ontology/admingeo/UnitaryAuthority,Wales,http://data.ordnancesurvey.co.uk/id/7000000000041424,Wales,http://data.ordnancesurvey.co.uk/id/country/wales,,,
LD54SL,http://data.ordnancesurvey.co.uk/id/postcodeunit/LD54SL,LD5 4SL,,,,other,Postcode,287969.243,248099.957,3500,18000,,,,,,,,,,,,,Powys - Powys,http://data.ordnancesurvey.co.uk/id/7000000000025491,http://data.ordnancesurvey.co.uk/ontology/admingeo/UnitaryAuthority,Wales,http://data.ordnancesurvey.co.uk/id/7000000000041424,Wales,http://data.ordnancesurvey.co.uk/id/country/wales,,,
LD54YD,http://data.ordnancesurvey.co.uk/id/postcodeunit/LD54YD,LD5 4YD,,,,other,Postcode,292308.000,251313.000,3500,18000,,,,,,,Beulah,http://data.ordnancesurvey.co.uk/id/4000000074567568,http://www.ordnancesurvey.co.uk/xml/codelists/localtype.xml#village,,,,Powys - Powys,http://data.ordnancesurvey.co.uk/id/7000000000025491,http://data.ordnancesurvey.co.uk/ontology/admingeo/UnitaryAuthority,Wales,http://data.ordnancesurvey.co.uk/id/7000000000041424,Wales,http://data.ordnancesurvey.co.uk/id/country/wales,,,
SA200LL,http://data.ordnancesurvey.co.uk/id/postcodeunit/SA200LL,SA20 0LL,,,,other,Postcode,280731.500,240274.900,3500,18000,,,,,,,Cynghordy,http://data.ordnancesurvey.co.uk/id/4000000074563951,http://www.ordnancesurvey.co.uk/xml/codelists/localtype.xml#village,,,,Sir Gaerfyrddin - Carmarthenshire,http://data.ordnancesurvey.co.uk/id/7000000000025486,http://data.ordnancesurvey.co.uk/ontology/admingeo/UnitaryAuthority,Wales,http://data.ordnancesurvey.co.uk/id/7000000000041424,Wales,http://data.ordnancesurvey.co.uk/id/country/wales,,,
LD44BB,http://data.ordnancesurvey.co.uk/id/postcodeunit/LD44BB,LD4 4BB,,,,other,Postcode,298087.500,250866.800,3500,18000,,,,,,,,,,,,,Powys - Powys,http://data.ordnancesurvey.co.uk/id/7000000000025491,http://data.ordnancesurvey.co.uk/ontology/admingeo/UnitaryAuthority,Wales,http://data.ordnancesurvey.co.uk/id/7000000000041424,Wales,http://data.ordnancesurvey.co.uk/id/country/wales,,,
LD54RE,http://data.ordnancesurvey.co.uk/id/postcodeunit/LD54RE,LD5 4RE,,,,other,Postcode,287938.657,246736.229,3500,18000,,,,,,,Llanwrtyd Wells,http://data.ordnancesurvey.co.uk/id/4000000074563627,http://www.ordnancesurvey.co.uk/xml/codelists/localtype.xml#town,,,,Powys - Powys,http://data.ordnancesurvey.co.uk/id/7000000000025491,http://data.ordnancesurvey.co.uk/ontology/admingeo/UnitaryAuthority,Wales,http://data.ordnancesurvey.co.uk/id/7000000000041424,Wales,http://data.ordnancesurvey.co.uk/id/country/wales,,,
LD54YB,http://data.ordnancesurvey.co.uk/id/postcodeunit/LD54YB,LD5 4YB,,,,other,Postcode,291779.800,251223.100,3500,18000,,,,,,,Beulah,http://data.ordnancesurvey.co.uk/id/4000000074567568,http://www.ordnancesurvey.co.uk/xml/codelists/localtype.xml#village,,,,Powys - Powys,http://data.ordnancesurvey.co.uk/id/7000000000025491,http://data.ordnancesurvey.co.uk/ontology/admingeo/UnitaryAuthority,Wales,http://data.ordnancesurvey.co.uk/id/7000000000041424,Wales,http://data.ordnancesurvey.co.uk/id/country/wales,,,
LD54SD,http://data.ordnancesurvey.co.uk/id/postcodeunit/LD54SD,LD5 4SD,,,,other,Postcode,288467.900,247529.100,3500,18000,,,,,,,,,,,,,Powys - Powys,http://data.ordnancesurvey.co.uk/id/7000000000025491,http://data.ordnancesurvey.co.uk/ontology/admingeo/UnitaryAuthority,Wales,http://data.ordnancesurvey.co.uk/id/7000000000041424,Wales,http://data.ordnancesurvey.co.uk/id/country/wales,,,
LD44EB,http://data.ordnancesurvey.co.uk/id/postcodeunit/LD44EB,LD4 4EB,,,,other,Postcode,293617.500,247191.800,3500,18000,,,,,,,Llangammarch Wells,http://data.ordnancesurvey.co.uk/id/4000000074563628,http://www.ordnancesurvey.co.uk/xml/codelists/localtype.xml#village,,,,Powys - Powys,http://data.ordnancesurvey.co.uk/id/7000000000025491,http://data.ordnancesurvey.co.uk/ontology/admingeo/UnitaryAuthority,Wales,http://data.ordnancesurvey.co.uk/id/7000000000041424,Wales,http://data.ordnancesurvey.co.uk/id/country/wales,,,
LD44ER,http://data.ordnancesurvey.co.uk/id/postcodeunit/LD44ER,LD4 4ER,,,,other,Postcode,292588.500,246365.300,3500,18000,,,,,,,,,,,,,Powys - Powys,http://data.ordnancesurvey.co.uk/id/7000000000025491,http://data.ordnancesurvey.co.uk/ontology/admingeo/UnitaryAuthority,Wales,http://data.ordnancesurvey.co.uk/id/7000000000041424,Wales,http://data.ordnancesurvey.co.uk/id/country/wales,,,
LD54SA,http://data.ordnancesurvey.co.uk/id/postcodeunit/LD54SA,LD5 4SA,,,,other,Postcode,288169.160,246921.200,3500,18000,,,,,,,Llanwrtyd Wells,http://data.ordnancesurvey.co.uk/id/4000000074563627,http://www.ordnancesurvey.co.uk/xml/codelists/localtype.xml#town,,,,Powys - Powys,http://data.ordnancesurvey.co.uk/id/7000000000025491,http://data.ordnancesurvey.co.uk/ontology/admingeo/UnitaryAuthority,Wales,http://data.ordnancesurvey.co.uk/id/7000000000041424,Wales,http://data.ordnancesurvey.co.uk/id/country/wales,,,
LD44DS,http://data.ordnancesurvey.co.uk/id/postcodeunit/LD44DS,LD4 4DS,,,,other,Postcode,287742.545,241591.500,3500,18000,,,,,,,,,,,,,Powys - Powys,http://data.ordnancesurvey.co.uk/id/7000000000025491,http://data.ordnancesurvey.co.uk/ontology/admingeo/UnitaryAuthority,Wales,http://data.ordnancesurvey.co.uk/id/7000000000041424,Wales,http://data.ordnancesurvey.co.uk/id/country/wales,,,
LD23LY,http://data.ordnancesurvey.co.uk/id/postcodeunit/LD23LY,LD2 3LY,,,,other,Postcode,294374.100,254407.300,3500,18000,,,,,,,,,,,,,Powys - Powys,http://data.ordnancesurvey.co.uk/id/7000000000025491,http://data.ordnancesurvey.co.uk/ontology/admingeo/UnitaryAuthority,Wales,http://data.ordnancesurvey.co.uk/id/7000000000041424,Wales,http://data.ordnancesurvey.co.uk/id/country/wales,,,
LD54YA,http://data.ordnancesurvey.co.uk/id/postcodeunit/LD54YA,LD5 4YA,,,,other,Postcode,291810.600,251320.000,3500,18000,,,,,,,Beulah,http://data.ordnancesurvey.co.uk/id/4000000074567568,http://www.ordnancesurvey.co.uk/xml/codelists/localtype.xml#village,,,,Powys - Powys,http://data.ordnancesurvey.co.uk/id/7000000000025491,http://data.ordnancesurvey.co.uk/ontology/admingeo/UnitaryAuthority,Wales,http://data.ordnancesurvey.co.uk/id/7000000000041424,Wales,http://data.ordnancesurvey.co.uk/id/country/wales,,,
SA200LS,http://data.ordnancesurvey.co.uk/id/postcodeunit/SA200LS,SA20 0LS,,,,other,Postcode,280231.500,240146.700,3500,18000,,,,,,,Cynghordy,http://data.ordnancesurvey.co.uk/id/4000000074563951,http://www.ordnancesurvey.co.uk/xml/codelists/localtype.xml#village,,,,Sir Gaerfyrddin - Carmarthenshire,http://data.ordnancesurvey.co.uk/id/7000000000025486,http://data.ordnancesurvey.co.uk/ontology/admingeo/UnitaryAuthority,Wales,http://data.ordnancesurvey.co.uk/id/7000000000041424,Wales,http://data.ordnancesurvey.co.uk/id/country/wales,,,
LD54RS,http://data.ordnancesurvey.co.uk/id/postcodeunit/LD54RS,LD5 4RS,,,,other,Postcode,288649.522,246614.921,3500,18000,,,,,,,Llanwrtyd Wells,http://data.ordnancesurvey.co.uk/id/4000000074563627,http://www.ordnancesurvey.co.uk/xml/codelists/localtype.xml#town,,,,Powys - Powys,http://data.ordnancesurvey.co.uk/id/7000000000025491,http://data.ordnancesurvey.co.uk/ontology/admingeo/UnitaryAuthority,Wales,http://data.ordnancesurvey.co.uk/id/7000000000041424,Wales,http://data.ordnancesurvey.co.uk/id/country/wales,,,
LD44AY,http://data.ordnancesurvey.co.uk/id/postcodeunit/LD44AY,LD4 4AY,,,,other,Postcode,296645.800,250012.000,3500,18000,,,,,,,,,,,,,Powys - Powys,http://data.ordnancesurvey.co.uk/id/7000000000025491,http://data.ordnancesurvey.co.uk/ontology/admingeo/UnitaryAuthority,Wales,http://data.ordnancesurvey.co.uk/id/7000000000041424,Wales,http://data.ordnancesurvey.co.uk/id/country/wales,,,
LD54UR,http://data.ordnancesurvey.co.uk/id/postcodeunit/LD54UR,LD5 4UR,,,,other,Postcode,292176.200,251237.700,3500,18000,,,,,,,Beulah,http://data.ordnancesurvey.co.uk/id/4000000074567568,http://www.ordnancesurvey.co.uk/xml/codelists/localtype.xml#village,,,,Powys - Powys,http://data.ordnancesurvey.co.uk/id/7000000000025491,http://data.ordnancesurvey.co.uk/ontology/admingeo/UnitaryAuthority,Wales,http://data.ordnancesurvey.co.uk/id/7000000000041424,Wales,http://data.ordnancesurvey.co.uk/id/country/wales,,,
LD54TN,http://data.ordnancesurvey.co.uk/id/postcodeunit/LD54TN,LD5 4TN,,,,other,Postcode,285694.100,250055.900,3500,18000,,,,,,,,,,,,,Powys - Powys,http://data.ordnancesurvey.co.uk/id/7000000000025491,http://data.ordnancesurvey.co.uk/ontology/admingeo/UnitaryAuthority,Wales,http://data.ordnancesurvey.co.uk/id/7000000000041424,Wales,http://data.ordnancesurvey.co.uk/id/country/wales,,,
LD54UB,http://data.ordnancesurvey.co.uk/id/postcodeunit/LD54UB,LD5 4UB,,,,other,Postcode,291875.200,251366.800,3500,18000,,,,,,,Beulah,http://data.ordnancesurvey.co.uk/id/4000000074567568,http://www.ordnancesurvey.co.uk/xml/codelists/localtype.xml#village,,,,Powys - Powys,http://data.ordnancesurvey.co.uk/id/7000000000025491,http://data.ordnancesurvey.co.uk/ontology/admingeo/UnitaryAuthority,Wales,http://data.ordnancesurvey.co.uk/id/7000000000041424,Wales,http://data.ordnancesurvey.co.uk/id/country/wales,,,
LD54RQ,http://data.ordnancesurvey.co.uk/id/postcodeunit/LD54RQ,LD5 4RQ,,,,other,Postcode,288173.200,246704.000,3500,18000,,,,,,,Llanwrtyd Wells,http://data.ordnancesurvey.co.uk/id/4000000074563627,http://www.ordnancesurvey.co.uk/xml/codelists/localtype.xml#town,,,,Powys - Powys,http://data.ordnancesurvey.co.uk/id/7000000000025491,http://data.ordnancesurvey.co.uk/ontology/admingeo/UnitaryAuthority,Wales,http://data.ordnancesurvey.co.uk/id/7000000000041424,Wales,http://data.ordnancesurvey.co.uk/id/country/wales,,,
LD44AP,http://data.ordnancesurvey.co.uk/id/postcodeunit/LD44AP,LD4 4AP,,,,other,Postcode,293553.690,251003.032,3500,18000,,,,,,,,,,,,,Powys - Powys,http://data.ordnancesurvey.co.uk/id/7000000000025491,http://data.ordnancesurvey.co.uk/ontology/admingeo/UnitaryAuthority,Wales,http://data.ordnancesurvey.co.uk/id/7000000000041424,Wales,http://data.ordnancesurvey.co.uk/id/country/wales,,,
LD44EP,http://data.ordnancesurvey.co.uk/id/postcodeunit/LD44EP,LD4 4EP,,,,other,Postcode,292920.600,246898.871,3500,18000,,,,,,,,,,,,,Powys - Powys,http://data.ordnancesurvey.co.uk/id/7000000000025491,http://data.ordnancesurvey.co.uk/ontology/admingeo/UnitaryAuthority,Wales,http://data.ordnancesurvey.co.uk/id/7000000000041424,Wales,http://data.ordnancesurvey.co.uk/id/country/wales,,,
SA200LW,http://data.ordnancesurvey.co.uk/id/postcodeunit/SA200LW,SA20 0LW,,,,other,Postcode,281109.922,241604.900,3500,18000,,,,,,,,,,,,,Sir Gaerfyrddin - Carmarthenshire,http://data.ordnancesurvey.co.uk/id/7000000000025486,http://data.ordnancesurvey.co.uk/ontology/admingeo/UnitaryAuthority,Wales,http://data.ordnancesurvey.co.uk/id/7000000000041424,Wales,http://data.ordnancesurvey.co.uk/id/country/wales,,,
LD44AN,http://data.ordnancesurvey.co.uk/id/postcodeunit/LD44AN,LD4 4AN,,,,other,Postcode,293268.233,249949.733,3500,18000,,,,,,,,,,,,,Powys - Powys,http://data.ordnancesurvey.co.uk/id/7000000000025491,http://data.ordnancesurvey.co.uk/ontology/admingeo/UnitaryAuthority,Wales,http://data.ordnancesurvey.co.uk/id/7000000000041424,Wales,http://data.ordnancesurvey.co.uk/id/country/wales,,,
LD54RL,http://data.ordnancesurvey.co.uk/id/postcodeunit/LD54RL,LD5 4RL,,,,other,Postcode,288075.500,246650.800,3500,18000,,,,,,,Llanwrtyd Wells,http://data.ordnancesurvey.co.uk/id/4000000074563627,http://www.ordnancesurvey.co.uk/xml/codelists/localtype.xml#town,,,,Powys - Powys,http://data.ordnancesurvey.co.uk/id/7000000000025491,http://data.ordnancesurvey.co.uk/ontology/admingeo/UnitaryAuthority,Wales,http://data.ordnancesurvey.co.uk/id/7000000000041424,Wales,http://data.ordnancesurvey.co.uk/id/country/wales,,,
LD44DF,http://data.ordnancesurvey.co.uk/id/postcodeunit/LD44DF,LD4 4DF,,,,other,Postcode,290524.500,247631.200,3500,18000,,,,,,,,,,,,,Powys - Powys,http://data.ordnancesurvey.co.uk/id/7000000000025491,http://data.ordnancesurvey.co.uk/ontology/admingeo/UnitaryAuthority,Wales,http://data.ordnancesurvey.co.uk/id/7000000000041424,Wales,http://data.ordnancesurvey.co.uk/id/country/wales,,,
LD44DL,http://data.ordnancesurvey.co.uk/id/postcodeunit/LD44DL,LD4 4DL,,,,other,Postcode,290448.200,245633.200,3500,18000,,,,,,,Cefn-gorwydd,http://data.ordnancesurvey.co.uk/id/4000000074563626,http://www.ordnancesurvey.co.uk/xml/codelists/localtype.xml#hamlet,,,,Powys - Powys,http://data.ordnancesurvey.co.uk/id/7000000000025491,http://data.ordnancesurvey.co.uk/ontology/admingeo/UnitaryAuthority,Wales,http://data.ordnancesurvey.co.uk/id/7000000000041424,Wales,http://data.ordnancesurvey.co.uk/id/country/wales,,,
SA200LT,http://data.ordnancesurvey.co.uk/id/postcodeunit/SA200LT,SA20 0LT,,,,other,Postcode,280199.100,240121.200,3500,18000,,,,,,,Cynghordy,http://data.ordnancesurvey.co.uk/id/4000000074563951,http://www.ordnancesurvey.co.uk/xml/codelists/localtype.xml#village,,,,Sir Gaerfyrddin - Carmarthenshire,http://data.ordnancesurvey.co.uk/id/7000000000025486,http://data.ordnancesurvey.co.uk/ontology/admingeo/UnitaryAuthority,Wales,http://data.ordnancesurvey.co.uk/id/7000000000041424,Wales,http://data.ordnancesurvey.co.uk/id/country/wales,,,
LD44BG,http://data.ordnancesurvey.co.uk/id/postcodeunit/LD44BG,LD4 4BG,,,,other,Postcode,296091.320,251178.400,3500,18000,,,,,,,,,,,,,Powys - Powys,http://data.ordnancesurvey.co.uk/id/7000000000025491,http://data.ordnancesurvey.co.uk/ontology/admingeo/UnitaryAuthority,Wales,http://data.ordnancesurvey.co.uk/id/7000000000041424,Wales,http://data.ordnancesurvey.co.uk/id/country/wales,,,
LD54RN,http://data.ordnancesurvey.co.uk/id/postcodeunit/LD54RN,LD5 4RN,,,,other,Postcode,288074.200,246577.400,3500,18000,,,,,,,Llanwrtyd Wells,http://data.ordnancesurvey.co.uk/id/4000000074563627,http://www.ordnancesurvey.co.uk/xml/codelists/localtype.xml#town,,,,Powys - Powys,http://data.ordnancesurvey.co.uk/id/7000000000025491,http://data.ordnancesurvey.co.uk/ontology/admingeo/UnitaryAuthority,Wales,http://data.ordnancesurvey.co.uk/id/7000000000041424,Wales,http://data.ordnancesurvey.co.uk/id/country/wales,,,
LD44DE,http://data.ordnancesurvey.co.uk/id/postcodeunit/LD44DE,LD4 4DE,,,,other,Postcode,290914.326,246994.323,3500,18000,,,,,,,,,,,,,Powys - Powys,http://data.ordnancesurvey.co.uk/id/7000000000025491,http://data.ordnancesurvey.co.uk/ontology/admingeo/UnitaryAuthority,Wales,http://data.ordnancesurvey.co.uk/id/7000000000041424,Wales,http://data.ordnancesurvey.co.uk/id/country/wales,,,
LD44AA,http://data.ordnancesurvey.co.uk/id/postcodeunit/LD44AA,LD4 4AA,,,,other,Postcode,293723.300,247623.500,3500,18000,,,,,,,,,,,,,Powys - Powys,http://data.ordnancesurvey.co.uk/id/7000000000025491,http://data.ordnancesurvey.co.uk/ontology/admingeo/UnitaryAuthority,Wales,http://data.ordnancesurvey.co.uk/id/7000000000041424,Wales,http://data.ordnancesurvey.co.uk/id/country/wales,,,
LD54RU,http://data.ordnancesurvey.co.uk/id/postcodeunit/LD54RU,LD5 4RU,,,,other,Postcode,288087.100,246712.300,3500,18000,,,,,,,Llanwrtyd Wells,http://data.ordnancesurvey.co.uk/id/4000000074563627,http://www.ordnancesurvey.co.uk/xml/codelists/localtype.xml#town,,,,Powys - Powys,http://data.ordnancesurvey.co.uk/id/7000000000025491,http://data.ordnancesurvey.co.uk/ontology/admingeo/UnitaryAuthority,Wales,http://data.ordnancesurvey.co.uk/id/7000000000041424,Wales,http://data.ordnancesurvey.co.uk/id/country/wales,,,
LD44EN,http://data.ordnancesurvey.co.uk/id/postcodeunit/LD44EN,LD4 4EN,,,,other,Postcode,293761.100,246807.600,3500,18000,,,,,,,,,,,,,Powys - Powys,http://data.ordnancesurvey.co.uk/id/7000000000025491,http://data.ordnancesurvey.co.uk/ontology/admingeo/UnitaryAuthority,Wales,http://data.ordnancesurvey.co.uk/id/7000000000041424,Wales,http://data.ordnancesurvey.co.uk/id/country/wales,,,
LD54YG,http://data.ordnancesurvey.co.uk/id/postcodeunit/LD54YG,LD5 4YG,,,,other,Postcode,290657.900,254110.800,3500,18000,,,,,,,,,,,,,Powys - Powys,http://data.ordnancesurvey.co.uk/id/7000000000025491,http://data.ordnancesurvey.co.uk/ontology/admingeo/UnitaryAuthority,Wales,http://data.ordnancesurvey.co.uk/id/7000000000041424,Wales,http://data.ordnancesurvey.co.uk/id/country/wales,,,
LD23LG,http://data.ordnancesurvey.co.uk/id/postcodeunit/LD23LG,LD2 3LG,,,,other,Postcode,299653.400,251358.800,3500,18000,,,,,,,,,,,,,Powys - Powys,http://data.ordnancesurvey.co.uk/id/7000000000025491,http://data.ordnancesurvey.co.uk/ontology/admingeo/UnitaryAuthority,Wales,http://data.ordnancesurvey.co.uk/id/7000000000041424,Wales,http://data.ordnancesurvey.co.uk/id/country/wales,,,
LD54AB,http://data.ordnancesurvey.co.uk/id/postcodeunit/LD54AB,LD5 4AB,,,,other,Postcode,288773.500,249802.500,3500,18000,,,,,,,,,,,,,Powys - Powys,http://data.ordnancesurvey.co.uk/id/7000000000025491,http://data.ordnancesurvey.co.uk/ontology/admingeo/UnitaryAuthority,Wales,http://data.ordnancesurvey.co.uk/id/7000000000041424,Wales,http://data.ordnancesurvey.co.uk/id/country/wales,,,
LD23SH,http://data.ordnancesurvey.co.uk/id/postcodeunit/LD23SH,LD2 3SH,,,,other,Postcode,298865.443,256936.914,3500,18000,,,,,,,,,,,,,Powys - Powys,http://data.ordnancesurvey.co.uk/id/7000000000025491,http://data.ordnancesurvey.co.uk/ontology/admingeo/UnitaryAuthority,Wales,http://data.ordnancesurvey.co.uk/id/7000000000041424,Wales,http://data.ordnancesurvey.co.uk/id/country/wales,,,
LD54YF,http://data.ordnancesurvey.co.uk/id/postcodeunit/LD54YF,LD5 4YF,,,,other,Postcode,291692.900,252118.700,3500,18000,,,,,,,,,,,,,Powys - Powys,http://data.ordnancesurvey.co.uk/id/7000000000025491,http://data.ordnancesurvey.co.uk/ontology/admingeo/UnitaryAuthority,Wales,http://data.ordnancesurvey.co.uk/id/7000000000041424,Wales,http://data.ordnancesurvey.co.uk/id/country/wales,,,
LD23PR,http://data.ordnancesurvey.co.uk/id/postcodeunit/LD23PR,LD2 3PR,,,,other,Postcode,299284.800,254889.200,3500,18000,,,,,,,,,,,,,Powys - Powys,http://data.ordnancesurvey.co.uk/id/7000000000025491,http://data.ordnancesurvey.co.uk/ontology/admingeo/UnitaryAuthority,Wales,http://data.ordnancesurvey.co.uk/id/7000000000041424,Wales,http://data.ordnancesurvey.co.uk/id/country/wales,,,
LD44EG,http://data.ordnancesurvey.co.uk/id/postcodeunit/LD44EG,LD4 4EG,,,,other,Postcode,293569.000,247146.300,3500,18000,,,,,,,Llangammarch Wells,http://data.ordnancesurvey.co.uk/id/4000000074563628,http://www.ordnancesurvey.co.uk/xml/codelists/localtype.xml#village,,,,Powys - Powys,http://data.ordnancesurvey.co.uk/id/7000000000025491,http://data.ordnancesurvey.co.uk/ontology/admingeo/UnitaryAuthority,Wales,http://data.ordnancesurvey.co.uk/id/7000000000041424,Wales,http://data.ordnancesurvey.co.uk/id/country/wales,,,
LD54UG,http://data.ordnancesurvey.co.uk/id/postcodeunit/LD54UG,LD5 4UG,,,,other,Postcode,290801.369,249452.674,3500,18000,,,,,,,,,,,,,Powys - Powys,http://data.ordnancesurvey.co.uk/id/7000000000025491,http://data.ordnancesurvey.co.uk/ontology/admingeo/UnitaryAuthority,Wales,http://data.ordnancesurvey.co.uk/id/7000000000041424,Wales,http://data.ordnancesurvey.co.uk/id/country/wales,,,
LD44AF,http://data.ordnancesurvey.co.uk/id/postcodeunit/LD44AF,LD4 4AF,,,,other,Postcode,295306.633,249463.111,3500,18000,,,,,,,Garth,http://data.ordnancesurvey.co.uk/id/4000000074563625,http://www.ordnancesurvey.co.uk/xml/codelists/localtype.xml#village,,,,Powys - Powys,http://data.ordnancesurvey.co.uk/id/7000000000025491,http://data.ordnancesurvey.co.uk/ontology/admingeo/UnitaryAuthority,Wales,http://data.ordnancesurvey.co.uk/id/7000000000041424,Wales,http://data.ordnancesurvey.co.uk/id/country/wales,,,
LD44AU,http://data.ordnancesurvey.co.uk/id/postcodeunit/LD44AU,LD4 4AU,,,,other,Postcode,295838.000,249990.500,3500,18000,,,,,,,,,,,,,Powys - Powys,http://data.ordnancesurvey.co.uk/id/7000000000025491,http://data.ordnancesurvey.co.uk/ontology/admingeo/UnitaryAuthority,Wales,http://data.ordnancesurvey.co.uk/id/7000000000041424,Wales,http://data.ordnancesurvey.co.uk/id/country/wales,,,
LD44DB,http://data.ordnancesurvey.co.uk/id/postcodeunit/LD44DB,LD4 4DB,,,,other,Postcode,291268.400,248432.200,3500,18000,,,,,,,,,,,,,Powys - Powys,http://data.ordnancesurvey.co.uk/id/7000000000025491,http://data.ordnancesurvey.co.uk/ontology/admingeo/UnitaryAuthority,Wales,http://data.ordnancesurvey.co.uk/id/7000000000041424,Wales,http://data.ordnancesurvey.co.uk/id/country/wales,,,
LD54RT,http://data.ordnancesurvey.co.uk/id/postcodeunit/LD54RT,LD5 4RT,,,,other,Postcode,288224.137,246828.895,3500,18000,,,,,,,Llanwrtyd Wells,http://data.ordnancesurvey.co.uk/id/4000000074563627,http://www.ordnancesurvey.co.uk/xml/codelists/localtype.xml#town,,,,Powys - Powys,http://data.ordnancesurvey.co.uk/id/7000000000025491,http://data.ordnancesurvey.co.uk/ontology/admingeo/UnitaryAuthority,Wales,http://data.ordnancesurvey.co.uk/id/7000000000041424,Wales,http://data.ordnancesurvey.co.uk/id/country/wales,,,
LD23LP,http://data.ordnancesurvey.co.uk/id/postcodeunit/LD23LP,LD2 3LP,,,,other,Postcode,293352.125,253629.300,3500,18000,,,,,,,,,,,,,Powys - Powys,http://data.ordnancesurvey.co.uk/id/7000000000025491,http://data.ordnancesurvey.co.uk/ontology/admingeo/UnitaryAuthority,Wales,http://data.ordnancesurvey.co.uk/id/7000000000041424,Wales,http://data.ordnancesurvey.co.uk/id/country/wales,,,
LD23PP,http://data.ordnancesurvey.co.uk/id/postcodeunit/LD23PP,LD2 3PP,,,,other,Postcode,298701.157,254745.014,3500,18000,,,,,,,,,,,,,Powys - Powys,http://data.ordnancesurvey.co.uk/id/7000000000025491,http://data.ordnancesurvey.co.uk/ontology/admingeo/UnitaryAuthority,Wales,http://data.ordnancesurvey.co.uk/id/7000000000041424,Wales,http://data.ordnancesurvey.co.uk/id/country/wales,,,
LD44DR,http://data.ordnancesurvey.co.uk/id/postcodeunit/LD44DR,LD4 4DR,,,,other,Postcode,287875.000,241301.000,3500,18000,,,,,,,Tirabad,http://data.ordnancesurvey.co.uk/id/4000000074563624,http://www.ordnancesurvey.co.uk/xml/codelists/localtype.xml#hamlet,,,,Powys - Powys,http://data.ordnancesurvey.co.uk/id/7000000000025491,http://data.ordnancesurvey.co.uk/ontology/admingeo/UnitaryAuthority,Wales,http://data.ordnancesurvey.co.uk/id/7000000000041424,Wales,http://data.ordnancesurvey.co.uk/id/country/wales,,,
LD54TB,http://data.ordnancesurvey.co.uk/id/postcodeunit/LD54TB,LD5 4TB,,,,other,Postcode,287964.100,246126.600,3500,18000,,,,,,,,,,,,,Powys - Powys,http://data.ordnancesurvey.co.uk/id/7000000000025491,http://data.ordnancesurvey.co.uk/ontology/admingeo/UnitaryAuthority,Wales,http://data.ordnancesurvey.co.uk/id/7000000000041424,Wales,http://data.ordnancesurvey.co.uk/id/country/wales,,,
LD44ED,http://data.ordnancesurvey.co.uk/id/postcodeunit/LD44ED,LD4 4ED,,,,other,Postcode,293543.700,247245.400,3500,18000,,,,,,,Llangammarch Wells,http://data.ordnancesurvey.co.uk/id/4000000074563628,http://www.ordnancesurvey.co.uk/xml/codelists/localtype.xml#village,,,,Powys - Powys,http://data.ordnancesurvey.co.uk/id/7000000000025491,http://data.ordnancesurvey.co.uk/ontology/admingeo/UnitaryAuthority,Wales,http://data.ordnancesurvey.co.uk/id/7000000000041424,Wales,http://data.ordnancesurvey.co.uk/id/country/wales,,,
LD54SN,http://data.ordnancesurvey.co.uk/id/postcodeunit/LD54SN,LD5 4SN,,,,other,Postcode,287592.750,247084.800,3500,18000,,,,,,,,,,,,,Powys - Powys,http://data.ordnancesurvey.co.uk/id/7000000000025491,http://data.ordnancesurvey.co.uk/ontology/admingeo/UnitaryAuthority,Wales,http://data.ordnancesurvey.co.uk/id/7000000000041424,Wales,http://data.ordnancesurvey.co.uk/id/country/wales,,,
LD54SR,http://data.ordnancesurvey.co.uk/id/postcodeunit/LD54SR,LD5 4SR,,,,other,Postcode,287852.900,246632.900,3500,18000,,,,,,,Llanwrtyd Wells,http://data.ordnancesurvey.co.uk/id/4000000074563627,http://www.ordnancesurvey.co.uk/xml/codelists/localtype.xml#town,,,,Powys - Powys,http://data.ordnancesurvey.co.uk/id/7000000000025491,http://data.ordnancesurvey.co.uk/ontology/admingeo/UnitaryAuthority,Wales,http://data.ordnancesurvey.co.uk/id/7000000000041424,Wales,http://data.ordnancesurvey.co.uk/id/country/wales,,,
LD54TS,http://data.ordnancesurvey.co.uk/id/postcodeunit/LD54TS,LD5 4TS,,,,other,Postcode,288470.971,253747.529,3500,18000,,,,,,,,,,,,,Powys - Powys,http://data.ordnancesurvey.co.uk/id/7000000000025491,http://data.ordnancesurvey.co.uk/ontology/admingeo/UnitaryAuthority,Wales,http://data.ordnancesurvey.co.uk/id/7000000000041424,Wales,http://data.ordnancesurvey.co.uk/id/country/wales,,,
LD54RR,http://data.ordnancesurvey.co.uk/id/postcodeunit/LD54RR,LD5 4RR,,,,other,Postcode,288913.967,246260.083,3500,18000,,,,,,,,,,,,,Powys - Powys,http://data.ordnancesurvey.co.uk/id/7000000000025491,http://data.ordnancesurvey.co.uk/ontology/admingeo/UnitaryAuthority,Wales,http://data.ordnancesurvey.co.uk/id/7000000000041424,Wales,http://data.ordnancesurvey.co.uk/id/country/wales,,,
LD44AL,http://data.ordnancesurvey.co.uk/id/postcodeunit/LD44AL,LD4 4AL,,,,other,Postcode,294541.400,249899.500,3500,18000,,,,,,,,,,,,,Powys - Powys,http://data.ordnancesurvey.co.uk/id/7000000000025491,http://data.ordnancesurvey.co.uk/ontology/admingeo/UnitaryAuthority,Wales,http://data.ordnancesurvey.co.uk/id/7000000000041424,Wales,http://data.ordnancesurvey.co.uk/id/country/wales,,,
LD23PH,http://data.ordnancesurvey.co.uk/id/postcodeunit/LD23PH,LD2 3PH,,,,other,Postcode,293577.300,255940.500,3500,18000,,,,,,,,,,,,,Powys - Powys,http://data.ordnancesurvey.co.uk/id/7000000000025491,http://data.ordnancesurvey.co.uk/ontology/admingeo/UnitaryAuthority,Wales,http://data.ordnancesurvey.co.uk/id/7000000000041424,Wales,http://data.ordnancesurvey.co.uk/id/country/wales,,,
LD54RD,http://data.ordnancesurvey.co.uk/id/postcodeunit/LD54RD,LD5 4RD,,,,other,Postcode,287900.900,246790.000,3500,18000,,,,,,,Llanwrtyd Wells,http://data.ordnancesurvey.co.uk/id/4000000074563627,http://www.ordnancesurvey.co.uk/xml/codelists/localtype.xml#town,,,,Powys - Powys,http://data.ordnancesurvey.co.uk/id/7000000000025491,http://data.ordnancesurvey.co.uk/ontology/admingeo/UnitaryAuthority,Wales,http://data.ordnancesurvey.co.uk/id/7000000000041424,Wales,http://data.ordnancesurvey.co.uk/id/country/wales,,,
LD54TL,http://data.ordnancesurvey.co.uk/id/postcodeunit/LD54TL,LD5 4TL,,,,other,Postcode,286519.800,248111.100,3500,18000,,,,,,,,,,,,,Powys - Powys,http://data.ordnancesurvey.co.uk/id/7000000000025491,http://data.ordnancesurvey.co.uk/ontology/admingeo/UnitaryAuthority,Wales,http://data.ordnancesurvey.co.uk/id/7000000000041424,Wales,http://data.ordnancesurvey.co.uk/id/country/wales,,,
LD23PW,http://data.ordnancesurvey.co.uk/id/postcodeunit/LD23PW,LD2 3PW,,,,other,Postcode,297196.217,256468.108,3500,18000,,,,,,,,,,,,,Powys - Powys,http://data.ordnancesurvey.co.uk/id/7000000000025491,http://data.ordnancesurvey.co.uk/ontology/admingeo/UnitaryAuthority,Wales,http://data.ordnancesurvey.co.uk/id/7000000000041424,Wales,http://data.ordnancesurvey.co.uk/id/country/wales,,,
SA200LH,http://data.ordnancesurvey.co.uk/id/postcodeunit/SA200LH,SA20 0LH,,,,other,Postcode,280979.299,240896.340,3500,18000,,,,,,,,,,,,,Sir Gaerfyrddin - Carmarthenshire,http://data.ordnancesurvey.co.uk/id/7000000000025486,http://data.ordnancesurvey.co.uk/ontology/admingeo/UnitaryAuthority,Wales,http://data.ordnancesurvey.co.uk/id/7000000000041424,Wales,http://data.ordnancesurvey.co.uk/id/country/wales,,,
LD23SF,http://data.ordnancesurvey.co.uk/id/postcodeunit/LD23SF,LD2 3SF,,,,other,Postcode,299595.200,254917.000,3500,18000,,,,,,,,,,,,,Powys - Powys,http://data.ordnancesurvey.co.uk/id/7000000000025491,http://data.ordnancesurvey.co.uk/ontology/admingeo/UnitaryAuthority,Wales,http://data.ordnancesurvey.co.uk/id/7000000000041424,Wales,http://data.ordnancesurvey.co.uk/id/country/wales,,,
SA200NB,http://data.ordnancesurvey.co.uk/id/postcodeunit/SA200NB,SA20 0NB,,,,other,Postcode,280554.000,243272.200,3500,18000,,,,,,,,,,,,,Sir Gaerfyrddin - Carmarthenshire,http://data.ordnancesurvey.co.uk/id/7000000000025486,http://data.ordnancesurvey.co.uk/ontology/admingeo/UnitaryAuthority,Wales,http://data.ordnancesurvey.co.uk/id/7000000000041424,Wales,http://data.ordnancesurvey.co.uk/id/country/wales,,,
LD44EE,http://data.ordnancesurvey.co.uk/id/postcodeunit/LD44EE,LD4 4EE,,,,other,Postcode,293549.500,247334.300,3500,18000,,,,,,,Llangammarch Wells,http://data.ordnancesurvey.co.uk/id/4000000074563628,http://www.ordnancesurvey.co.uk/xml/codelists/localtype.xml#village,,,,Powys - Powys,http://data.ordnancesurvey.co.uk/id/7000000000025491,http://data.ordnancesurvey.co.uk/ontology/admingeo/UnitaryAuthority,Wales,http://data.ordnancesurvey.co.uk/id/7000000000041424,Wales,http://data.ordnancesurvey.co.uk/id/country/wales,,,
LD44AR,http://data.ordnancesurvey.co.uk/id/postcodeunit/LD44AR,LD4 4AR,,,,other,Postcode,295393.200,249590.600,3500,18000,,,,,,,Garth,http://data.ordnancesurvey.co.uk/id/4000000074563625,http://www.ordnancesurvey.co.uk/xml/codelists/localtype.xml#village,,,,Powys - Powys,http://data.ordnancesurvey.co.uk/id/7000000000025491,http://data.ordnancesurvey.co.uk/ontology/admingeo/UnitaryAuthority,Wales,http://data.ordnancesurvey.co.uk/id/7000000000041424,Wales,http://data.ordnancesurvey.co.uk/id/country/wales,,,
LD54RF,http://data.ordnancesurvey.co.uk/id/postcodeunit/LD54RF,LD5 4RF,,,,other,Postcode,288001.800,246802.600,3500,18000,,,,,,,Llanwrtyd Wells,http://data.ordnancesurvey.co.uk/id/4000000074563627,http://www.ordnancesurvey.co.uk/xml/codelists/localtype.xml#town,,,,Powys - Powys,http://data.ordnancesurvey.co.uk/id/7000000000025491,http://data.ordnancesurvey.co.uk/ontology/admingeo/UnitaryAuthority,Wales,http://data.ordnancesurvey.co.uk/id/7000000000041424,Wales,http://data.ordnancesurvey.co.uk/id/country/wales,,,
LD54TD,http://data.ordnancesurvey.co.uk/id/postcodeunit/LD54TD,LD5 4TD,,,,other,Postcode,287816.200,244850.300,3500,18000,,,,,,,,,,,,,Powys - Powys,http://data.ordnancesurvey.co.uk/id/7000000000025491,http://data.ordnancesurvey.co.uk/ontology/admingeo/UnitaryAuthority,Wales,http://data.ordnancesurvey.co.uk/id/7000000000041424,Wales,http://data.ordnancesurvey.co.uk/id/country/wales,,,
LD23LS,http://data.ordnancesurvey.co.uk/id/postcodeunit/LD23LS,LD2 3LS,,,,other,Postcode,292145.000,254030.200,3500,18000,,,,,,,,,,,,,Powys - Powys,http://data.ordnancesurvey.co.uk/id/7000000000025491,http://data.ordnancesurvey.co.uk/ontology/admingeo/UnitaryAuthority,Wales,http://data.ordnancesurvey.co.uk/id/7000000000041424,Wales,http://data.ordnancesurvey.co.uk/id/country/wales,,,
SY256NR,http://data.ordnancesurvey.co.uk/id/postcodeunit/SY256NR,SY25 6NR,,,,other,Postcode,280684.500,256556.300,3500,18000,,,,,,,,,,,,,Powys - Powys,http://data.ordnancesurvey.co.uk/id/7000000000025491,http://data.ordnancesurvey.co.uk/ontology/admingeo/UnitaryAuthority,Wales,http://data.ordnancesurvey.co.uk/id/7000000000041424,Wales,http://data.ordnancesurvey.co.uk/id/country/wales,,,
LD44AG,http://data.ordnancesurvey.co.uk/id/postcodeunit/LD44AG,LD4 4AG,,,,other,Postcode,295020.500,249550.300,3500,18000,,,,,,,Garth,http://data.ordnancesurvey.co.uk/id/4000000074563625,http://www.ordnancesurvey.co.uk/xml/codelists/localtype.xml#village,,,,Powys - Powys,http://data.ordnancesurvey.co.uk/id/7000000000025491,http://data.ordnancesurvey.co.uk/ontology/admingeo/UnitaryAuthority,Wales,http://data.ordnancesurvey.co.uk/id/7000000000041424,Wales,http://data.ordnancesurvey.co.uk/id/country/wales,,,
LD54RH,http://data.ordnancesurvey.co.uk/id/postcodeunit/LD54RH,LD5 4RH,,,,other,Postcode,287941.500,246675.700,3500,18000,,,,,,,Llanwrtyd Wells,http://data.ordnancesurvey.co.uk/id/4000000074563627,http://www.ordnancesurvey.co.uk/xml/codelists/localtype.xml#town,,,,Powys - Powys,http://data.ordnancesurvey.co.uk/id/7000000000025491,http://data.ordnancesurvey.co.uk/ontology/admingeo/UnitaryAuthority,Wales,http://data.ordnancesurvey.co.uk/id/7000000000041424,Wales,http://data.ordnancesurvey.co.uk/id/country/wales,,,
LD54UH,http://data.ordnancesurvey.co.uk/id/postcodeunit/LD54UH,LD5 4UH,,,,other,Postcode,291077.100,250306.300,3500,18000,,,,,,,,,,,,,Powys - Powys,http://data.ordnancesurvey.co.uk/id/7000000000025491,http://data.ordnancesurvey.co.uk/ontology/admingeo/UnitaryAuthority,Wales,http://data.ordnancesurvey.co.uk/id/7000000000041424,Wales,http://data.ordnancesurvey.co.uk/id/country/wales,,,
LD44DP,http://data.ordnancesurvey.co.uk/id/postcodeunit/LD44DP,LD4 4DP,,,,other,Postcode,289287.900,244681.800,3500,18000,,,,,,,,,,,,,Powys - Powys,http://data.ordnancesurvey.co.uk/id/7000000000025491,http://data.ordnancesurvey.co.uk/ontology/admingeo/UnitaryAuthority,Wales,http://data.ordnancesurvey.co.uk/id/7000000000041424,Wales,http://data.ordnancesurvey.co.uk/id/country/wales,,,
LD44BY,http://data.ordnancesurvey.co.uk/id/postcodeunit/LD44BY,LD4 4BY,,,,other,Postcode,293367.100,247361.200,3500,18000,,,,,,,Llangammarch Wells,http://data.ordnancesurvey.co.uk/id/4000000074563628,http://www.ordnancesurvey.co.uk/xml/codelists/localtype.xml#village,,,,Powys - Powys,http://data.ordnancesurvey.co.uk/id/7000000000025491,http://data.ordnancesurvey.co.uk/ontology/admingeo/UnitaryAuthority,Wales,http://data.ordnancesurvey.co.uk/id/7000000000041424,Wales,http://data.ordnancesurvey.co.uk/id/country/wales,,,
LD23PB,http://data.ordnancesurvey.co.uk/id/postcodeunit/LD23PB,LD2 3PB,,,,other,Postcode,299573.392,252160.856,3500,18000,,,,,,,,,,,,,Powys - Powys,http://data.ordnancesurvey.co.uk/id/7000000000025491,http://data.ordnancesurvey.co.uk/ontology/admingeo/UnitaryAuthority,Wales,http://data.ordnancesurvey.co.uk/id/7000000000041424,Wales,http://data.ordnancesurvey.co.uk/id/country/wales,,,
LD44AB,http://data.ordnancesurvey.co.uk/id/postcodeunit/LD44AB,LD4 4AB,,,,other,Postcode,295037.700,248945.500,3500,18000,,,,,,,,,,,,,Powys - Powys,http://data.ordnancesurvey.co.uk/id/7000000000025491,http://data.ordnancesurvey.co.uk/ontology/admingeo/UnitaryAuthority,Wales,http://data.ordnancesurvey.co.uk/id/7000000000041424,Wales,http://data.ordnancesurvey.co.uk/id/country/wales,,,
LD44BS,http://data.ordnancesurvey.co.uk/id/postcodeunit/LD44BS,LD4 4BS,,,,other,Postcode,294400.800,247414.300,3500,18000,,,,,,,,,,,,,Powys - Powys,http://data.ordnancesurvey.co.uk/id/7000000000025491,http://data.ordnancesurvey.co.uk/ontology/admingeo/UnitaryAuthority,Wales,http://data.ordnancesurvey.co.uk/id/7000000000041424,Wales,http://data.ordnancesurvey.co.uk/id/country/wales,,,
LD23PE,http://data.ordnancesurvey.co.uk/id/postcodeunit/LD23PE,LD2 3PE,,,,other,Postcode,296404.529,253401.059,3500,18000,,,,,,,,,,,,,Powys - Powys,http://data.ordnancesurvey.co.uk/id/7000000000025491,http://data.ordnancesurvey.co.uk/ontology/admingeo/UnitaryAuthority,Wales,http://data.ordnancesurvey.co.uk/id/7000000000041424,Wales,http://data.ordnancesurvey.co.uk/id/country/wales,,,
LD23HW,http://data.ordnancesurvey.co.uk/id/postcodeunit/LD23HW,LD2 3HW,,,,other,Postcode,298361.700,249298.700,3500,18000,,,,,,,,,,,,,Powys - Powys,http://data.ordnancesurvey.co.uk/id/7000000000025491,http://data.ordnancesurvey.co.uk/ontology/admingeo/UnitaryAuthority,Wales,http://data.ordnancesurvey.co.uk/id/7000000000041424,Wales,http://data.ordnancesurvey.co.uk/id/country/wales,,,
LD44AS,http://data.ordnancesurvey.co.uk/id/postcodeunit/LD44AS,LD4 4AS,,,,other,Postcode,295471.300,249722.391,3500,18000,,,,,,,Garth,http://data.ordnancesurvey.co.uk/id/4000000074563625,http://www.ordnancesurvey.co.uk/xml/codelists/localtype.xml#village,,,,Powys - Powys,http://data.ordnancesurvey.co.uk/id/7000000000025491,http://data.ordnancesurvey.co.uk/ontology/admingeo/UnitaryAuthority,Wales,http://data.ordnancesurvey.co.uk/id/7000000000041424,Wales,http://data.ordnancesurvey.co.uk/id/country/wales,,,
LD54AD,http://data.ordnancesurvey.co.uk/id/postcodeunit/LD54AD,LD5 4AD,,,,other,Postcode,286017.088,247912.375,3500,18000,,,,,,,,,,,,,Powys - Powys,http://data.ordnancesurvey.co.uk/id/7000000000025491,http://data.ordnancesurvey.co.uk/ontology/admingeo/UnitaryAuthority,Wales,http://data.ordnancesurvey.co.uk/id/7000000000041424,Wales,http://data.ordnancesurvey.co.uk/id/country/wales,,,
LD23NA,http://data.ordnancesurvey.co.uk/id/postcodeunit/LD23NA,LD2 3NA,,,,other,Postcode,295343.000,253407.600,3500,18000,,,,,,,Troedrhiwdalar,http://data.ordnancesurvey.co.uk/id/4000000074567567,http://www.ordnancesurvey.co.uk/xml/codelists/localtype.xml#hamlet,,,,Powys - Powys,http://data.ordnancesurvey.co.uk/id/7000000000025491,http://data.ordnancesurvey.co.uk/ontology/admingeo/UnitaryAuthority,Wales,http://data.ordnancesurvey.co.uk/id/7000000000041424,Wales,http://data.ordnancesurvey.co.uk/id/country/wales,,,
LD54RA,http://data.ordnancesurvey.co.uk/id/postcodeunit/LD54RA,LD5 4RA,,,,other,Postcode,287797.500,246757.300,3500,18000,,,,,,,Llanwrtyd Wells,http://data.ordnancesurvey.co.uk/id/4000000074563627,http://www.ordnancesurvey.co.uk/xml/codelists/localtype.xml#town,,,,Powys - Powys,http://data.ordnancesurvey.co.uk/id/7000000000025491,http://data.ordnancesurvey.co.uk/ontology/admingeo/UnitaryAuthority,Wales,http://data.ordnancesurvey.co.uk/id/7000000000041424,Wales,http://data.ordnancesurvey.co.uk/id/country/wales,,,
osgb4000000017350537,http://data.ordnancesurvey.co.uk/id/osgb4000000017350537,B4358,,,,transportNetwork,Numbered Road,297780.000,256298.800,75000,250000,292072.903,251271.410,303537.730,261059.552,LD2,http://data.ordnancesurvey.co.uk/id/postcodedistrict/LD2,,,,,,,Powys - Powys,http://data.ordnancesurvey.co.uk/id/7000000000025491,http://data.ordnancesurvey.co.uk/ontology/admingeo/UnitaryAuthority,Wales,http://data.ordnancesurvey.co.uk/id/7000000000041424,Wales,http://data.ordnancesurvey.co.uk/id/country/wales,,,
osgb4000000017373337,http://data.ordnancesurvey.co.uk/id/osgb4000000017373337,Victoria Square,,,,transportNetwork,Named Road,287810.404,246694.209,1000,20000,287810.404,246662.166,287833.742,246694.209,LD5,http://data.ordnancesurvey.co.uk/id/postcodedistrict/LD5,Llanwrtyd Wells,http://data.ordnancesurvey.co.uk/id/4000000074563627,http://www.ordnancesurvey.co.uk/xml/codelists/localtype.xml#town,,,,Powys - Powys,http://data.ordnancesurvey.co.uk/id/7000000000025491,http://data.ordnancesurvey.co.uk/ontology/admingeo/UnitaryAuthority,Wales,http://data.ordnancesurvey.co.uk/id/7000000000041424,Wales,http://data.ordnancesurvey.co.uk/id/country/wales,,,
osgb4000000017333420,http://data.ordnancesurvey.co.uk/id/osgb4000000017333420,Beulah Road,,,,transportNetwork,Named Road,288162.068,246960.630,3000,20000,287954.441,246732.294,288306.383,247219.023,LD5,http://data.ordnancesurvey.co.uk/id/postcodedistrict/LD5,Llanwrtyd Wells,http://data.ordnancesurvey.co.uk/id/4000000074563627,http://www.ordnancesurvey.co.uk/xml/codelists/localtype.xml#town,,,,Powys - Powys,http://data.ordnancesurvey.co.uk/id/7000000000025491,http://data.ordnancesurvey.co.uk/ontology/admingeo/UnitaryAuthority,Wales,http://data.ordnancesurvey.co.uk/id/7000000000041424,Wales,http://data.ordnancesurvey.co.uk/id/country/wales,,,
osgb4000000017350536,http://data.ordnancesurvey.co.uk/id/osgb4000000017350536,B4519,,,,transportNetwork,Numbered Road,298133.000,245559.000,55000,250000,295446.018,241182.711,300639.872,249619.344,LD2,http://data.ordnancesurvey.co.uk/id/postcodedistrict/LD2,,,,,,,Powys - Powys,http://data.ordnancesurvey.co.uk/id/7000000000025491,http://data.ordnancesurvey.co.uk/ontology/admingeo/UnitaryAuthority,Wales,http://data.ordnancesurvey.co.uk/id/7000000000041424,Wales,http://data.ordnancesurvey.co.uk/id/country/wales,,,
b0ad3adf-7299-41eb-98c0-f4f3157b120f,http://data.ordnancesurvey.co.uk/id/b0ad3adf-7299-41eb-98c0-f4f3157b120f,Llandovery Road,,,,transportNetwork,Section Of Named Road,287538.424,246274.069,3000,25000,287327.309,246148.247,287727.471,246410.183,LD5,http://data.ordnancesurvey.co.uk/id/postcodedistrict/LD5,Llanwrtyd Wells,http://data.ordnancesurvey.co.uk/id/4000000074563627,http://www.ordnancesurvey.co.uk/xml/codelists/localtype.xml#town,,,,Powys - Powys,http://data.ordnancesurvey.co.uk/id/7000000000025491,http://data.ordnancesurvey.co.uk/ontology/admingeo/UnitaryAuthority,Wales,http://data.ordnancesurvey.co.uk/id/7000000000041424,Wales,http://data.ordnancesurvey.co.uk/id/country/wales,osgb4000000017332246,,
osgb4000000017332247,http://data.ordnancesurvey.co.uk/id/osgb4000000017332247,Station Road,,,,transportNetwork,Named Road,288392.542,246456.102,5000,20000,287950.997,246435.719,288777.624,246667.031,LD5,http://data.ordnancesurvey.co.uk/id/postcodedistrict/LD5,Llanwrtyd Wells,http://data.ordnancesurvey.co.uk/id/4000000074563627,http://www.ordnancesurvey.co.uk/xml/codelists/localtype.xml#town,,,,Powys - Powys,http://data.ordnancesurvey.co.uk/id/7000000000025491,http://data.ordnancesurvey.co.uk/ontology/admingeo/UnitaryAuthority,Wales,http://data.ordnancesurvey.co.uk/id/7000000000041424,Wales,http://data.ordnancesurvey.co.uk/id/country/wales,,,
7bc4da05-46a7-4aaa-a934-26d16e7371e7,http://data.ordnancesurvey.co.uk/id/7bc4da05-46a7-4aaa-a934-26d16e7371e7,Beulah Road,,,,transportNetwork,Section Of Named Road,288070.419,246859.783,2000,25000,287954.441,246732.294,288208.855,247024.270,LD5,http://data.ordnancesurvey.co.uk/id/postcodedistrict/LD5,Llanwrtyd Wells,http://data.ordnancesurvey.co.uk/id/4000000074563627,http://www.ordnancesurvey.co.uk/xml/codelists/localtype.xml#town,,,,Powys - Powys,http://data.ordnancesurvey.co.uk/id/7000000000025491,http://data.ordnancesurvey.co.uk/ontology/admingeo/UnitaryAuthority,Wales,http://data.ordnancesurvey.co.uk/id/7000000000041424,Wales,http://data.ordnancesurvey.co.uk/id/country/wales,osgb4000000017333420,,
osgb4000000017332246,http://data.ordnancesurvey.co.uk/id/osgb4000000017332246,Llandovery Road,,,,transportNetwork,Named Road,287490.420,246238.410,4000,20000,287184.786,246148.247,287727.471,246410.183,LD5,http://data.ordnancesurvey.co.uk/id/postcodedistrict/LD5,Llanwrtyd Wells,http://data.ordnancesurvey.co.uk/id/4000000074563627,http://www.ordnancesurvey.co.uk/xml/codelists/localtype.xml#town,,,,Powys - Powys,http://data.ordnancesurvey.co.uk/id/7000000000025491,http://data.ordnancesurvey.co.uk/ontology/admingeo/UnitaryAuthority,Wales,http://data.ordnancesurvey.co.uk/id/7000000000041424,Wales,http://data.ordnancesurvey.co.uk/id/country/wales,,,
osgb4000000017333421,http://data.ordnancesurvey.co.uk/id/osgb4000000017333421,Irfon Crescent,,,,transportNetwork,Named Road,287778.950,246543.340,2000,20000,287727.471,246410.183,287850.839,246683.748,LD5,http://data.ordnancesurvey.co.uk/id/postcodedistrict/LD5,Llanwrtyd Wells,http://data.ordnancesurvey.co.uk/id/4000000074563627,http://www.ordnancesurvey.co.uk/xml/codelists/localtype.xml#town,,,,Powys - Powys,http://data.ordnancesurvey.co.uk/id/7000000000025491,http://data.ordnancesurvey.co.uk/ontology/admingeo/UnitaryAuthority,Wales,http://data.ordnancesurvey.co.uk/id/7000000000041424,Wales,http://data.ordnancesurvey.co.uk/id/country/wales,,,
osgb4000000017388035,http://data.ordnancesurvey.co.uk/id/osgb4000000017388035,Pen Y Bryn,,,,transportNetwork,Named Road,293607.980,247546.263,1000,20000,293604.969,247534.887,293637.559,247572.226,LD4,http://data.ordnancesurvey.co.uk/id/postcodedistrict/LD4,Llangammarch Wells,http://data.ordnancesurvey.co.uk/id/4000000074563628,http://www.ordnancesurvey.co.uk/xml/codelists/localtype.xml#village,,,,Powys - Powys,http://data.ordnancesurvey.co.uk/id/7000000000025491,http://data.ordnancesurvey.co.uk/ontology/admingeo/UnitaryAuthority,Wales,http://data.ordnancesurvey.co.uk/id/7000000000041424,Wales,http://data.ordnancesurvey.co.uk/id/country/wales,,,
osgb4000000017387309,http://data.ordnancesurvey.co.uk/id/osgb4000000017387309,Tai Cae Mawr,,,,transportNetwork,Named Road,288261.266,246702.141,1000,20000,288173.159,246583.154,288322.743,246742.654,LD5,http://data.ordnancesurvey.co.uk/id/postcodedistrict/LD5,Llanwrtyd Wells,http://data.ordnancesurvey.co.uk/id/4000000074563627,http://www.ordnancesurvey.co.uk/xml/codelists/localtype.xml#town,,,,Powys - Powys,http://data.ordnancesurvey.co.uk/id/7000000000025491,http://data.ordnancesurvey.co.uk/ontology/admingeo/UnitaryAuthority,Wales,http://data.ordnancesurvey.co.uk/id/7000000000041424,Wales,http://data.ordnancesurvey.co.uk/id/country/wales,,,
osgb4000000017387559,http://data.ordnancesurvey.co.uk/id/osgb4000000017387559,Dan-Yr-Eppynt,,,,transportNetwork,Named Road,287877.298,241291.826,1000,20000,287763.000,241222.132,287902.594,241376.000,LD4,http://data.ordnancesurvey.co.uk/id/postcodedistrict/LD4,Tirabad,http://data.ordnancesurvey.co.uk/id/4000000074563624,http://www.ordnancesurvey.co.uk/xml/codelists/localtype.xml#hamlet,,,,Powys - Powys,http://data.ordnancesurvey.co.uk/id/7000000000025491,http://data.ordnancesurvey.co.uk/ontology/admingeo/UnitaryAuthority,Wales,http://data.ordnancesurvey.co.uk/id/7000000000041424,Wales,http://data.ordnancesurvey.co.uk/id/country/wales,,,
osgb4000000017387308,http://data.ordnancesurvey.co.uk/id/osgb4000000017387308,Erw Haf,,,,transportNetwork,Named Road,288222.500,246799.867,1000,20000,288150.569,246738.819,288282.084,246869.423,LD5,http://data.ordnancesurvey.co.uk/id/postcodedistrict/LD5,Llanwrtyd Wells,http://data.ordnancesurvey.co.uk/id/4000000074563627,http://www.ordnancesurvey.co.uk/xml/codelists/localtype.xml#town,,,,Powys - Powys,http://data.ordnancesurvey.co.uk/id/7000000000025491,http://data.ordnancesurvey.co.uk/ontology/admingeo/UnitaryAuthority,Wales,http://data.ordnancesurvey.co.uk/id/7000000000041424,Wales,http://data.ordnancesurvey.co.uk/id/country/wales,,,
osgb4000000017333423,http://data.ordnancesurvey.co.uk/id/osgb4000000017333423,Victoria Road,,,,transportNetwork,Named Road,287641.256,246646.195,2000,20000,287492.064,246605.333,287801.000,246730.186,LD5,http://data.ordnancesurvey.co.uk/id/postcodedistrict/LD5,Llanwrtyd Wells,http://data.ordnancesurvey.co.uk/id/4000000074563627,http://www.ordnancesurvey.co.uk/xml/codelists/localtype.xml#town,,,,Powys - Powys,http://data.ordnancesurvey.co.uk/id/7000000000025491,http://data.ordnancesurvey.co.uk/ontology/admingeo/UnitaryAuthority,Wales,http://data.ordnancesurvey.co.uk/id/7000000000041424,Wales,http://data.ordnancesurvey.co.uk/id/country/wales,,,
65ac34f0-d8ff-4647-aaa8-004510d6b869,http://data.ordnancesurvey.co.uk/id/65ac34f0-d8ff-4647-aaa8-004510d6b869,Bronhaul,,,,transportNetwork,Section Of Named Road,280191.379,240110.499,1000,25000,280160.081,240054.451,280234.492,240193.370,SA20,http://data.ordnancesurvey.co.uk/id/postcodedistrict/SA20,Cynghordy,http://data.ordnancesurvey.co.uk/id/4000000074563951,http://www.ordnancesurvey.co.uk/xml/codelists/localtype.xml#village,,,,Sir Gaerfyrddin - Carmarthenshire,http://data.ordnancesurvey.co.uk/id/7000000000025486,http://data.ordnancesurvey.co.uk/ontology/admingeo/UnitaryAuthority,Wales,http://data.ordnancesurvey.co.uk/id/7000000000041424,Wales,http://data.ordnancesurvey.co.uk/id/country/wales,osgb4000000017388055,,
osgb4000000017334568,http://data.ordnancesurvey.co.uk/id/osgb4000000017334568,Zion Street,,,,transportNetwork,Named Road,287907.298,246772.868,1000,20000,287878.902,246720.299,287966.237,246817.900,LD5,http://data.ordnancesurvey.co.uk/id/postcodedistrict/LD5,Llanwrtyd Wells,http://data.ordnancesurvey.co.uk/id/4000000074563627,http://www.ordnancesurvey.co.uk/xml/codelists/localtype.xml#town,,,,Powys - Powys,http://data.ordnancesurvey.co.uk/id/7000000000025491,http://data.ordnancesurvey.co.uk/ontology/admingeo/UnitaryAuthority,Wales,http://data.ordnancesurvey.co.uk/id/7000000000041424,Wales,http://data.ordnancesurvey.co.uk/id/country/wales,,,
osgb4000000017331537,http://data.ordnancesurvey.co.uk/id/osgb4000000017331537,Ffoss Road,,,,transportNetwork,Named Road,288381.545,246724.643,6000,20000,287878.902,246519.130,288781.807,246760.000,LD5,http://data.ordnancesurvey.co.uk/id/postcodedistrict/LD5,Llanwrtyd Wells,http://data.ordnancesurvey.co.uk/id/4000000074563627,http://www.ordnancesurvey.co.uk/xml/codelists/localtype.xml#town,,,,Powys - Powys,http://data.ordnancesurvey.co.uk/id/7000000000025491,http://data.ordnancesurvey.co.uk/ontology/admingeo/UnitaryAuthority,Wales,http://data.ordnancesurvey.co.uk/id/7000000000041424,Wales,http://data.ordnancesurvey.co.uk/id/country/wales,,,
osgb4000000017387310,http://data.ordnancesurvey.co.uk/id/osgb4000000017387310,Berthllwyd,,,,transportNetwork,Named Road,288083.000,246637.000,1000,20000,288055.771,246604.759,288132.625,246666.000,LD5,http://data.ordnancesurvey.co.uk/id/postcodedistrict/LD5,Llanwrtyd Wells,http://data.ordnancesurvey.co.uk/id/4000000074563627,http://www.ordnancesurvey.co.uk/xml/codelists/localtype.xml#town,,,,Powys - Powys,http://data.ordnancesurvey.co.uk/id/7000000000025491,http://data.ordnancesurvey.co.uk/ontology/admingeo/UnitaryAuthority,Wales,http://data.ordnancesurvey.co.uk/id/7000000000041424,Wales,http://data.ordnancesurvey.co.uk/id/country/wales,,,
osgb4000000017335069,http://data.ordnancesurvey.co.uk/id/osgb4000000017335069,Layton Close,,,,transportNetwork,Named Road,288069.610,246589.368,1000,20000,288064.909,246576.562,288074.565,246601.882,LD5,http://data.ordnancesurvey.co.uk/id/postcodedistrict/LD5,Llanwrtyd Wells,http://data.ordnancesurvey.co.uk/id/4000000074563627,http://www.ordnancesurvey.co.uk/xml/codelists/localtype.xml#town,,,,Powys - Powys,http://data.ordnancesurvey.co.uk/id/7000000000025491,http://data.ordnancesurvey.co.uk/ontology/admingeo/UnitaryAuthority,Wales,http://data.ordnancesurvey.co.uk/id/7000000000041424,Wales,http://data.ordnancesurvey.co.uk/id/country/wales,,,
osgb4000000017393410,http://data.ordnancesurvey.co.uk/id/osgb4000000017393410,Brynawelon,,,,transportNetwork,Named Road,288090.792,246720.344,1000,20000,288054.880,246713.034,288134.014,246755.179,LD5,http://data.ordnancesurvey.co.uk/id/postcodedistrict/LD5,Llanwrtyd Wells,http://data.ordnancesurvey.co.uk/id/4000000074563627,http://www.ordnancesurvey.co.uk/xml/codelists/localtype.xml#town,,,,Powys - Powys,http://data.ordnancesurvey.co.uk/id/7000000000025491,http://data.ordnancesurvey.co.uk/ontology/admingeo/UnitaryAuthority,Wales,http://data.ordnancesurvey.co.uk/id/7000000000041424,Wales,http://data.ordnancesurvey.co.uk/id/country/wales,,,
osgb4000000017333422,http://data.ordnancesurvey.co.uk/id/osgb4000000017333422,Irfon Terrace,,,,transportNetwork,Named Road,288000.200,246632.943,1000,20000,287897.712,246593.514,288096.919,246719.022,LD5,http://data.ordnancesurvey.co.uk/id/postcodedistrict/LD5,Llanwrtyd Wells,http://data.ordnancesurvey.co.uk/id/4000000074563627,http://www.ordnancesurvey.co.uk/xml/codelists/localtype.xml#town,,,,Powys - Powys,http://data.ordnancesurvey.co.uk/id/7000000000025491,http://data.ordnancesurvey.co.uk/ontology/admingeo/UnitaryAuthority,Wales,http://data.ordnancesurvey.co.uk/id/7000000000041424,Wales,http://data.ordnancesurvey.co.uk/id/country/wales,,,
osgb4000000017388055,http://data.ordnancesurvey.co.uk/id/osgb4000000017388055,Bronhaul,,,,transportNetwork,Named Road,280191.379,240110.499,1000,20000,280152.508,240035.383,280234.492,240193.370,SA20,http://data.ordnancesurvey.co.uk/id/postcodedistrict/SA20,Cynghordy,http://data.ordnancesurvey.co.uk/id/4000000074563951,http://www.ordnancesurvey.co.uk/xml/codelists/localtype.xml#village,,,,Sir Gaerfyrddin - Carmarthenshire,http://data.ordnancesurvey.co.uk/id/7000000000025486,http://data.ordnancesurvey.co.uk/ontology/admingeo/UnitaryAuthority,Wales,http://data.ordnancesurvey.co.uk/id/7000000000041424,Wales,http://data.ordnancesurvey.co.uk/id/country/wales,,,
9692c7b6-0b1e-4387-878d-c26a58e43317,http://data.ordnancesurvey.co.uk/id/9692c7b6-0b1e-4387-878d-c26a58e43317,A483,,,,transportNetwork,Section Of Numbered Road,287782.946,246557.255,6000,25000,287404.014,246109.962,288208.855,247024.270,LD5,http://data.ordnancesurvey.co.uk/id/postcodedistrict/LD5,Llanwrtyd Wells,http://data.ordnancesurvey.co.uk/id/4000000074563627,http://www.ordnancesurvey.co.uk/xml/codelists/localtype.xml#town,,,,Powys - Powys,http://data.ordnancesurvey.co.uk/id/7000000000025491,http://data.ordnancesurvey.co.uk/ontology/admingeo/UnitaryAuthority,Wales,http://data.ordnancesurvey.co.uk/id/7000000000041424,Wales,http://data.ordnancesurvey.co.uk/id/country/wales,osgb5000005159227717,,
LD54ST,http://data.ordnancesurvey.co.uk/id/postcodeunit/LD54ST,LD5 4ST,,,,other,Postcode,287801.231,246599.934,3500,18000,,,,,,,Llanwrtyd Wells,http://data.ordnancesurvey.co.uk/id/4000000074563627,http://www.ordnancesurvey.co.uk/xml/codelists/localtype.xml#town,,,,Powys - Powys,http://data.ordnancesurvey.co.uk/id/7000000000025491,http://data.ordnancesurvey.co.uk/ontology/admingeo/UnitaryAuthority,Wales,http://data.ordnancesurvey.co.uk/id/7000000000041424,Wales,http://data.ordnancesurvey.co.uk/id/country/wales,,,
LD54UT,http://data.ordnancesurvey.co.uk/id/postcodeunit/LD54UT,LD5 4UT,,,,other,Postcode,292188.100,251226.600,3500,18000,,,,,,,Beulah,http://data.ordnancesurvey.co.uk/id/4000000074567568,http://www.ordnancesurvey.co.uk/xml/codelists/localtype.xml#village,,,,Powys - Powys,http://data.ordnancesurvey.co.uk/id/7000000000025491,http://data.ordnancesurvey.co.uk/ontology/admingeo/UnitaryAuthority,Wales,http://data.ordnancesurvey.co.uk/id/7000000000041424,Wales,http://data.ordnancesurvey.co.uk/id/country/wales,,,
LD54RP,http://data.ordnancesurvey.co.uk/id/postcodeunit/LD54RP,LD5 4RP,,,,other,Postcode,288352.533,246448.117,3500,18000,,,,,,,Llanwrtyd Wells,http://data.ordnancesurvey.co.uk/id/4000000074563627,http://www.ordnancesurvey.co.uk/xml/codelists/localtype.xml#town,,,,Powys - Powys,http://data.ordnancesurvey.co.uk/id/7000000000025491,http://data.ordnancesurvey.co.uk/ontology/admingeo/UnitaryAuthority,Wales,http://data.ordnancesurvey.co.uk/id/7000000000041424,Wales,http://data.ordnancesurvey.co.uk/id/country/wales,,,
LD54SP,http://data.ordnancesurvey.co.uk/id/postcodeunit/LD54SP,LD5 4SP,,,,other,Postcode,287852.700,246671.200,3500,18000,,,,,,,Llanwrtyd Wells,http://data.ordnancesurvey.co.uk/id/4000000074563627,http://www.ordnancesurvey.co.uk/xml/codelists/localtype.xml#town,,,,Powys - Powys,http://data.ordnancesurvey.co.uk/id/7000000000025491,http://data.ordnancesurvey.co.uk/ontology/admingeo/UnitaryAuthority,Wales,http://data.ordnancesurvey.co.uk/id/7000000000041424,Wales,http://data.ordnancesurvey.co.uk/id/country/wales,,,
LD44DN,http://data.ordnancesurvey.co.uk/id/postcodeunit/LD44DN,LD4 4DN,,,,other,Postcode,290262.500,245561.200,3500,18000,,,,,,,Cefn-gorwydd,http://data.ordnancesurvey.co.uk/id/4000000074563626,http://www.ordnancesurvey.co.uk/xml/codelists/localtype.xml#hamlet,,,,Powys - Powys,http://data.ordnancesurvey.co.uk/id/7000000000025491,http://data.ordnancesurvey.co.uk/ontology/admingeo/UnitaryAuthority,Wales,http://data.ordnancesurvey.co.uk/id/7000000000041424,Wales,http://data.ordnancesurvey.co.uk/id/country/wales,,,
LD44BA,http://data.ordnancesurvey.co.uk/id/postcodeunit/LD44BA,LD4 4BA,,,,other,Postcode,297868.300,250441.400,3500,18000,,,,,,,Llanfechan,http://data.ordnancesurvey.co.uk/id/4000000074319900,http://www.ordnancesurvey.co.uk/xml/codelists/localtype.xml#hamlet,,,,Powys - Powys,http://data.ordnancesurvey.co.uk/id/7000000000025491,http://data.ordnancesurvey.co.uk/ontology/admingeo/UnitaryAuthority,Wales,http://data.ordnancesurvey.co.uk/id/7000000000041424,Wales,http://data.ordnancesurvey.co.uk/id/country/wales,,,
LD54SU,http://data.ordnancesurvey.co.uk/id/postcodeunit/LD54SU,LD5 4SU,,,,other,Postcode,287709.800,246618.000,3500,18000,,,,,,,Llanwrtyd Wells,http://data.ordnancesurvey.co.uk/id/4000000074563627,http://www.ordnancesurvey.co.uk/xml/codelists/localtype.xml#town,,,,Powys - Powys,http://data.ordnancesurvey.co.uk/id/7000000000025491,http://data.ordnancesurvey.co.uk/ontology/admingeo/UnitaryAuthority,Wales,http://data.ordnancesurvey.co.uk/id/7000000000041424,Wales,http://data.ordnancesurvey.co.uk/id/country/wales,,,
osgb4000000017333424,http://data.ordnancesurvey.co.uk/id/osgb4000000017333424,Dolecoed Road,,,,transportNetwork,Named Road,287653.949,246788.026,3000,20000,287426.056,246720.299,287878.902,246981.545,LD5,http://data.ordnancesurvey.co.uk/id/postcodedistrict/LD5,Llanwrtyd Wells,http://data.ordnancesurvey.co.uk/id/4000000074563627,http://www.ordnancesurvey.co.uk/xml/codelists/localtype.xml#town,,,,Powys - Powys,http://data.ordnancesurvey.co.uk/id/7000000000025491,http://data.ordnancesurvey.co.uk/ontology/admingeo/UnitaryAuthority,Wales,http://data.ordnancesurvey.co.uk/id/7000000000041424,Wales,http://data.ordnancesurvey.co.uk/id/country/wales,,,
