osgb4000000074541314,http://data.ordnancesurvey.co.uk/id/osgb4000000074541314,Warren,,,,populatedPlace,Hamlet,192925.640,197852.410,5000,25000,192656.551,197430.894,193395.778,197930.894,SA71,http://data.ordnancesurvey.co.uk/id/postcodedistrict/SA71,,,,,,,Sir Benfro - Pembrokeshire,http://data.ordnancesurvey.co.uk/id/7000000000025490,http://data.ordnancesurvey.co.uk/ontology/admingeo/UnitaryAuthority,Wales,http://data.ordnancesurvey.co.uk/id/7000000000041424,Wales,http://data.ordnancesurvey.co.uk/id/country/wales,,,http://sws.geonames.org/2634746
osgb4000000074550528,http://data.ordnancesurvey.co.uk/id/osgb4000000074550528,Bosherston,,,,populatedPlace,Village,196577.950,194586.390,3000,250000,196312.485,194467.527,196817.248,194967.527,SA71,http://data.ordnancesurvey.co.uk/id/postcodedistrict/SA71,,,,,,,Sir Benfro - Pembrokeshire,http://data.ordnancesurvey.co.uk/id/7000000000025490,http://data.ordnancesurvey.co.uk/ontology/admingeo/UnitaryAuthority,Wales,http://data.ordnancesurvey.co.uk/id/7000000000041424,Wales,http://data.ordnancesurvey.co.uk/id/country/wales,,,http://sws.geonames.org/2655142
osgb4000000074550905,http://data.ordnancesurvey.co.uk/id/osgb4000000074550905,St Twynnells,,,,populatedPlace,Village,194923.980,197623.990,3000,250000,194722.399,197363.813,195222.399,197863.813,SA71,http://data.ordnancesurvey.co.uk/id/postcodedistrict/SA71,,,,,,,Sir Benfro - Pembrokeshire,http://data.ordnancesurvey.co.uk/id/7000000000025490,http://data.ordnancesurvey.co.uk/ontology/admingeo/UnitaryAuthority,Wales,http://data.ordnancesurvey.co.uk/id/7000000000041424,Wales,http://data.ordnancesurvey.co.uk/id/country/wales,,,
osgb4000000074550530,http://data.ordnancesurvey.co.uk/id/osgb4000000074550530,Maiden Wells,,,,populatedPlace,Village,197146.000,199560.000,4000,250000,196870.247,199309.887,197463.051,199836.937,SA71,http://data.ordnancesurvey.co.uk/id/postcodedistrict/SA71,,,,,,,Sir Benfro - Pembrokeshire,http://data.ordnancesurvey.co.uk/id/7000000000025490,http://data.ordnancesurvey.co.uk/ontology/admingeo/UnitaryAuthority,Wales,http://data.ordnancesurvey.co.uk/id/7000000000041424,Wales,http://data.ordnancesurvey.co.uk/id/country/wales,,,
osgb4000000074550531,http://data.ordnancesurvey.co.uk/id/osgb4000000074550531,Chapel Hill,,,,populatedPlace,Hamlet,195760.080,198105.850,5000,25000,195509.456,197851.808,196009.456,198351.808,SA71,http://data.ordnancesurvey.co.uk/id/postcodedistrict/SA71,,,,,,,Sir Benfro - Pembrokeshire,http://data.ordnancesurvey.co.uk/id/7000000000025490,http://data.ordnancesurvey.co.uk/ontology/admingeo/UnitaryAuthority,Wales,http://data.ordnancesurvey.co.uk/id/7000000000041424,Wales,http://data.ordnancesurvey.co.uk/id/country/wales,,,
osgb4000000074550906,http://data.ordnancesurvey.co.uk/id/osgb4000000074550906,Castlemartin,,,,populatedPlace,Village,191261.260,198458.330,7000,250000,190651.962,198167.574,191717.389,198864.705,SA71,http://data.ordnancesurvey.co.uk/id/postcodedistrict/SA71,,,,,,,Sir Benfro - Pembrokeshire,http://data.ordnancesurvey.co.uk/id/7000000000025490,http://data.ordnancesurvey.co.uk/ontology/admingeo/UnitaryAuthority,Wales,http://data.ordnancesurvey.co.uk/id/7000000000041424,Wales,http://data.ordnancesurvey.co.uk/id/country/wales,,,http://sws.geonames.org/2653568
osgb4000000074550904,http://data.ordnancesurvey.co.uk/id/osgb4000000074550904,Merrion,,,,populatedPlace,Other Settlement,193767.200,196987.170,15000,25000,193406.299,196462.882,194605.898,197312.599,SA71,http://data.ordnancesurvey.co.uk/id/postcodedistrict/SA71,,,,,,,Sir Benfro - Pembrokeshire,http://data.ordnancesurvey.co.uk/id/7000000000025490,http://data.ordnancesurvey.co.uk/ontology/admingeo/UnitaryAuthority,Wales,http://data.ordnancesurvey.co.uk/id/7000000000041424,Wales,http://data.ordnancesurvey.co.uk/id/country/wales,,,http://sws.geonames.org/3345121
osgb4000000074550529,http://data.ordnancesurvey.co.uk/id/osgb4000000074550529,Stackpole Elidor,eng,Cheriton,eng,populatedPlace,Hamlet,198854.610,197272.420,5000,25000,198588.246,197043.005,199281.820,197543.005,SA71,http://data.ordnancesurvey.co.uk/id/postcodedistrict/SA71,,,,,,,Sir Benfro - Pembrokeshire,http://data.ordnancesurvey.co.uk/id/7000000000025490,http://data.ordnancesurvey.co.uk/ontology/admingeo/UnitaryAuthority,Wales,http://data.ordnancesurvey.co.uk/id/7000000000041424,Wales,http://data.ordnancesurvey.co.uk/id/country/wales,,,http://sws.geonames.org/2653248
osgb4000000074550527,http://data.ordnancesurvey.co.uk/id/osgb4000000074550527,Stackpole,,,,populatedPlace,Village,198358.000,196370.000,3000,250000,198044.707,196113.042,198577.379,196649.339,SA71,http://data.ordnancesurvey.co.uk/id/postcodedistrict/SA71,,,,,,,Sir Benfro - Pembrokeshire,http://data.ordnancesurvey.co.uk/id/7000000000025490,http://data.ordnancesurvey.co.uk/ontology/admingeo/UnitaryAuthority,Wales,http://data.ordnancesurvey.co.uk/id/7000000000041424,Wales,http://data.ordnancesurvey.co.uk/id/country/wales,,,http://sws.geonames.org/2637151
SA715DW,http://data.ordnancesurvey.co.uk/id/postcodeunit/SA715DW,SA71 5DW,,,,other,Postcode,196655.500,194632.200,3500,18000,,,,,,,Bosherston,http://data.ordnancesurvey.co.uk/id/4000000074550528,http://www.ordnancesurvey.co.uk/xml/codelists/localtype.xml#village,,,,Sir Benfro - Pembrokeshire,http://data.ordnancesurvey.co.uk/id/7000000000025490,http://data.ordnancesurvey.co.uk/ontology/admingeo/UnitaryAuthority,Wales,http://data.ordnancesurvey.co.uk/id/7000000000041424,Wales,http://data.ordnancesurvey.co.uk/id/country/wales,,,
SA715HU,http://data.ordnancesurvey.co.uk/id/postcodeunit/SA715HU,SA71 5HU,,,,other,Postcode,194360.900,197568.300,3500,18000,,,,,,,,,,,,,Sir Benfro - Pembrokeshire,http://data.ordnancesurvey.co.uk/id/7000000000025490,http://data.ordnancesurvey.co.uk/ontology/admingeo/UnitaryAuthority,Wales,http://data.ordnancesurvey.co.uk/id/7000000000041424,Wales,http://data.ordnancesurvey.co.uk/id/country/wales,,,
SA715HB,http://data.ordnancesurvey.co.uk/id/postcodeunit/SA715HB,SA71 5HB,,,,other,Postcode,193262.614,199155.071,3500,18000,,,,,,,,,,,,,Sir Benfro - Pembrokeshire,http://data.ordnancesurvey.co.uk/id/7000000000025490,http://data.ordnancesurvey.co.uk/ontology/admingeo/UnitaryAuthority,Wales,http://data.ordnancesurvey.co.uk/id/7000000000041424,Wales,http://data.ordnancesurvey.co.uk/id/country/wales,,,
SA715DP,http://data.ordnancesurvey.co.uk/id/postcodeunit/SA715DP,SA71 5DP,,,,other,Postcode,196479.400,194424.200,3500,18000,,,,,,,,,,,,,Sir Benfro - Pembrokeshire,http://data.ordnancesurvey.co.uk/id/7000000000025490,http://data.ordnancesurvey.co.uk/ontology/admingeo/UnitaryAuthority,Wales,http://data.ordnancesurvey.co.uk/id/7000000000041424,Wales,http://data.ordnancesurvey.co.uk/id/country/wales,,,
SA715EY,http://data.ordnancesurvey.co.uk/id/postcodeunit/SA715EY,SA71 5EY,,,,other,Postcode,196178.800,198852.000,3500,18000,,,,,,,,,,,,,Sir Benfro - Pembrokeshire,http://data.ordnancesurvey.co.uk/id/7000000000025490,http://data.ordnancesurvey.co.uk/ontology/admingeo/UnitaryAuthority,Wales,http://data.ordnancesurvey.co.uk/id/7000000000041424,Wales,http://data.ordnancesurvey.co.uk/id/country/wales,,,
SA715EA,http://data.ordnancesurvey.co.uk/id/postcodeunit/SA715EA,SA71 5EA,,,,other,Postcode,194442.000,196627.600,3500,18000,,,,,,,Merrion,http://data.ordnancesurvey.co.uk/id/4000000074550904,http://www.ordnancesurvey.co.uk/xml/codelists/localtype.xml#otherSettlement,,,,Sir Benfro - Pembrokeshire,http://data.ordnancesurvey.co.uk/id/7000000000025490,http://data.ordnancesurvey.co.uk/ontology/admingeo/UnitaryAuthority,Wales,http://data.ordnancesurvey.co.uk/id/7000000000041424,Wales,http://data.ordnancesurvey.co.uk/id/country/wales,,,
SA715RU,http://data.ordnancesurvey.co.uk/id/postcodeunit/SA715RU,SA71 5RU,,,,other,Postcode,194688.900,199710.500,3500,18000,,,,,,,,,,,,,Sir Benfro - Pembrokeshire,http://data.ordnancesurvey.co.uk/id/7000000000025490,http://data.ordnancesurvey.co.uk/ontology/admingeo/UnitaryAuthority,Wales,http://data.ordnancesurvey.co.uk/id/7000000000041424,Wales,http://data.ordnancesurvey.co.uk/id/country/wales,,,
SA715QX,http://data.ordnancesurvey.co.uk/id/postcodeunit/SA715QX,SA71 5QX,,,,other,Postcode,195908.800,199880.100,3500,18000,,,,,,,,,,,,,Sir Benfro - Pembrokeshire,http://data.ordnancesurvey.co.uk/id/7000000000025490,http://data.ordnancesurvey.co.uk/ontology/admingeo/UnitaryAuthority,Wales,http://data.ordnancesurvey.co.uk/id/7000000000041424,Wales,http://data.ordnancesurvey.co.uk/id/country/wales,,,
SA715HX,http://data.ordnancesurvey.co.uk/id/postcodeunit/SA715HX,SA71 5HX,,,,other,Postcode,194905.811,197680.364,3500,18000,,,,,,,St Twynnells,http://data.ordnancesurvey.co.uk/id/4000000074550905,http://www.ordnancesurvey.co.uk/xml/codelists/localtype.xml#village,,,,Sir Benfro - Pembrokeshire,http://data.ordnancesurvey.co.uk/id/7000000000025490,http://data.ordnancesurvey.co.uk/ontology/admingeo/UnitaryAuthority,Wales,http://data.ordnancesurvey.co.uk/id/7000000000041424,Wales,http://data.ordnancesurvey.co.uk/id/country/wales,,,
SA715ES,http://data.ordnancesurvey.co.uk/id/postcodeunit/SA715ES,SA71 5ES,,,,other,Postcode,197230.056,199673.426,3500,18000,,,,,,,,,,,,,Sir Benfro - Pembrokeshire,http://data.ordnancesurvey.co.uk/id/7000000000025490,http://data.ordnancesurvey.co.uk/ontology/admingeo/UnitaryAuthority,Wales,http://data.ordnancesurvey.co.uk/id/7000000000041424,Wales,http://data.ordnancesurvey.co.uk/id/country/wales,,,
SA715HY,http://data.ordnancesurvey.co.uk/id/postcodeunit/SA715HY,SA71 5HY,,,,other,Postcode,195761.700,198116.000,3500,18000,,,,,,,Chapel Hill,http://data.ordnancesurvey.co.uk/id/4000000074550531,http://www.ordnancesurvey.co.uk/xml/codelists/localtype.xml#hamlet,,,,Sir Benfro - Pembrokeshire,http://data.ordnancesurvey.co.uk/id/7000000000025490,http://data.ordnancesurvey.co.uk/ontology/admingeo/UnitaryAuthority,Wales,http://data.ordnancesurvey.co.uk/id/7000000000041424,Wales,http://data.ordnancesurvey.co.uk/id/country/wales,,,
SA715DG,http://data.ordnancesurvey.co.uk/id/postcodeunit/SA715DG,SA71 5DG,,,,other,Postcode,197424.100,195770.900,3500,18000,,,,,,,,,,,,,Sir Benfro - Pembrokeshire,http://data.ordnancesurvey.co.uk/id/7000000000025490,http://data.ordnancesurvey.co.uk/ontology/admingeo/UnitaryAuthority,Wales,http://data.ordnancesurvey.co.uk/id/7000000000041424,Wales,http://data.ordnancesurvey.co.uk/id/country/wales,,,
SA715BX,http://data.ordnancesurvey.co.uk/id/postcodeunit/SA715BX,SA71 5BX,,,,other,Postcode,197533.146,197211.492,3500,18000,,,,,,,,,,,,,Sir Benfro - Pembrokeshire,http://data.ordnancesurvey.co.uk/id/7000000000025490,http://data.ordnancesurvey.co.uk/ontology/admingeo/UnitaryAuthority,Wales,http://data.ordnancesurvey.co.uk/id/7000000000041424,Wales,http://data.ordnancesurvey.co.uk/id/country/wales,,,
SA715HT,http://data.ordnancesurvey.co.uk/id/postcodeunit/SA715HT,SA71 5HT,,,,other,Postcode,193759.100,197086.900,3500,18000,,,,,,,Merrion,http://data.ordnancesurvey.co.uk/id/4000000074550904,http://www.ordnancesurvey.co.uk/xml/codelists/localtype.xml#otherSettlement,,,,Sir Benfro - Pembrokeshire,http://data.ordnancesurvey.co.uk/id/7000000000025490,http://data.ordnancesurvey.co.uk/ontology/admingeo/UnitaryAuthority,Wales,http://data.ordnancesurvey.co.uk/id/7000000000041424,Wales,http://data.ordnancesurvey.co.uk/id/country/wales,,,
SA715EG,http://data.ordnancesurvey.co.uk/id/postcodeunit/SA715EG,SA71 5EG,,,,other,Postcode,197090.200,197303.400,3500,18000,,,,,,,,,,,,,Sir Benfro - Pembrokeshire,http://data.ordnancesurvey.co.uk/id/7000000000025490,http://data.ordnancesurvey.co.uk/ontology/admingeo/UnitaryAuthority,Wales,http://data.ordnancesurvey.co.uk/id/7000000000041424,Wales,http://data.ordnancesurvey.co.uk/id/country/wales,,,
SA715PU,http://data.ordnancesurvey.co.uk/id/postcodeunit/SA715PU,SA71 5PU,,,,other,Postcode,198997.900,199773.600,3500,18000,,,,,,,,,,,,,Sir Benfro - Pembrokeshire,http://data.ordnancesurvey.co.uk/id/7000000000025490,http://data.ordnancesurvey.co.uk/ontology/admingeo/UnitaryAuthority,Wales,http://data.ordnancesurvey.co.uk/id/7000000000041424,Wales,http://data.ordnancesurvey.co.uk/id/country/wales,,,
SA715DR,http://data.ordnancesurvey.co.uk/id/postcodeunit/SA715DR,SA71 5DR,,,,other,Postcode,196641.800,194478.700,3500,18000,,,,,,,,,,,,,Sir Benfro - Pembrokeshire,http://data.ordnancesurvey.co.uk/id/7000000000025490,http://data.ordnancesurvey.co.uk/ontology/admingeo/UnitaryAuthority,Wales,http://data.ordnancesurvey.co.uk/id/7000000000041424,Wales,http://data.ordnancesurvey.co.uk/id/country/wales,,,
SA715EW,http://data.ordnancesurvey.co.uk/id/postcodeunit/SA715EW,SA71 5EW,,,,other,Postcode,197373.000,199801.400,3500,18000,,,,,,,Maiden Wells,http://data.ordnancesurvey.co.uk/id/4000000074550530,http://www.ordnancesurvey.co.uk/xml/codelists/localtype.xml#village,,,,Sir Benfro - Pembrokeshire,http://data.ordnancesurvey.co.uk/id/7000000000025490,http://data.ordnancesurvey.co.uk/ontology/admingeo/UnitaryAuthority,Wales,http://data.ordnancesurvey.co.uk/id/7000000000041424,Wales,http://data.ordnancesurvey.co.uk/id/country/wales,,,
SA715PX,http://data.ordnancesurvey.co.uk/id/postcodeunit/SA715PX,SA71 5PX,,,,other,Postcode,198592.900,199497.000,3500,18000,,,,,,,,,,,,,Sir Benfro - Pembrokeshire,http://data.ordnancesurvey.co.uk/id/7000000000025490,http://data.ordnancesurvey.co.uk/ontology/admingeo/UnitaryAuthority,Wales,http://data.ordnancesurvey.co.uk/id/7000000000041424,Wales,http://data.ordnancesurvey.co.uk/id/country/wales,,,
SA715HH,http://data.ordnancesurvey.co.uk/id/postcodeunit/SA715HH,SA71 5HH,,,,other,Postcode,191491.300,198267.600,3500,18000,,,,,,,Castlemartin,http://data.ordnancesurvey.co.uk/id/4000000074550906,http://www.ordnancesurvey.co.uk/xml/codelists/localtype.xml#village,,,,Sir Benfro - Pembrokeshire,http://data.ordnancesurvey.co.uk/id/7000000000025490,http://data.ordnancesurvey.co.uk/ontology/admingeo/UnitaryAuthority,Wales,http://data.ordnancesurvey.co.uk/id/7000000000041424,Wales,http://data.ordnancesurvey.co.uk/id/country/wales,,,
SA715DL,http://data.ordnancesurvey.co.uk/id/postcodeunit/SA715DL,SA71 5DL,,,,other,Postcode,196762.500,196493.000,3500,18000,,,,,,,,,,,,,Sir Benfro - Pembrokeshire,http://data.ordnancesurvey.co.uk/id/7000000000025490,http://data.ordnancesurvey.co.uk/ontology/admingeo/UnitaryAuthority,Wales,http://data.ordnancesurvey.co.uk/id/7000000000041424,Wales,http://data.ordnancesurvey.co.uk/id/country/wales,,,
SA715EQ,http://data.ordnancesurvey.co.uk/id/postcodeunit/SA715EQ,SA71 5EQ,,,,other,Postcode,197125.000,197541.900,3500,18000,,,,,,,,,,,,,Sir Benfro - Pembrokeshire,http://data.ordnancesurvey.co.uk/id/7000000000025490,http://data.ordnancesurvey.co.uk/ontology/admingeo/UnitaryAuthority,Wales,http://data.ordnancesurvey.co.uk/id/7000000000041424,Wales,http://data.ordnancesurvey.co.uk/id/country/wales,,,
SA715DT,http://data.ordnancesurvey.co.uk/id/postcodeunit/SA715DT,SA71 5DT,,,,other,Postcode,195583.500,196783.083,3500,18000,,,,,,,,,,,,,Sir Benfro - Pembrokeshire,http://data.ordnancesurvey.co.uk/id/7000000000025490,http://data.ordnancesurvey.co.uk/ontology/admingeo/UnitaryAuthority,Wales,http://data.ordnancesurvey.co.uk/id/7000000000041424,Wales,http://data.ordnancesurvey.co.uk/id/country/wales,,,
SA715ET,http://data.ordnancesurvey.co.uk/id/postcodeunit/SA715ET,SA71 5ET,,,,other,Postcode,197325.300,199685.200,3500,18000,,,,,,,Maiden Wells,http://data.ordnancesurvey.co.uk/id/4000000074550530,http://www.ordnancesurvey.co.uk/xml/codelists/localtype.xml#village,,,,Sir Benfro - Pembrokeshire,http://data.ordnancesurvey.co.uk/id/7000000000025490,http://data.ordnancesurvey.co.uk/ontology/admingeo/UnitaryAuthority,Wales,http://data.ordnancesurvey.co.uk/id/7000000000041424,Wales,http://data.ordnancesurvey.co.uk/id/country/wales,,,
SA715BU,http://data.ordnancesurvey.co.uk/id/postcodeunit/SA715BU,SA71 5BU,,,,other,Postcode,197831.592,198860.723,3500,18000,,,,,,,,,,,,,Sir Benfro - Pembrokeshire,http://data.ordnancesurvey.co.uk/id/7000000000025490,http://data.ordnancesurvey.co.uk/ontology/admingeo/UnitaryAuthority,Wales,http://data.ordnancesurvey.co.uk/id/7000000000041424,Wales,http://data.ordnancesurvey.co.uk/id/country/wales,,,
SA715RS,http://data.ordnancesurvey.co.uk/id/postcodeunit/SA715RS,SA71 5RS,,,,other,Postcode,190744.300,197514.200,3500,18000,,,,,,,,,,,,,Sir Benfro - Pembrokeshire,http://data.ordnancesurvey.co.uk/id/7000000000025490,http://data.ordnancesurvey.co.uk/ontology/admingeo/UnitaryAuthority,Wales,http://data.ordnancesurvey.co.uk/id/7000000000041424,Wales,http://data.ordnancesurvey.co.uk/id/country/wales,,,
SA715HN,http://data.ordnancesurvey.co.uk/id/postcodeunit/SA715HN,SA71 5HN,,,,other,Postcode,191438.800,198365.300,3500,18000,,,,,,,Castlemartin,http://data.ordnancesurvey.co.uk/id/4000000074550906,http://www.ordnancesurvey.co.uk/xml/codelists/localtype.xml#village,,,,Sir Benfro - Pembrokeshire,http://data.ordnancesurvey.co.uk/id/7000000000025490,http://data.ordnancesurvey.co.uk/ontology/admingeo/UnitaryAuthority,Wales,http://data.ordnancesurvey.co.uk/id/7000000000041424,Wales,http://data.ordnancesurvey.co.uk/id/country/wales,,,
SA715QA,http://data.ordnancesurvey.co.uk/id/postcodeunit/SA715QA,SA71 5QA,,,,other,Postcode,199112.256,199444.858,3500,18000,,,,,,,,,,,,,Sir Benfro - Pembrokeshire,http://data.ordnancesurvey.co.uk/id/7000000000025490,http://data.ordnancesurvey.co.uk/ontology/admingeo/UnitaryAuthority,Wales,http://data.ordnancesurvey.co.uk/id/7000000000041424,Wales,http://data.ordnancesurvey.co.uk/id/country/wales,,,
SA715RA,http://data.ordnancesurvey.co.uk/id/postcodeunit/SA715RA,SA71 5RA,,,,other,Postcode,195331.400,199999.000,3500,18000,,,,,,,,,,,,,Sir Benfro - Pembrokeshire,http://data.ordnancesurvey.co.uk/id/7000000000025490,http://data.ordnancesurvey.co.uk/ontology/admingeo/UnitaryAuthority,Wales,http://data.ordnancesurvey.co.uk/id/7000000000041424,Wales,http://data.ordnancesurvey.co.uk/id/country/wales,,,
SA715HP,http://data.ordnancesurvey.co.uk/id/postcodeunit/SA715HP,SA71 5HP,,,,other,Postcode,192223.600,198020.000,3500,18000,,,,,,,,,,,,,Sir Benfro - Pembrokeshire,http://data.ordnancesurvey.co.uk/id/7000000000025490,http://data.ordnancesurvey.co.uk/ontology/admingeo/UnitaryAuthority,Wales,http://data.ordnancesurvey.co.uk/id/7000000000041424,Wales,http://data.ordnancesurvey.co.uk/id/country/wales,,,
SA715DE,http://data.ordnancesurvey.co.uk/id/postcodeunit/SA715DE,SA71 5DE,,,,other,Postcode,197626.800,196086.200,3500,18000,,,,,,,,,,,,,Sir Benfro - Pembrokeshire,http://data.ordnancesurvey.co.uk/id/7000000000025490,http://data.ordnancesurvey.co.uk/ontology/admingeo/UnitaryAuthority,Wales,http://data.ordnancesurvey.co.uk/id/7000000000041424,Wales,http://data.ordnancesurvey.co.uk/id/country/wales,,,
SA715HA,http://data.ordnancesurvey.co.uk/id/postcodeunit/SA715HA,SA71 5HA,,,,other,Postcode,194308.800,199446.300,3500,18000,,,,,,,,,,,,,Sir Benfro - Pembrokeshire,http://data.ordnancesurvey.co.uk/id/7000000000025490,http://data.ordnancesurvey.co.uk/ontology/admingeo/UnitaryAuthority,Wales,http://data.ordnancesurvey.co.uk/id/7000000000041424,Wales,http://data.ordnancesurvey.co.uk/id/country/wales,,,
SA715EH,http://data.ordnancesurvey.co.uk/id/postcodeunit/SA715EH,SA71 5EH,,,,other,Postcode,197073.000,198744.900,3500,18000,,,,,,,,,,,,,Sir Benfro - Pembrokeshire,http://data.ordnancesurvey.co.uk/id/7000000000025490,http://data.ordnancesurvey.co.uk/ontology/admingeo/UnitaryAuthority,Wales,http://data.ordnancesurvey.co.uk/id/7000000000041424,Wales,http://data.ordnancesurvey.co.uk/id/country/wales,,,
SA715PY,http://data.ordnancesurvey.co.uk/id/postcodeunit/SA715PY,SA71 5PY,,,,other,Postcode,198267.200,199544.200,3500,18000,,,,,,,,,,,,,Sir Benfro - Pembrokeshire,http://data.ordnancesurvey.co.uk/id/7000000000025490,http://data.ordnancesurvey.co.uk/ontology/admingeo/UnitaryAuthority,Wales,http://data.ordnancesurvey.co.uk/id/7000000000041424,Wales,http://data.ordnancesurvey.co.uk/id/country/wales,,,
SA715DN,http://data.ordnancesurvey.co.uk/id/postcodeunit/SA715DN,SA71 5DN,,,,other,Postcode,196533.800,194770.600,3500,18000,,,,,,,Bosherston,http://data.ordnancesurvey.co.uk/id/4000000074550528,http://www.ordnancesurvey.co.uk/xml/codelists/localtype.xml#village,,,,Sir Benfro - Pembrokeshire,http://data.ordnancesurvey.co.uk/id/7000000000025490,http://data.ordnancesurvey.co.uk/ontology/admingeo/UnitaryAuthority,Wales,http://data.ordnancesurvey.co.uk/id/7000000000041424,Wales,http://data.ordnancesurvey.co.uk/id/country/wales,,,
SA715HJ,http://data.ordnancesurvey.co.uk/id/postcodeunit/SA715HJ,SA71 5HJ,,,,other,Postcode,191401.500,198284.400,3500,18000,,,,,,,Castlemartin,http://data.ordnancesurvey.co.uk/id/4000000074550906,http://www.ordnancesurvey.co.uk/xml/codelists/localtype.xml#village,,,,Sir Benfro - Pembrokeshire,http://data.ordnancesurvey.co.uk/id/7000000000025490,http://data.ordnancesurvey.co.uk/ontology/admingeo/UnitaryAuthority,Wales,http://data.ordnancesurvey.co.uk/id/7000000000041424,Wales,http://data.ordnancesurvey.co.uk/id/country/wales,,,
SA715DS,http://data.ordnancesurvey.co.uk/id/postcodeunit/SA715DS,SA71 5DS,,,,other,Postcode,195462.100,195376.843,3500,18000,,,,,,,,,,,,,Sir Benfro - Pembrokeshire,http://data.ordnancesurvey.co.uk/id/7000000000025490,http://data.ordnancesurvey.co.uk/ontology/admingeo/UnitaryAuthority,Wales,http://data.ordnancesurvey.co.uk/id/7000000000041424,Wales,http://data.ordnancesurvey.co.uk/id/country/wales,,,
SA715LS,http://data.ordnancesurvey.co.uk/id/postcodeunit/SA715LS,SA71 5LS,,,,other,Postcode,199589.062,196347.502,3500,18000,,,,,,,,,,,,,Sir Benfro - Pembrokeshire,http://data.ordnancesurvey.co.uk/id/7000000000025490,http://data.ordnancesurvey.co.uk/ontology/admingeo/UnitaryAuthority,Wales,http://data.ordnancesurvey.co.uk/id/7000000000041424,Wales,http://data.ordnancesurvey.co.uk/id/country/wales,,,
SA715HZ,http://data.ordnancesurvey.co.uk/id/postcodeunit/SA715HZ,SA71 5HZ,,,,other,Postcode,194868.400,197623.800,3500,18000,,,,,,,St Twynnells,http://data.ordnancesurvey.co.uk/id/4000000074550905,http://www.ordnancesurvey.co.uk/xml/codelists/localtype.xml#village,,,,Sir Benfro - Pembrokeshire,http://data.ordnancesurvey.co.uk/id/7000000000025490,http://data.ordnancesurvey.co.uk/ontology/admingeo/UnitaryAuthority,Wales,http://data.ordnancesurvey.co.uk/id/7000000000041424,Wales,http://data.ordnancesurvey.co.uk/id/country/wales,,,
SA715DF,http://data.ordnancesurvey.co.uk/id/postcodeunit/SA715DF,SA71 5DF,,,,other,Postcode,198386.500,196550.800,3500,18000,,,,,,,Stackpole,http://data.ordnancesurvey.co.uk/id/4000000074550527,http://www.ordnancesurvey.co.uk/xml/codelists/localtype.xml#village,,,,Sir Benfro - Pembrokeshire,http://data.ordnancesurvey.co.uk/id/7000000000025490,http://data.ordnancesurvey.co.uk/ontology/admingeo/UnitaryAuthority,Wales,http://data.ordnancesurvey.co.uk/id/7000000000041424,Wales,http://data.ordnancesurvey.co.uk/id/country/wales,,,
SA715RT,http://data.ordnancesurvey.co.uk/id/postcodeunit/SA715RT,SA71 5RT,,,,other,Postcode,194977.200,199943.200,3500,18000,,,,,,,,,,,,,Sir Benfro - Pembrokeshire,http://data.ordnancesurvey.co.uk/id/7000000000025490,http://data.ordnancesurvey.co.uk/ontology/admingeo/UnitaryAuthority,Wales,http://data.ordnancesurvey.co.uk/id/7000000000041424,Wales,http://data.ordnancesurvey.co.uk/id/country/wales,,,
SA715DJ,http://data.ordnancesurvey.co.uk/id/postcodeunit/SA715DJ,SA71 5DJ,,,,other,Postcode,197204.100,196109.000,3500,18000,,,,,,,,,,,,,Sir Benfro - Pembrokeshire,http://data.ordnancesurvey.co.uk/id/7000000000025490,http://data.ordnancesurvey.co.uk/ontology/admingeo/UnitaryAuthority,Wales,http://data.ordnancesurvey.co.uk/id/7000000000041424,Wales,http://data.ordnancesurvey.co.uk/id/country/wales,,,
SA715BY,http://data.ordnancesurvey.co.uk/id/postcodeunit/SA715BY,SA71 5BY,,,,other,Postcode,198655.400,197982.000,3500,18000,,,,,,,,,,,,,Sir Benfro - Pembrokeshire,http://data.ordnancesurvey.co.uk/id/7000000000025490,http://data.ordnancesurvey.co.uk/ontology/admingeo/UnitaryAuthority,Wales,http://data.ordnancesurvey.co.uk/id/7000000000041424,Wales,http://data.ordnancesurvey.co.uk/id/country/wales,,,
SA715EZ,http://data.ordnancesurvey.co.uk/id/postcodeunit/SA715EZ,SA71 5EZ,,,,other,Postcode,195405.110,199041.430,3500,18000,,,,,,,,,,,,,Sir Benfro - Pembrokeshire,http://data.ordnancesurvey.co.uk/id/7000000000025490,http://data.ordnancesurvey.co.uk/ontology/admingeo/UnitaryAuthority,Wales,http://data.ordnancesurvey.co.uk/id/7000000000041424,Wales,http://data.ordnancesurvey.co.uk/id/country/wales,,,
SA715BZ,http://data.ordnancesurvey.co.uk/id/postcodeunit/SA715BZ,SA71 5BZ,,,,other,Postcode,198856.500,197328.800,3500,18000,,,,,,,Stackpole Elidor / Cheriton,http://data.ordnancesurvey.co.uk/id/4000000074550529,http://www.ordnancesurvey.co.uk/xml/codelists/localtype.xml#hamlet,,,,Sir Benfro - Pembrokeshire,http://data.ordnancesurvey.co.uk/id/7000000000025490,http://data.ordnancesurvey.co.uk/ontology/admingeo/UnitaryAuthority,Wales,http://data.ordnancesurvey.co.uk/id/7000000000041424,Wales,http://data.ordnancesurvey.co.uk/id/country/wales,,,
SA715EB,http://data.ordnancesurvey.co.uk/id/postcodeunit/SA715EB,SA71 5EB,,,,other,Postcode,193741.100,196835.300,3500,18000,,,,,,,Merrion,http://data.ordnancesurvey.co.uk/id/4000000074550904,http://www.ordnancesurvey.co.uk/xml/codelists/localtype.xml#otherSettlement,,,,Sir Benfro - Pembrokeshire,http://data.ordnancesurvey.co.uk/id/7000000000025490,http://data.ordnancesurvey.co.uk/ontology/admingeo/UnitaryAuthority,Wales,http://data.ordnancesurvey.co.uk/id/7000000000041424,Wales,http://data.ordnancesurvey.co.uk/id/country/wales,,,
SA715ED,http://data.ordnancesurvey.co.uk/id/postcodeunit/SA715ED,SA71 5ED,,,,other,Postcode,194938.800,197545.100,3500,18000,,,,,,,St Twynnells,http://data.ordnancesurvey.co.uk/id/4000000074550905,http://www.ordnancesurvey.co.uk/xml/codelists/localtype.xml#village,,,,Sir Benfro - Pembrokeshire,http://data.ordnancesurvey.co.uk/id/7000000000025490,http://data.ordnancesurvey.co.uk/ontology/admingeo/UnitaryAuthority,Wales,http://data.ordnancesurvey.co.uk/id/7000000000041424,Wales,http://data.ordnancesurvey.co.uk/id/country/wales,,,
SA715DQ,http://data.ordnancesurvey.co.uk/id/postcodeunit/SA715DQ,SA71 5DQ,,,,other,Postcode,197463.100,195597.200,3500,18000,,,,,,,,,,,,,Sir Benfro - Pembrokeshire,http://data.ordnancesurvey.co.uk/id/7000000000025490,http://data.ordnancesurvey.co.uk/ontology/admingeo/UnitaryAuthority,Wales,http://data.ordnancesurvey.co.uk/id/7000000000041424,Wales,http://data.ordnancesurvey.co.uk/id/country/wales,,,
SA715DY,http://data.ordnancesurvey.co.uk/id/postcodeunit/SA715DY,SA71 5DY,,,,other,Postcode,194330.100,196778.200,3500,18000,,,,,,,Merrion,http://data.ordnancesurvey.co.uk/id/4000000074550904,http://www.ordnancesurvey.co.uk/xml/codelists/localtype.xml#otherSettlement,,,,Sir Benfro - Pembrokeshire,http://data.ordnancesurvey.co.uk/id/7000000000025490,http://data.ordnancesurvey.co.uk/ontology/admingeo/UnitaryAuthority,Wales,http://data.ordnancesurvey.co.uk/id/7000000000041424,Wales,http://data.ordnancesurvey.co.uk/id/country/wales,,,
SA715DB,http://data.ordnancesurvey.co.uk/id/postcodeunit/SA715DB,SA71 5DB,,,,other,Postcode,198321.200,196335.300,3500,18000,,,,,,,Stackpole,http://data.ordnancesurvey.co.uk/id/4000000074550527,http://www.ordnancesurvey.co.uk/xml/codelists/localtype.xml#village,,,,Sir Benfro - Pembrokeshire,http://data.ordnancesurvey.co.uk/id/7000000000025490,http://data.ordnancesurvey.co.uk/ontology/admingeo/UnitaryAuthority,Wales,http://data.ordnancesurvey.co.uk/id/7000000000041424,Wales,http://data.ordnancesurvey.co.uk/id/country/wales,,,
SA715HG,http://data.ordnancesurvey.co.uk/id/postcodeunit/SA715HG,SA71 5HG,,,,other,Postcode,191524.900,198253.600,3500,18000,,,,,,,Castlemartin,http://data.ordnancesurvey.co.uk/id/4000000074550906,http://www.ordnancesurvey.co.uk/xml/codelists/localtype.xml#village,,,,Sir Benfro - Pembrokeshire,http://data.ordnancesurvey.co.uk/id/7000000000025490,http://data.ordnancesurvey.co.uk/ontology/admingeo/UnitaryAuthority,Wales,http://data.ordnancesurvey.co.uk/id/7000000000041424,Wales,http://data.ordnancesurvey.co.uk/id/country/wales,,,
SA715HR,http://data.ordnancesurvey.co.uk/id/postcodeunit/SA715HR,SA71 5HR,,,,other,Postcode,192955.300,197784.600,3500,18000,,,,,,,Warren,http://data.ordnancesurvey.co.uk/id/4000000074541314,http://www.ordnancesurvey.co.uk/xml/codelists/localtype.xml#hamlet,,,,Sir Benfro - Pembrokeshire,http://data.ordnancesurvey.co.uk/id/7000000000025490,http://data.ordnancesurvey.co.uk/ontology/admingeo/UnitaryAuthority,Wales,http://data.ordnancesurvey.co.uk/id/7000000000041424,Wales,http://data.ordnancesurvey.co.uk/id/country/wales,,,
SA715DD,http://data.ordnancesurvey.co.uk/id/postcodeunit/SA715DD,SA71 5DD,,,,other,Postcode,198451.272,196327.217,3500,18000,,,,,,,Stackpole,http://data.ordnancesurvey.co.uk/id/4000000074550527,http://www.ordnancesurvey.co.uk/xml/codelists/localtype.xml#village,,,,Sir Benfro - Pembrokeshire,http://data.ordnancesurvey.co.uk/id/7000000000025490,http://data.ordnancesurvey.co.uk/ontology/admingeo/UnitaryAuthority,Wales,http://data.ordnancesurvey.co.uk/id/7000000000041424,Wales,http://data.ordnancesurvey.co.uk/id/country/wales,,,
SA715DZ,http://data.ordnancesurvey.co.uk/id/postcodeunit/SA715DZ,SA71 5DZ,,,,other,Postcode,197408.450,193874.800,3500,18000,,,,,,,,,,,,,Sir Benfro - Pembrokeshire,http://data.ordnancesurvey.co.uk/id/7000000000025490,http://data.ordnancesurvey.co.uk/ontology/admingeo/UnitaryAuthority,Wales,http://data.ordnancesurvey.co.uk/id/7000000000041424,Wales,http://data.ordnancesurvey.co.uk/id/country/wales,,,
SA715HE,http://data.ordnancesurvey.co.uk/id/postcodeunit/SA715HE,SA71 5HE,,,,other,Postcode,192009.000,198554.200,3500,18000,,,,,,,,,,,,,Sir Benfro - Pembrokeshire,http://data.ordnancesurvey.co.uk/id/7000000000025490,http://data.ordnancesurvey.co.uk/ontology/admingeo/UnitaryAuthority,Wales,http://data.ordnancesurvey.co.uk/id/7000000000041424,Wales,http://data.ordnancesurvey.co.uk/id/country/wales,,,
SA715DX,http://data.ordnancesurvey.co.uk/id/postcodeunit/SA715DX,SA71 5DX,,,,other,Postcode,194367.500,196839.100,3500,18000,,,,,,,Merrion,http://data.ordnancesurvey.co.uk/id/4000000074550904,http://www.ordnancesurvey.co.uk/xml/codelists/localtype.xml#otherSettlement,,,,Sir Benfro - Pembrokeshire,http://data.ordnancesurvey.co.uk/id/7000000000025490,http://data.ordnancesurvey.co.uk/ontology/admingeo/UnitaryAuthority,Wales,http://data.ordnancesurvey.co.uk/id/7000000000041424,Wales,http://data.ordnancesurvey.co.uk/id/country/wales,,,
SA715QU,http://data.ordnancesurvey.co.uk/id/postcodeunit/SA715QU,SA71 5QU,,,,other,Postcode,196498.500,199907.500,3500,18000,,,,,,,,,,,,,Sir Benfro - Pembrokeshire,http://data.ordnancesurvey.co.uk/id/7000000000025490,http://data.ordnancesurvey.co.uk/ontology/admingeo/UnitaryAuthority,Wales,http://data.ordnancesurvey.co.uk/id/7000000000041424,Wales,http://data.ordnancesurvey.co.uk/id/country/wales,,,
SA715HW,http://data.ordnancesurvey.co.uk/id/postcodeunit/SA715HW,SA71 5HW,,,,other,Postcode,190741.479,198702.243,3500,18000,,,,,,,Castlemartin,http://data.ordnancesurvey.co.uk/id/4000000074550906,http://www.ordnancesurvey.co.uk/xml/codelists/localtype.xml#village,,,,Sir Benfro - Pembrokeshire,http://data.ordnancesurvey.co.uk/id/7000000000025490,http://data.ordnancesurvey.co.uk/ontology/admingeo/UnitaryAuthority,Wales,http://data.ordnancesurvey.co.uk/id/7000000000041424,Wales,http://data.ordnancesurvey.co.uk/id/country/wales,,,
SA715HL,http://data.ordnancesurvey.co.uk/id/postcodeunit/SA715HL,SA71 5HL,,,,other,Postcode,191370.000,198231.500,3500,18000,,,,,,,Castlemartin,http://data.ordnancesurvey.co.uk/id/4000000074550906,http://www.ordnancesurvey.co.uk/xml/codelists/localtype.xml#village,,,,Sir Benfro - Pembrokeshire,http://data.ordnancesurvey.co.uk/id/7000000000025490,http://data.ordnancesurvey.co.uk/ontology/admingeo/UnitaryAuthority,Wales,http://data.ordnancesurvey.co.uk/id/7000000000041424,Wales,http://data.ordnancesurvey.co.uk/id/country/wales,,,
SA715LT,http://data.ordnancesurvey.co.uk/id/postcodeunit/SA715LT,SA71 5LT,,,,other,Postcode,199113.300,198448.200,3500,18000,,,,,,,,,,,,,Sir Benfro - Pembrokeshire,http://data.ordnancesurvey.co.uk/id/7000000000025490,http://data.ordnancesurvey.co.uk/ontology/admingeo/UnitaryAuthority,Wales,http://data.ordnancesurvey.co.uk/id/7000000000041424,Wales,http://data.ordnancesurvey.co.uk/id/country/wales,,,
SA715QT,http://data.ordnancesurvey.co.uk/id/postcodeunit/SA715QT,SA71 5QT,,,,other,Postcode,196985.400,199857.600,3500,18000,,,,,,,,,,,,,Sir Benfro - Pembrokeshire,http://data.ordnancesurvey.co.uk/id/7000000000025490,http://data.ordnancesurvey.co.uk/ontology/admingeo/UnitaryAuthority,Wales,http://data.ordnancesurvey.co.uk/id/7000000000041424,Wales,http://data.ordnancesurvey.co.uk/id/country/wales,,,
SA715DU,http://data.ordnancesurvey.co.uk/id/postcodeunit/SA715DU,SA71 5DU,,,,other,Postcode,194615.900,196864.200,3500,18000,,,,,,,,,,,,,Sir Benfro - Pembrokeshire,http://data.ordnancesurvey.co.uk/id/7000000000025490,http://data.ordnancesurvey.co.uk/ontology/admingeo/UnitaryAuthority,Wales,http://data.ordnancesurvey.co.uk/id/7000000000041424,Wales,http://data.ordnancesurvey.co.uk/id/country/wales,,,
SA715EU,http://data.ordnancesurvey.co.uk/id/postcodeunit/SA715EU,SA71 5EU,,,,other,Postcode,196976.600,199437.700,3500,18000,,,,,,,Maiden Wells,http://data.ordnancesurvey.co.uk/id/4000000074550530,http://www.ordnancesurvey.co.uk/xml/codelists/localtype.xml#village,,,,Sir Benfro - Pembrokeshire,http://data.ordnancesurvey.co.uk/id/7000000000025490,http://data.ordnancesurvey.co.uk/ontology/admingeo/UnitaryAuthority,Wales,http://data.ordnancesurvey.co.uk/id/7000000000041424,Wales,http://data.ordnancesurvey.co.uk/id/country/wales,,,
SA715EX,http://data.ordnancesurvey.co.uk/id/postcodeunit/SA715EX,SA71 5EX,,,,other,Postcode,196957.000,199381.500,3500,18000,,,,,,,Maiden Wells,http://data.ordnancesurvey.co.uk/id/4000000074550530,http://www.ordnancesurvey.co.uk/xml/codelists/localtype.xml#village,,,,Sir Benfro - Pembrokeshire,http://data.ordnancesurvey.co.uk/id/7000000000025490,http://data.ordnancesurvey.co.uk/ontology/admingeo/UnitaryAuthority,Wales,http://data.ordnancesurvey.co.uk/id/7000000000041424,Wales,http://data.ordnancesurvey.co.uk/id/country/wales,,,
SA715DH,http://data.ordnancesurvey.co.uk/id/postcodeunit/SA715DH,SA71 5DH,,,,other,Postcode,197215.800,195227.000,3500,18000,,,,,,,,,,,,,Sir Benfro - Pembrokeshire,http://data.ordnancesurvey.co.uk/id/7000000000025490,http://data.ordnancesurvey.co.uk/ontology/admingeo/UnitaryAuthority,Wales,http://data.ordnancesurvey.co.uk/id/7000000000041424,Wales,http://data.ordnancesurvey.co.uk/id/country/wales,,,
SA715EE,http://data.ordnancesurvey.co.uk/id/postcodeunit/SA715EE,SA71 5EE,,,,other,Postcode,195815.900,197097.600,3500,18000,,,,,,,,,,,,,Sir Benfro - Pembrokeshire,http://data.ordnancesurvey.co.uk/id/7000000000025490,http://data.ordnancesurvey.co.uk/ontology/admingeo/UnitaryAuthority,Wales,http://data.ordnancesurvey.co.uk/id/7000000000041424,Wales,http://data.ordnancesurvey.co.uk/id/country/wales,,,
SA715HD,http://data.ordnancesurvey.co.uk/id/postcodeunit/SA715HD,SA71 5HD,,,,other,Postcode,193301.364,198718.820,3500,18000,,,,,,,,,,,,,Sir Benfro - Pembrokeshire,http://data.ordnancesurvey.co.uk/id/7000000000025490,http://data.ordnancesurvey.co.uk/ontology/admingeo/UnitaryAuthority,Wales,http://data.ordnancesurvey.co.uk/id/7000000000041424,Wales,http://data.ordnancesurvey.co.uk/id/country/wales,,,
osgb4000000020845626,http://data.ordnancesurvey.co.uk/id/osgb4000000020845626,Axton Hill,,,,transportNetwork,Named Road,193400.747,198768.835,5000,20000,193007.995,198524.285,193757.000,199066.550,SA71,http://data.ordnancesurvey.co.uk/id/postcodedistrict/SA71,,,,,,,Sir Benfro - Pembrokeshire,http://data.ordnancesurvey.co.uk/id/7000000000025490,http://data.ordnancesurvey.co.uk/ontology/admingeo/UnitaryAuthority,Wales,http://data.ordnancesurvey.co.uk/id/7000000000041424,Wales,http://data.ordnancesurvey.co.uk/id/country/wales,,,
7df8a261-45df-4da6-8180-4b5a954f6b9c,http://data.ordnancesurvey.co.uk/id/7df8a261-45df-4da6-8180-4b5a954f6b9c,Windmill Lane,,,,transportNetwork,Section Of Named Road,193198.972,197602.931,1000,25000,193192.754,197540.830,193232.000,197647.113,SA71,http://data.ordnancesurvey.co.uk/id/postcodedistrict/SA71,Warren,http://data.ordnancesurvey.co.uk/id/4000000074541314,http://www.ordnancesurvey.co.uk/xml/codelists/localtype.xml#hamlet,,,,Sir Benfro - Pembrokeshire,http://data.ordnancesurvey.co.uk/id/7000000000025490,http://data.ordnancesurvey.co.uk/ontology/admingeo/UnitaryAuthority,Wales,http://data.ordnancesurvey.co.uk/id/7000000000041424,Wales,http://data.ordnancesurvey.co.uk/id/country/wales,osgb4000000020845625,,
c987b098-57e6-4f37-9887-ae63626a0a73,http://data.ordnancesurvey.co.uk/id/c987b098-57e6-4f37-9887-ae63626a0a73,Longstone Lane,,,,transportNetwork,Section Of Named Road,193758.529,196757.424,3000,25000,193758.529,196558.383,193775.928,196987.171,SA71,http://data.ordnancesurvey.co.uk/id/postcodedistrict/SA71,Merrion,http://data.ordnancesurvey.co.uk/id/4000000074550904,http://www.ordnancesurvey.co.uk/xml/codelists/localtype.xml#otherSettlement,,,,Sir Benfro - Pembrokeshire,http://data.ordnancesurvey.co.uk/id/7000000000025490,http://data.ordnancesurvey.co.uk/ontology/admingeo/UnitaryAuthority,Wales,http://data.ordnancesurvey.co.uk/id/7000000000041424,Wales,http://data.ordnancesurvey.co.uk/id/country/wales,osgb4000000020845620,,
da6bc05b-aac0-4c97-96dc-cfa2af1ec889,http://data.ordnancesurvey.co.uk/id/da6bc05b-aac0-4c97-96dc-cfa2af1ec889,North Lane,,,,transportNetwork,Section Of Named Road,192925.640,197852.410,2000,25000,192721.309,197778.548,193011.292,197907.731,SA71,http://data.ordnancesurvey.co.uk/id/postcodedistrict/SA71,Warren,http://data.ordnancesurvey.co.uk/id/4000000074541314,http://www.ordnancesurvey.co.uk/xml/codelists/localtype.xml#hamlet,,,,Sir Benfro - Pembrokeshire,http://data.ordnancesurvey.co.uk/id/7000000000025490,http://data.ordnancesurvey.co.uk/ontology/admingeo/UnitaryAuthority,Wales,http://data.ordnancesurvey.co.uk/id/7000000000041424,Wales,http://data.ordnancesurvey.co.uk/id/country/wales,osgb4000000020845629,,
osgb4000000020845795,http://data.ordnancesurvey.co.uk/id/osgb4000000020845795,Sandy Leys,,,,transportNetwork,Named Road,191406.715,198273.039,1000,20000,191391.999,198257.963,191439.522,198287.096,SA71,http://data.ordnancesurvey.co.uk/id/postcodedistrict/SA71,Castlemartin,http://data.ordnancesurvey.co.uk/id/4000000074550906,http://www.ordnancesurvey.co.uk/xml/codelists/localtype.xml#village,,,,Sir Benfro - Pembrokeshire,http://data.ordnancesurvey.co.uk/id/7000000000025490,http://data.ordnancesurvey.co.uk/ontology/admingeo/UnitaryAuthority,Wales,http://data.ordnancesurvey.co.uk/id/7000000000041424,Wales,http://data.ordnancesurvey.co.uk/id/country/wales,,,
osgb4000000020845627,http://data.ordnancesurvey.co.uk/id/osgb4000000020845627,Redford Hill,,,,transportNetwork,Named Road,194246.000,199387.480,6000,20000,193757.000,199066.550,194703.284,199723.573,SA71,http://data.ordnancesurvey.co.uk/id/postcodedistrict/SA71,,,,,,,Sir Benfro - Pembrokeshire,http://data.ordnancesurvey.co.uk/id/7000000000025490,http://data.ordnancesurvey.co.uk/ontology/admingeo/UnitaryAuthority,Wales,http://data.ordnancesurvey.co.uk/id/7000000000041424,Wales,http://data.ordnancesurvey.co.uk/id/country/wales,,,
osgb4000000020845619,http://data.ordnancesurvey.co.uk/id/osgb4000000020845619,Merrion Cross,,,,transportNetwork,Named Road,193767.198,196987.171,14000,20000,192633.268,196887.781,194772.275,197121.018,SA71,http://data.ordnancesurvey.co.uk/id/postcodedistrict/SA71,Merrion,http://data.ordnancesurvey.co.uk/id/4000000074550904,http://www.ordnancesurvey.co.uk/xml/codelists/localtype.xml#otherSettlement,,,,Sir Benfro - Pembrokeshire,http://data.ordnancesurvey.co.uk/id/7000000000025490,http://data.ordnancesurvey.co.uk/ontology/admingeo/UnitaryAuthority,Wales,http://data.ordnancesurvey.co.uk/id/7000000000041424,Wales,http://data.ordnancesurvey.co.uk/id/country/wales,,,
osgb4000000020845632,http://data.ordnancesurvey.co.uk/id/osgb4000000020845632,Meadow Bank,,,,transportNetwork,Named Road,194876.212,197621.077,1000,20000,194828.180,197619.003,194923.984,197623.991,SA71,http://data.ordnancesurvey.co.uk/id/postcodedistrict/SA71,St Twynnells,http://data.ordnancesurvey.co.uk/id/4000000074550905,http://www.ordnancesurvey.co.uk/xml/codelists/localtype.xml#village,,,,Sir Benfro - Pembrokeshire,http://data.ordnancesurvey.co.uk/id/7000000000025490,http://data.ordnancesurvey.co.uk/ontology/admingeo/UnitaryAuthority,Wales,http://data.ordnancesurvey.co.uk/id/7000000000041424,Wales,http://data.ordnancesurvey.co.uk/id/country/wales,,,
111bf6e9-8fe7-44d1-93f0-e24f07f17c37,http://data.ordnancesurvey.co.uk/id/111bf6e9-8fe7-44d1-93f0-e24f07f17c37,Clay Lane,,,,transportNetwork,Section Of Named Road,196930.000,199448.499,1000,25000,196917.807,199424.000,196966.000,199456.376,SA71,http://data.ordnancesurvey.co.uk/id/postcodedistrict/SA71,Maiden Wells,http://data.ordnancesurvey.co.uk/id/4000000074550530,http://www.ordnancesurvey.co.uk/xml/codelists/localtype.xml#village,,,,Sir Benfro - Pembrokeshire,http://data.ordnancesurvey.co.uk/id/7000000000025490,http://data.ordnancesurvey.co.uk/ontology/admingeo/UnitaryAuthority,Wales,http://data.ordnancesurvey.co.uk/id/7000000000041424,Wales,http://data.ordnancesurvey.co.uk/id/country/wales,osgb4000000017184166,,
osgb4000000020845781,http://data.ordnancesurvey.co.uk/id/osgb4000000020845781,B4319,,,,transportNetwork,Numbered Road,193250.000,197046.137,67000,250000,188366.429,196435.624,198728.908,201180.000,SA71,http://data.ordnancesurvey.co.uk/id/postcodedistrict/SA71,,,,,,,Sir Benfro - Pembrokeshire,http://data.ordnancesurvey.co.uk/id/7000000000025490,http://data.ordnancesurvey.co.uk/ontology/admingeo/UnitaryAuthority,Wales,http://data.ordnancesurvey.co.uk/id/7000000000041424,Wales,http://data.ordnancesurvey.co.uk/id/country/wales,,,
c2a0d9cb-9b5e-4031-9b0f-9770bf325052,http://data.ordnancesurvey.co.uk/id/c2a0d9cb-9b5e-4031-9b0f-9770bf325052,North Lane,,,,transportNetwork,Section Of Named Road,194854.469,197657.076,1000,25000,194772.631,197654.530,194920.621,197657.543,SA71,http://data.ordnancesurvey.co.uk/id/postcodedistrict/SA71,St Twynnells,http://data.ordnancesurvey.co.uk/id/4000000074550905,http://www.ordnancesurvey.co.uk/xml/codelists/localtype.xml#village,,,,Sir Benfro - Pembrokeshire,http://data.ordnancesurvey.co.uk/id/7000000000025490,http://data.ordnancesurvey.co.uk/ontology/admingeo/UnitaryAuthority,Wales,http://data.ordnancesurvey.co.uk/id/7000000000041424,Wales,http://data.ordnancesurvey.co.uk/id/country/wales,osgb4000000020845629,,
osgb4000000020845628,http://data.ordnancesurvey.co.uk/id/osgb4000000020845628,Pwll Street,,,,transportNetwork,Named Road,191412.253,198241.290,2000,20000,191298.695,198128.717,191548.933,198318.967,SA71,http://data.ordnancesurvey.co.uk/id/postcodedistrict/SA71,Castlemartin,http://data.ordnancesurvey.co.uk/id/4000000074550906,http://www.ordnancesurvey.co.uk/xml/codelists/localtype.xml#village,,,,Sir Benfro - Pembrokeshire,http://data.ordnancesurvey.co.uk/id/7000000000025490,http://data.ordnancesurvey.co.uk/ontology/admingeo/UnitaryAuthority,Wales,http://data.ordnancesurvey.co.uk/id/7000000000041424,Wales,http://data.ordnancesurvey.co.uk/id/country/wales,,,
osgb4000000020845624,http://data.ordnancesurvey.co.uk/id/osgb4000000020845624,West Lane,,,,transportNetwork,Named Road,192947.664,197310.159,4000,20000,192633.268,197121.018,193232.000,197542.658,SA71,http://data.ordnancesurvey.co.uk/id/postcodedistrict/SA71,,,,,,,Sir Benfro - Pembrokeshire,http://data.ordnancesurvey.co.uk/id/7000000000025490,http://data.ordnancesurvey.co.uk/ontology/admingeo/UnitaryAuthority,Wales,http://data.ordnancesurvey.co.uk/id/7000000000041424,Wales,http://data.ordnancesurvey.co.uk/id/country/wales,,,
osgb4000000020845814,http://data.ordnancesurvey.co.uk/id/osgb4000000020845814,Winston Close,,,,transportNetwork,Named Road,194371.870,196777.293,1000,20000,194347.121,196773.496,194380.611,196786.700,SA71,http://data.ordnancesurvey.co.uk/id/postcodedistrict/SA71,Merrion,http://data.ordnancesurvey.co.uk/id/4000000074550904,http://www.ordnancesurvey.co.uk/xml/codelists/localtype.xml#otherSettlement,,,,Sir Benfro - Pembrokeshire,http://data.ordnancesurvey.co.uk/id/7000000000025490,http://data.ordnancesurvey.co.uk/ontology/admingeo/UnitaryAuthority,Wales,http://data.ordnancesurvey.co.uk/id/7000000000041424,Wales,http://data.ordnancesurvey.co.uk/id/country/wales,,,
9365f246-25b3-4ad2-9081-43d0dbe4d3de,http://data.ordnancesurvey.co.uk/id/9365f246-25b3-4ad2-9081-43d0dbe4d3de,West Lane,,,,transportNetwork,Section Of Named Road,193167.010,197500.996,1000,25000,193105.983,197456.134,193232.000,197542.658,SA71,http://data.ordnancesurvey.co.uk/id/postcodedistrict/SA71,Warren,http://data.ordnancesurvey.co.uk/id/4000000074541314,http://www.ordnancesurvey.co.uk/xml/codelists/localtype.xml#hamlet,,,,Sir Benfro - Pembrokeshire,http://data.ordnancesurvey.co.uk/id/7000000000025490,http://data.ordnancesurvey.co.uk/ontology/admingeo/UnitaryAuthority,Wales,http://data.ordnancesurvey.co.uk/id/7000000000041424,Wales,http://data.ordnancesurvey.co.uk/id/country/wales,osgb4000000020845624,,
osgb4000000020845621,http://data.ordnancesurvey.co.uk/id/osgb4000000020845621,Addlegutter Lane,,,,transportNetwork,Named Road,193168.982,195651.620,6000,20000,192688.000,195499.000,193644.814,195652.455,SA71,http://data.ordnancesurvey.co.uk/id/postcodedistrict/SA71,,,,,,,Sir Benfro - Pembrokeshire,http://data.ordnancesurvey.co.uk/id/7000000000025490,http://data.ordnancesurvey.co.uk/ontology/admingeo/UnitaryAuthority,Wales,http://data.ordnancesurvey.co.uk/id/7000000000041424,Wales,http://data.ordnancesurvey.co.uk/id/country/wales,,,
osgb4000000020845629,http://data.ordnancesurvey.co.uk/id/osgb4000000020845629,North Lane,,,,transportNetwork,Named Road,193819.829,197866.855,14000,20000,192721.309,197647.787,194920.621,197954.530,SA71,http://data.ordnancesurvey.co.uk/id/postcodedistrict/SA71,,,,,,,Sir Benfro - Pembrokeshire,http://data.ordnancesurvey.co.uk/id/7000000000025490,http://data.ordnancesurvey.co.uk/ontology/admingeo/UnitaryAuthority,Wales,http://data.ordnancesurvey.co.uk/id/7000000000041424,Wales,http://data.ordnancesurvey.co.uk/id/country/wales,,,
osgb4000000020845622,http://data.ordnancesurvey.co.uk/id/osgb4000000020845622,Lyserry Lane,,,,transportNetwork,Named Road,195624.310,196151.000,9000,20000,195560.804,195385.745,196149.000,196774.345,SA71,http://data.ordnancesurvey.co.uk/id/postcodedistrict/SA71,,,,,,,Sir Benfro - Pembrokeshire,http://data.ordnancesurvey.co.uk/id/7000000000025490,http://data.ordnancesurvey.co.uk/ontology/admingeo/UnitaryAuthority,Wales,http://data.ordnancesurvey.co.uk/id/7000000000041424,Wales,http://data.ordnancesurvey.co.uk/id/country/wales,,,
89b8da07-7bb7-495e-add0-6aaf085034f8,http://data.ordnancesurvey.co.uk/id/89b8da07-7bb7-495e-add0-6aaf085034f8,Pwll Street,,,,transportNetwork,Section Of Named Road,191458.712,198268.830,1000,25000,191367.240,198186.218,191548.933,198318.967,SA71,http://data.ordnancesurvey.co.uk/id/postcodedistrict/SA71,Castlemartin,http://data.ordnancesurvey.co.uk/id/4000000074550906,http://www.ordnancesurvey.co.uk/xml/codelists/localtype.xml#village,,,,Sir Benfro - Pembrokeshire,http://data.ordnancesurvey.co.uk/id/7000000000025490,http://data.ordnancesurvey.co.uk/ontology/admingeo/UnitaryAuthority,Wales,http://data.ordnancesurvey.co.uk/id/7000000000041424,Wales,http://data.ordnancesurvey.co.uk/id/country/wales,osgb4000000020845628,,
osgb4000000020845618,http://data.ordnancesurvey.co.uk/id/osgb4000000020845618,Ermigate Lane,,,,transportNetwork,Named Road,192817.943,196134.203,19000,20000,192553.780,194621.275,193372.265,197505.599,SA71,http://data.ordnancesurvey.co.uk/id/postcodedistrict/SA71,,,,,,,Sir Benfro - Pembrokeshire,http://data.ordnancesurvey.co.uk/id/7000000000025490,http://data.ordnancesurvey.co.uk/ontology/admingeo/UnitaryAuthority,Wales,http://data.ordnancesurvey.co.uk/id/7000000000041424,Wales,http://data.ordnancesurvey.co.uk/id/country/wales,,,
osgb4000000020845625,http://data.ordnancesurvey.co.uk/id/osgb4000000020845625,Windmill Lane,,,,transportNetwork,Named Road,193195.080,198015.430,6000,20000,192998.497,197540.830,193365.231,198524.285,SA71,http://data.ordnancesurvey.co.uk/id/postcodedistrict/SA71,,,,,,,Sir Benfro - Pembrokeshire,http://data.ordnancesurvey.co.uk/id/7000000000025490,http://data.ordnancesurvey.co.uk/ontology/admingeo/UnitaryAuthority,Wales,http://data.ordnancesurvey.co.uk/id/7000000000041424,Wales,http://data.ordnancesurvey.co.uk/id/country/wales,,,
fb2cc8bf-34e7-424f-b66d-8a89c3e8d69f,http://data.ordnancesurvey.co.uk/id/fb2cc8bf-34e7-424f-b66d-8a89c3e8d69f,Merrion Cross,,,,transportNetwork,Section Of Named Road,194046.262,196955.552,7000,25000,193526.344,196900.290,194605.898,197014.115,SA71,http://data.ordnancesurvey.co.uk/id/postcodedistrict/SA71,Merrion,http://data.ordnancesurvey.co.uk/id/4000000074550904,http://www.ordnancesurvey.co.uk/xml/codelists/localtype.xml#otherSettlement,,,,Sir Benfro - Pembrokeshire,http://data.ordnancesurvey.co.uk/id/7000000000025490,http://data.ordnancesurvey.co.uk/ontology/admingeo/UnitaryAuthority,Wales,http://data.ordnancesurvey.co.uk/id/7000000000041424,Wales,http://data.ordnancesurvey.co.uk/id/country/wales,osgb4000000020845619,,
osgb4000000020845630,http://data.ordnancesurvey.co.uk/id/osgb4000000020845630,Deer Park View,,,,transportNetwork,Named Road,198422.022,196339.673,1000,20000,198358.000,196315.600,198495.280,196370.000,SA71,http://data.ordnancesurvey.co.uk/id/postcodedistrict/SA71,Stackpole,http://data.ordnancesurvey.co.uk/id/4000000074550527,http://www.ordnancesurvey.co.uk/xml/codelists/localtype.xml#village,,,,Sir Benfro - Pembrokeshire,http://data.ordnancesurvey.co.uk/id/7000000000025490,http://data.ordnancesurvey.co.uk/ontology/admingeo/UnitaryAuthority,Wales,http://data.ordnancesurvey.co.uk/id/7000000000041424,Wales,http://data.ordnancesurvey.co.uk/id/country/wales,,,
osgb4000000020845631,http://data.ordnancesurvey.co.uk/id/osgb4000000020845631,Windsor Road,,,,transportNetwork,Named Road,196650.950,194629.390,1000,20000,196577.950,194586.390,196667.675,194651.191,SA71,http://data.ordnancesurvey.co.uk/id/postcodedistrict/SA71,Bosherston,http://data.ordnancesurvey.co.uk/id/4000000074550528,http://www.ordnancesurvey.co.uk/xml/codelists/localtype.xml#village,,,,Sir Benfro - Pembrokeshire,http://data.ordnancesurvey.co.uk/id/7000000000025490,http://data.ordnancesurvey.co.uk/ontology/admingeo/UnitaryAuthority,Wales,http://data.ordnancesurvey.co.uk/id/7000000000041424,Wales,http://data.ordnancesurvey.co.uk/id/country/wales,,,
osgb4000000020845620,http://data.ordnancesurvey.co.uk/id/osgb4000000020845620,Longstone Lane,,,,transportNetwork,Named Road,193685.021,195749.870,16000,20000,193583.000,194535.000,193780.015,196987.171,SA71,http://data.ordnancesurvey.co.uk/id/postcodedistrict/SA71,,,,,,,Sir Benfro - Pembrokeshire,http://data.ordnancesurvey.co.uk/id/7000000000025490,http://data.ordnancesurvey.co.uk/ontology/admingeo/UnitaryAuthority,Wales,http://data.ordnancesurvey.co.uk/id/7000000000041424,Wales,http://data.ordnancesurvey.co.uk/id/country/wales,,,
osgb4000000020845714,http://data.ordnancesurvey.co.uk/id/osgb4000000020845714,Church Lane,,,,transportNetwork,Named Road,191144.065,198694.048,3000,20000,190991.891,198458.336,191261.318,198895.554,SA71,http://data.ordnancesurvey.co.uk/id/postcodedistrict/SA71,,,,,,,Sir Benfro - Pembrokeshire,http://data.ordnancesurvey.co.uk/id/7000000000025490,http://data.ordnancesurvey.co.uk/ontology/admingeo/UnitaryAuthority,Wales,http://data.ordnancesurvey.co.uk/id/7000000000041424,Wales,http://data.ordnancesurvey.co.uk/id/country/wales,,,
SA715HS,http://data.ordnancesurvey.co.uk/id/postcodeunit/SA715HS,SA71 5HS,,,,other,Postcode,193167.071,197576.314,3500,18000,,,,,,,Warren,http://data.ordnancesurvey.co.uk/id/4000000074541314,http://www.ordnancesurvey.co.uk/xml/codelists/localtype.xml#hamlet,,,,Sir Benfro - Pembrokeshire,http://data.ordnancesurvey.co.uk/id/7000000000025490,http://data.ordnancesurvey.co.uk/ontology/admingeo/UnitaryAuthority,Wales,http://data.ordnancesurvey.co.uk/id/7000000000041424,Wales,http://data.ordnancesurvey.co.uk/id/country/wales,,,
SA715DA,http://data.ordnancesurvey.co.uk/id/postcodeunit/SA715DA,SA71 5DA,,,,other,Postcode,198453.700,196476.600,3500,18000,,,,,,,Stackpole,http://data.ordnancesurvey.co.uk/id/4000000074550527,http://www.ordnancesurvey.co.uk/xml/codelists/localtype.xml#village,,,,Sir Benfro - Pembrokeshire,http://data.ordnancesurvey.co.uk/id/7000000000025490,http://data.ordnancesurvey.co.uk/ontology/admingeo/UnitaryAuthority,Wales,http://data.ordnancesurvey.co.uk/id/7000000000041424,Wales,http://data.ordnancesurvey.co.uk/id/country/wales,,,
20ac6ad7-7727-44a1-92e5-d59c1c9cfd4e,http://data.ordnancesurvey.co.uk/id/20ac6ad7-7727-44a1-92e5-d59c1c9cfd4e,Church Lane,,,,transportNetwork,Section Of Named Road,191245.684,198553.861,1000,25000,191234.843,198458.336,191261.318,198581.744,SA71,http://data.ordnancesurvey.co.uk/id/postcodedistrict/SA71,Castlemartin,http://data.ordnancesurvey.co.uk/id/4000000074550906,http://www.ordnancesurvey.co.uk/xml/codelists/localtype.xml#village,,,,Sir Benfro - Pembrokeshire,http://data.ordnancesurvey.co.uk/id/7000000000025490,http://data.ordnancesurvey.co.uk/ontology/admingeo/UnitaryAuthority,Wales,http://data.ordnancesurvey.co.uk/id/7000000000041424,Wales,http://data.ordnancesurvey.co.uk/id/country/wales,osgb4000000020845714,,
osgb4000000017184166,http://data.ordnancesurvey.co.uk/id/osgb4000000017184166,Clay Lane,,,,transportNetwork,Named Road,196101.036,199865.064,12000,20000,195183.905,199424.000,196966.000,200038.009,SA71,http://data.ordnancesurvey.co.uk/id/postcodedistrict/SA71,,,,,,,Sir Benfro - Pembrokeshire,http://data.ordnancesurvey.co.uk/id/7000000000025490,http://data.ordnancesurvey.co.uk/ontology/admingeo/UnitaryAuthority,Wales,http://data.ordnancesurvey.co.uk/id/7000000000041424,Wales,http://data.ordnancesurvey.co.uk/id/country/wales,,,
