osgb4000000074575102,http://data.ordnancesurvey.co.uk/id/osgb4000000074575102,Pentire,,,,populatedPlace,Suburban Area,179510.140,61400.340,10000,25000,178808.385,61055.072,180294.269,61740.596,TR7,http://data.ordnancesurvey.co.uk/id/postcodedistrict/TR7,,,,,,,Cornwall,http://data.ordnancesurvey.co.uk/id/7000000000043750,http://data.ordnancesurvey.co.uk/ontology/admingeo/UnitaryAuthority,South West,http://data.ordnancesurvey.co.uk/id/7000000000041427,England,http://data.ordnancesurvey.co.uk/id/country/england,,,
osgb4000000074575103,http://data.ordnancesurvey.co.uk/id/osgb4000000074575103,West Pentire,,,,populatedPlace,Hamlet,177700.700,60628.600,5000,25000,177440.315,60327.754,177952.202,60827.754,TR8,http://data.ordnancesurvey.co.uk/id/postcodedistrict/TR8,,,,,,,Cornwall,http://data.ordnancesurvey.co.uk/id/7000000000043750,http://data.ordnancesurvey.co.uk/ontology/admingeo/UnitaryAuthority,South West,http://data.ordnancesurvey.co.uk/id/7000000000041427,England,http://data.ordnancesurvey.co.uk/id/country/england,,,
osgb4000000074575101,http://data.ordnancesurvey.co.uk/id/osgb4000000074575101,Crantock,,,,populatedPlace,Village,179032.240,60227.140,7000,250000,178327.657,59775.269,179337.661,60670.632,TR8,http://data.ordnancesurvey.co.uk/id/postcodedistrict/TR8,,,,,,,Cornwall,http://data.ordnancesurvey.co.uk/id/7000000000043750,http://data.ordnancesurvey.co.uk/ontology/admingeo/UnitaryAuthority,South West,http://data.ordnancesurvey.co.uk/id/7000000000041427,England,http://data.ordnancesurvey.co.uk/id/country/england,,http://dbpedia.org/resource/Crantock,http://sws.geonames.org/2652076
TR71SR,http://data.ordnancesurvey.co.uk/id/postcodeunit/TR71SR,TR7 1SR,,,,other,Postcode,179689.500,61376.400,3500,18000,,,,,,,Newquay,http://data.ordnancesurvey.co.uk/id/4000000074577732,http://www.ordnancesurvey.co.uk/xml/codelists/localtype.xml#town,,,,Cornwall,http://data.ordnancesurvey.co.uk/id/7000000000043750,http://data.ordnancesurvey.co.uk/ontology/admingeo/UnitaryAuthority,South West,http://data.ordnancesurvey.co.uk/id/7000000000041427,England,http://data.ordnancesurvey.co.uk/id/country/england,,,
TR71PF,http://data.ordnancesurvey.co.uk/id/postcodeunit/TR71PF,TR7 1PF,,,,other,Postcode,178965.000,61408.740,3500,18000,,,,,,,Newquay,http://data.ordnancesurvey.co.uk/id/4000000074577732,http://www.ordnancesurvey.co.uk/xml/codelists/localtype.xml#town,,,,Cornwall,http://data.ordnancesurvey.co.uk/id/7000000000043750,http://data.ordnancesurvey.co.uk/ontology/admingeo/UnitaryAuthority,South West,http://data.ordnancesurvey.co.uk/id/7000000000041427,England,http://data.ordnancesurvey.co.uk/id/country/england,,,
TR85RZ,http://data.ordnancesurvey.co.uk/id/postcodeunit/TR85RZ,TR8 5RZ,,,,other,Postcode,178858.300,60275.500,3500,18000,,,,,,,Crantock,http://data.ordnancesurvey.co.uk/id/4000000074575101,http://www.ordnancesurvey.co.uk/xml/codelists/localtype.xml#village,,,,Cornwall,http://data.ordnancesurvey.co.uk/id/7000000000043750,http://data.ordnancesurvey.co.uk/ontology/admingeo/UnitaryAuthority,South West,http://data.ordnancesurvey.co.uk/id/7000000000041427,England,http://data.ordnancesurvey.co.uk/id/country/england,,,
TR85SE,http://data.ordnancesurvey.co.uk/id/postcodeunit/TR85SE,TR8 5SE,,,,other,Postcode,177679.814,60641.795,3500,18000,,,,,,,West Pentire,http://data.ordnancesurvey.co.uk/id/4000000074575103,http://www.ordnancesurvey.co.uk/xml/codelists/localtype.xml#hamlet,,,,Cornwall,http://data.ordnancesurvey.co.uk/id/7000000000043750,http://data.ordnancesurvey.co.uk/ontology/admingeo/UnitaryAuthority,South West,http://data.ordnancesurvey.co.uk/id/7000000000041427,England,http://data.ordnancesurvey.co.uk/id/country/england,,,
TR71FQ,http://data.ordnancesurvey.co.uk/id/postcodeunit/TR71FQ,TR7 1FQ,,,,other,Postcode,179805.520,61381.895,3500,18000,,,,,,,Newquay,http://data.ordnancesurvey.co.uk/id/4000000074577732,http://www.ordnancesurvey.co.uk/xml/codelists/localtype.xml#town,,,,Cornwall,http://data.ordnancesurvey.co.uk/id/7000000000043750,http://data.ordnancesurvey.co.uk/ontology/admingeo/UnitaryAuthority,South West,http://data.ordnancesurvey.co.uk/id/7000000000041427,England,http://data.ordnancesurvey.co.uk/id/country/england,,,
TR85RB,http://data.ordnancesurvey.co.uk/id/postcodeunit/TR85RB,TR8 5RB,,,,other,Postcode,179121.127,60456.492,3500,18000,,,,,,,Crantock,http://data.ordnancesurvey.co.uk/id/4000000074575101,http://www.ordnancesurvey.co.uk/xml/codelists/localtype.xml#village,,,,Cornwall,http://data.ordnancesurvey.co.uk/id/7000000000043750,http://data.ordnancesurvey.co.uk/ontology/admingeo/UnitaryAuthority,South West,http://data.ordnancesurvey.co.uk/id/7000000000041427,England,http://data.ordnancesurvey.co.uk/id/country/england,,,
TR71QE,http://data.ordnancesurvey.co.uk/id/postcodeunit/TR71QE,TR7 1QE,,,,other,Postcode,179558.500,61198.500,3500,18000,,,,,,,Newquay,http://data.ordnancesurvey.co.uk/id/4000000074577732,http://www.ordnancesurvey.co.uk/xml/codelists/localtype.xml#town,,,,Cornwall,http://data.ordnancesurvey.co.uk/id/7000000000043750,http://data.ordnancesurvey.co.uk/ontology/admingeo/UnitaryAuthority,South West,http://data.ordnancesurvey.co.uk/id/7000000000041427,England,http://data.ordnancesurvey.co.uk/id/country/england,,,
TR85RG,http://data.ordnancesurvey.co.uk/id/postcodeunit/TR85RG,TR8 5RG,,,,other,Postcode,178893.300,60390.300,3500,18000,,,,,,,Crantock,http://data.ordnancesurvey.co.uk/id/4000000074575101,http://www.ordnancesurvey.co.uk/xml/codelists/localtype.xml#village,,,,Cornwall,http://data.ordnancesurvey.co.uk/id/7000000000043750,http://data.ordnancesurvey.co.uk/ontology/admingeo/UnitaryAuthority,South West,http://data.ordnancesurvey.co.uk/id/7000000000041427,England,http://data.ordnancesurvey.co.uk/id/country/england,,,
TR71PB,http://data.ordnancesurvey.co.uk/id/postcodeunit/TR71PB,TR7 1PB,,,,other,Postcode,179629.236,61389.899,3500,18000,,,,,,,Newquay,http://data.ordnancesurvey.co.uk/id/4000000074577732,http://www.ordnancesurvey.co.uk/xml/codelists/localtype.xml#town,,,,Cornwall,http://data.ordnancesurvey.co.uk/id/7000000000043750,http://data.ordnancesurvey.co.uk/ontology/admingeo/UnitaryAuthority,South West,http://data.ordnancesurvey.co.uk/id/7000000000041427,England,http://data.ordnancesurvey.co.uk/id/country/england,,,
TR85SF,http://data.ordnancesurvey.co.uk/id/postcodeunit/TR85SF,TR8 5SF,,,,other,Postcode,179074.100,60101.300,3500,18000,,,,,,,Crantock,http://data.ordnancesurvey.co.uk/id/4000000074575101,http://www.ordnancesurvey.co.uk/xml/codelists/localtype.xml#village,,,,Cornwall,http://data.ordnancesurvey.co.uk/id/7000000000043750,http://data.ordnancesurvey.co.uk/ontology/admingeo/UnitaryAuthority,South West,http://data.ordnancesurvey.co.uk/id/7000000000041427,England,http://data.ordnancesurvey.co.uk/id/country/england,,,
TR71SY,http://data.ordnancesurvey.co.uk/id/postcodeunit/TR71SY,TR7 1SY,,,,other,Postcode,179332.100,61552.200,3500,18000,,,,,,,Newquay,http://data.ordnancesurvey.co.uk/id/4000000074577732,http://www.ordnancesurvey.co.uk/xml/codelists/localtype.xml#town,,,,Cornwall,http://data.ordnancesurvey.co.uk/id/7000000000043750,http://data.ordnancesurvey.co.uk/ontology/admingeo/UnitaryAuthority,South West,http://data.ordnancesurvey.co.uk/id/7000000000041427,England,http://data.ordnancesurvey.co.uk/id/country/england,,,
TR71QD,http://data.ordnancesurvey.co.uk/id/postcodeunit/TR71QD,TR7 1QD,,,,other,Postcode,178573.800,61534.100,3500,18000,,,,,,,,,,,,,Cornwall,http://data.ordnancesurvey.co.uk/id/7000000000043750,http://data.ordnancesurvey.co.uk/ontology/admingeo/UnitaryAuthority,South West,http://data.ordnancesurvey.co.uk/id/7000000000041427,England,http://data.ordnancesurvey.co.uk/id/country/england,,,
TR85SB,http://data.ordnancesurvey.co.uk/id/postcodeunit/TR85SB,TR8 5SB,,,,other,Postcode,178987.200,60314.700,3500,18000,,,,,,,Crantock,http://data.ordnancesurvey.co.uk/id/4000000074575101,http://www.ordnancesurvey.co.uk/xml/codelists/localtype.xml#village,,,,Cornwall,http://data.ordnancesurvey.co.uk/id/7000000000043750,http://data.ordnancesurvey.co.uk/ontology/admingeo/UnitaryAuthority,South West,http://data.ordnancesurvey.co.uk/id/7000000000041427,England,http://data.ordnancesurvey.co.uk/id/country/england,,,
TR71NU,http://data.ordnancesurvey.co.uk/id/postcodeunit/TR71NU,TR7 1NU,,,,other,Postcode,179151.300,61491.800,3500,18000,,,,,,,Newquay,http://data.ordnancesurvey.co.uk/id/4000000074577732,http://www.ordnancesurvey.co.uk/xml/codelists/localtype.xml#town,,,,Cornwall,http://data.ordnancesurvey.co.uk/id/7000000000043750,http://data.ordnancesurvey.co.uk/ontology/admingeo/UnitaryAuthority,South West,http://data.ordnancesurvey.co.uk/id/7000000000041427,England,http://data.ordnancesurvey.co.uk/id/country/england,,,
TR71PE,http://data.ordnancesurvey.co.uk/id/postcodeunit/TR71PE,TR7 1PE,,,,other,Postcode,179198.300,61432.600,3500,18000,,,,,,,Newquay,http://data.ordnancesurvey.co.uk/id/4000000074577732,http://www.ordnancesurvey.co.uk/xml/codelists/localtype.xml#town,,,,Cornwall,http://data.ordnancesurvey.co.uk/id/7000000000043750,http://data.ordnancesurvey.co.uk/ontology/admingeo/UnitaryAuthority,South West,http://data.ordnancesurvey.co.uk/id/7000000000041427,England,http://data.ordnancesurvey.co.uk/id/country/england,,,
TR71PT,http://data.ordnancesurvey.co.uk/id/postcodeunit/TR71PT,TR7 1PT,,,,other,Postcode,179389.800,61533.700,3500,18000,,,,,,,Newquay,http://data.ordnancesurvey.co.uk/id/4000000074577732,http://www.ordnancesurvey.co.uk/xml/codelists/localtype.xml#town,,,,Cornwall,http://data.ordnancesurvey.co.uk/id/7000000000043750,http://data.ordnancesurvey.co.uk/ontology/admingeo/UnitaryAuthority,South West,http://data.ordnancesurvey.co.uk/id/7000000000041427,England,http://data.ordnancesurvey.co.uk/id/country/england,,,
TR85RY,http://data.ordnancesurvey.co.uk/id/postcodeunit/TR85RY,TR8 5RY,,,,other,Postcode,178931.600,60182.800,3500,18000,,,,,,,Crantock,http://data.ordnancesurvey.co.uk/id/4000000074575101,http://www.ordnancesurvey.co.uk/xml/codelists/localtype.xml#village,,,,Cornwall,http://data.ordnancesurvey.co.uk/id/7000000000043750,http://data.ordnancesurvey.co.uk/ontology/admingeo/UnitaryAuthority,South West,http://data.ordnancesurvey.co.uk/id/7000000000041427,England,http://data.ordnancesurvey.co.uk/id/country/england,,,
TR85RQ,http://data.ordnancesurvey.co.uk/id/postcodeunit/TR85RQ,TR8 5RQ,,,,other,Postcode,179216.900,60452.200,3500,18000,,,,,,,Crantock,http://data.ordnancesurvey.co.uk/id/4000000074575101,http://www.ordnancesurvey.co.uk/xml/codelists/localtype.xml#village,,,,Cornwall,http://data.ordnancesurvey.co.uk/id/7000000000043750,http://data.ordnancesurvey.co.uk/ontology/admingeo/UnitaryAuthority,South West,http://data.ordnancesurvey.co.uk/id/7000000000041427,England,http://data.ordnancesurvey.co.uk/id/country/england,,,
TR71TT,http://data.ordnancesurvey.co.uk/id/postcodeunit/TR71TT,TR7 1TT,,,,other,Postcode,179089.800,61474.100,3500,18000,,,,,,,Newquay,http://data.ordnancesurvey.co.uk/id/4000000074577732,http://www.ordnancesurvey.co.uk/xml/codelists/localtype.xml#town,,,,Cornwall,http://data.ordnancesurvey.co.uk/id/7000000000043750,http://data.ordnancesurvey.co.uk/ontology/admingeo/UnitaryAuthority,South West,http://data.ordnancesurvey.co.uk/id/7000000000041427,England,http://data.ordnancesurvey.co.uk/id/country/england,,,
TR85RW,http://data.ordnancesurvey.co.uk/id/postcodeunit/TR85RW,TR8 5RW,,,,other,Postcode,179174.500,60391.900,3500,18000,,,,,,,Crantock,http://data.ordnancesurvey.co.uk/id/4000000074575101,http://www.ordnancesurvey.co.uk/xml/codelists/localtype.xml#village,,,,Cornwall,http://data.ordnancesurvey.co.uk/id/7000000000043750,http://data.ordnancesurvey.co.uk/ontology/admingeo/UnitaryAuthority,South West,http://data.ordnancesurvey.co.uk/id/7000000000041427,England,http://data.ordnancesurvey.co.uk/id/country/england,,,
TR85SQ,http://data.ordnancesurvey.co.uk/id/postcodeunit/TR85SQ,TR8 5SQ,,,,other,Postcode,179078.594,60045.385,3500,18000,,,,,,,Crantock,http://data.ordnancesurvey.co.uk/id/4000000074575101,http://www.ordnancesurvey.co.uk/xml/codelists/localtype.xml#village,,,,Cornwall,http://data.ordnancesurvey.co.uk/id/7000000000043750,http://data.ordnancesurvey.co.uk/ontology/admingeo/UnitaryAuthority,South West,http://data.ordnancesurvey.co.uk/id/7000000000041427,England,http://data.ordnancesurvey.co.uk/id/country/england,,,
TR71PX,http://data.ordnancesurvey.co.uk/id/postcodeunit/TR71PX,TR7 1PX,,,,other,Postcode,179793.300,61324.300,3500,18000,,,,,,,Newquay,http://data.ordnancesurvey.co.uk/id/4000000074577732,http://www.ordnancesurvey.co.uk/xml/codelists/localtype.xml#town,,,,Cornwall,http://data.ordnancesurvey.co.uk/id/7000000000043750,http://data.ordnancesurvey.co.uk/ontology/admingeo/UnitaryAuthority,South West,http://data.ordnancesurvey.co.uk/id/7000000000041427,England,http://data.ordnancesurvey.co.uk/id/country/england,,,
TR71PS,http://data.ordnancesurvey.co.uk/id/postcodeunit/TR71PS,TR7 1PS,,,,other,Postcode,179597.500,61510.700,3500,18000,,,,,,,Newquay,http://data.ordnancesurvey.co.uk/id/4000000074577732,http://www.ordnancesurvey.co.uk/xml/codelists/localtype.xml#town,,,,Cornwall,http://data.ordnancesurvey.co.uk/id/7000000000043750,http://data.ordnancesurvey.co.uk/ontology/admingeo/UnitaryAuthority,South West,http://data.ordnancesurvey.co.uk/id/7000000000041427,England,http://data.ordnancesurvey.co.uk/id/country/england,,,
TR71FS,http://data.ordnancesurvey.co.uk/id/postcodeunit/TR71FS,TR7 1FS,,,,other,Postcode,179176.500,61480.500,3500,18000,,,,,,,Newquay,http://data.ordnancesurvey.co.uk/id/4000000074577732,http://www.ordnancesurvey.co.uk/xml/codelists/localtype.xml#town,,,,Cornwall,http://data.ordnancesurvey.co.uk/id/7000000000043750,http://data.ordnancesurvey.co.uk/ontology/admingeo/UnitaryAuthority,South West,http://data.ordnancesurvey.co.uk/id/7000000000041427,England,http://data.ordnancesurvey.co.uk/id/country/england,,,
TR85RF,http://data.ordnancesurvey.co.uk/id/postcodeunit/TR85RF,TR8 5RF,,,,other,Postcode,178851.800,60519.800,3500,18000,,,,,,,Crantock,http://data.ordnancesurvey.co.uk/id/4000000074575101,http://www.ordnancesurvey.co.uk/xml/codelists/localtype.xml#village,,,,Cornwall,http://data.ordnancesurvey.co.uk/id/7000000000043750,http://data.ordnancesurvey.co.uk/ontology/admingeo/UnitaryAuthority,South West,http://data.ordnancesurvey.co.uk/id/7000000000041427,England,http://data.ordnancesurvey.co.uk/id/country/england,,,
TR85EP,http://data.ordnancesurvey.co.uk/id/postcodeunit/TR85EP,TR8 5EP,,,,other,Postcode,179645.600,60021.200,3500,18000,,,,,,,,,,,,,Cornwall,http://data.ordnancesurvey.co.uk/id/7000000000043750,http://data.ordnancesurvey.co.uk/ontology/admingeo/UnitaryAuthority,South West,http://data.ordnancesurvey.co.uk/id/7000000000041427,England,http://data.ordnancesurvey.co.uk/id/country/england,,,
TR71NY,http://data.ordnancesurvey.co.uk/id/postcodeunit/TR71NY,TR7 1NY,,,,other,Postcode,179764.600,61414.000,3500,18000,,,,,,,Newquay,http://data.ordnancesurvey.co.uk/id/4000000074577732,http://www.ordnancesurvey.co.uk/xml/codelists/localtype.xml#town,,,,Cornwall,http://data.ordnancesurvey.co.uk/id/7000000000043750,http://data.ordnancesurvey.co.uk/ontology/admingeo/UnitaryAuthority,South West,http://data.ordnancesurvey.co.uk/id/7000000000041427,England,http://data.ordnancesurvey.co.uk/id/country/england,,,
TR85RU,http://data.ordnancesurvey.co.uk/id/postcodeunit/TR85RU,TR8 5RU,,,,other,Postcode,178995.600,60026.400,3500,18000,,,,,,,Crantock,http://data.ordnancesurvey.co.uk/id/4000000074575101,http://www.ordnancesurvey.co.uk/xml/codelists/localtype.xml#village,,,,Cornwall,http://data.ordnancesurvey.co.uk/id/7000000000043750,http://data.ordnancesurvey.co.uk/ontology/admingeo/UnitaryAuthority,South West,http://data.ordnancesurvey.co.uk/id/7000000000041427,England,http://data.ordnancesurvey.co.uk/id/country/england,,,
TR85SG,http://data.ordnancesurvey.co.uk/id/postcodeunit/TR85SG,TR8 5SG,,,,other,Postcode,178801.600,60200.300,3500,18000,,,,,,,Crantock,http://data.ordnancesurvey.co.uk/id/4000000074575101,http://www.ordnancesurvey.co.uk/xml/codelists/localtype.xml#village,,,,Cornwall,http://data.ordnancesurvey.co.uk/id/7000000000043750,http://data.ordnancesurvey.co.uk/ontology/admingeo/UnitaryAuthority,South West,http://data.ordnancesurvey.co.uk/id/7000000000041427,England,http://data.ordnancesurvey.co.uk/id/country/england,,,
TR85RE,http://data.ordnancesurvey.co.uk/id/postcodeunit/TR85RE,TR8 5RE,,,,other,Postcode,179004.800,60473.800,3500,18000,,,,,,,Crantock,http://data.ordnancesurvey.co.uk/id/4000000074575101,http://www.ordnancesurvey.co.uk/xml/codelists/localtype.xml#village,,,,Cornwall,http://data.ordnancesurvey.co.uk/id/7000000000043750,http://data.ordnancesurvey.co.uk/ontology/admingeo/UnitaryAuthority,South West,http://data.ordnancesurvey.co.uk/id/7000000000041427,England,http://data.ordnancesurvey.co.uk/id/country/england,,,
TR71GW,http://data.ordnancesurvey.co.uk/id/postcodeunit/TR71GW,TR7 1GW,,,,other,Postcode,179679.600,61285.200,3500,18000,,,,,,,Newquay,http://data.ordnancesurvey.co.uk/id/4000000074577732,http://www.ordnancesurvey.co.uk/xml/codelists/localtype.xml#town,,,,Cornwall,http://data.ordnancesurvey.co.uk/id/7000000000043750,http://data.ordnancesurvey.co.uk/ontology/admingeo/UnitaryAuthority,South West,http://data.ordnancesurvey.co.uk/id/7000000000041427,England,http://data.ordnancesurvey.co.uk/id/country/england,,,
TR85QS,http://data.ordnancesurvey.co.uk/id/postcodeunit/TR85QS,TR8 5QS,,,,other,Postcode,178179.500,60024.200,3500,18000,,,,,,,,,,,,,Cornwall,http://data.ordnancesurvey.co.uk/id/7000000000043750,http://data.ordnancesurvey.co.uk/ontology/admingeo/UnitaryAuthority,South West,http://data.ordnancesurvey.co.uk/id/7000000000041427,England,http://data.ordnancesurvey.co.uk/id/country/england,,,
TR71PW,http://data.ordnancesurvey.co.uk/id/postcodeunit/TR71PW,TR7 1PW,,,,other,Postcode,179374.100,61354.000,3500,18000,,,,,,,Newquay,http://data.ordnancesurvey.co.uk/id/4000000074577732,http://www.ordnancesurvey.co.uk/xml/codelists/localtype.xml#town,,,,Cornwall,http://data.ordnancesurvey.co.uk/id/7000000000043750,http://data.ordnancesurvey.co.uk/ontology/admingeo/UnitaryAuthority,South West,http://data.ordnancesurvey.co.uk/id/7000000000041427,England,http://data.ordnancesurvey.co.uk/id/country/england,,,
TR71FJ,http://data.ordnancesurvey.co.uk/id/postcodeunit/TR71FJ,TR7 1FJ,,,,other,Postcode,179618.190,61473.770,3500,18000,,,,,,,Newquay,http://data.ordnancesurvey.co.uk/id/4000000074577732,http://www.ordnancesurvey.co.uk/xml/codelists/localtype.xml#town,,,,Cornwall,http://data.ordnancesurvey.co.uk/id/7000000000043750,http://data.ordnancesurvey.co.uk/ontology/admingeo/UnitaryAuthority,South West,http://data.ordnancesurvey.co.uk/id/7000000000041427,England,http://data.ordnancesurvey.co.uk/id/country/england,,,
TR85RR,http://data.ordnancesurvey.co.uk/id/postcodeunit/TR85RR,TR8 5RR,,,,other,Postcode,179120.900,60331.700,3500,18000,,,,,,,Crantock,http://data.ordnancesurvey.co.uk/id/4000000074575101,http://www.ordnancesurvey.co.uk/xml/codelists/localtype.xml#village,,,,Cornwall,http://data.ordnancesurvey.co.uk/id/7000000000043750,http://data.ordnancesurvey.co.uk/ontology/admingeo/UnitaryAuthority,South West,http://data.ordnancesurvey.co.uk/id/7000000000041427,England,http://data.ordnancesurvey.co.uk/id/country/england,,,
TR71SL,http://data.ordnancesurvey.co.uk/id/postcodeunit/TR71SL,TR7 1SL,,,,other,Postcode,179914.700,61484.700,3500,18000,,,,,,,Newquay,http://data.ordnancesurvey.co.uk/id/4000000074577732,http://www.ordnancesurvey.co.uk/xml/codelists/localtype.xml#town,,,,Cornwall,http://data.ordnancesurvey.co.uk/id/7000000000043750,http://data.ordnancesurvey.co.uk/ontology/admingeo/UnitaryAuthority,South West,http://data.ordnancesurvey.co.uk/id/7000000000041427,England,http://data.ordnancesurvey.co.uk/id/country/england,,,
TR71PY,http://data.ordnancesurvey.co.uk/id/postcodeunit/TR71PY,TR7 1PY,,,,other,Postcode,179816.646,61514.838,3500,18000,,,,,,,Newquay,http://data.ordnancesurvey.co.uk/id/4000000074577732,http://www.ordnancesurvey.co.uk/xml/codelists/localtype.xml#town,,,,Cornwall,http://data.ordnancesurvey.co.uk/id/7000000000043750,http://data.ordnancesurvey.co.uk/ontology/admingeo/UnitaryAuthority,South West,http://data.ordnancesurvey.co.uk/id/7000000000041427,England,http://data.ordnancesurvey.co.uk/id/country/england,,,
TR71FB,http://data.ordnancesurvey.co.uk/id/postcodeunit/TR71FB,TR7 1FB,,,,other,Postcode,179747.600,61479.200,3500,18000,,,,,,,Newquay,http://data.ordnancesurvey.co.uk/id/4000000074577732,http://www.ordnancesurvey.co.uk/xml/codelists/localtype.xml#town,,,,Cornwall,http://data.ordnancesurvey.co.uk/id/7000000000043750,http://data.ordnancesurvey.co.uk/ontology/admingeo/UnitaryAuthority,South West,http://data.ordnancesurvey.co.uk/id/7000000000041427,England,http://data.ordnancesurvey.co.uk/id/country/england,,,
TR85RL,http://data.ordnancesurvey.co.uk/id/postcodeunit/TR85RL,TR8 5RL,,,,other,Postcode,179685.200,60727.000,3500,18000,,,,,,,,,,,,,Cornwall,http://data.ordnancesurvey.co.uk/id/7000000000043750,http://data.ordnancesurvey.co.uk/ontology/admingeo/UnitaryAuthority,South West,http://data.ordnancesurvey.co.uk/id/7000000000041427,England,http://data.ordnancesurvey.co.uk/id/country/england,,,
TR71TQ,http://data.ordnancesurvey.co.uk/id/postcodeunit/TR71TQ,TR7 1TQ,,,,other,Postcode,179671.900,61441.100,3500,18000,,,,,,,Newquay,http://data.ordnancesurvey.co.uk/id/4000000074577732,http://www.ordnancesurvey.co.uk/xml/codelists/localtype.xml#town,,,,Cornwall,http://data.ordnancesurvey.co.uk/id/7000000000043750,http://data.ordnancesurvey.co.uk/ontology/admingeo/UnitaryAuthority,South West,http://data.ordnancesurvey.co.uk/id/7000000000041427,England,http://data.ordnancesurvey.co.uk/id/country/england,,,
TR85RA,http://data.ordnancesurvey.co.uk/id/postcodeunit/TR85RA,TR8 5RA,,,,other,Postcode,179072.000,60413.200,3500,18000,,,,,,,Crantock,http://data.ordnancesurvey.co.uk/id/4000000074575101,http://www.ordnancesurvey.co.uk/xml/codelists/localtype.xml#village,,,,Cornwall,http://data.ordnancesurvey.co.uk/id/7000000000043750,http://data.ordnancesurvey.co.uk/ontology/admingeo/UnitaryAuthority,South West,http://data.ordnancesurvey.co.uk/id/7000000000041427,England,http://data.ordnancesurvey.co.uk/id/country/england,,,
TR71TN,http://data.ordnancesurvey.co.uk/id/postcodeunit/TR71TN,TR7 1TN,,,,other,Postcode,179456.300,61377.800,3500,18000,,,,,,,Newquay,http://data.ordnancesurvey.co.uk/id/4000000074577732,http://www.ordnancesurvey.co.uk/xml/codelists/localtype.xml#town,,,,Cornwall,http://data.ordnancesurvey.co.uk/id/7000000000043750,http://data.ordnancesurvey.co.uk/ontology/admingeo/UnitaryAuthority,South West,http://data.ordnancesurvey.co.uk/id/7000000000041427,England,http://data.ordnancesurvey.co.uk/id/country/england,,,
TR85ER,http://data.ordnancesurvey.co.uk/id/postcodeunit/TR85ER,TR8 5ER,,,,other,Postcode,179124.900,60354.900,3500,18000,,,,,,,Crantock,http://data.ordnancesurvey.co.uk/id/4000000074575101,http://www.ordnancesurvey.co.uk/xml/codelists/localtype.xml#village,,,,Cornwall,http://data.ordnancesurvey.co.uk/id/7000000000043750,http://data.ordnancesurvey.co.uk/ontology/admingeo/UnitaryAuthority,South West,http://data.ordnancesurvey.co.uk/id/7000000000041427,England,http://data.ordnancesurvey.co.uk/id/country/england,,,
TR85TR,http://data.ordnancesurvey.co.uk/id/postcodeunit/TR85TR,TR8 5TR,,,,other,Postcode,179314.100,60086.800,3500,18000,,,,,,,,,,,,,Cornwall,http://data.ordnancesurvey.co.uk/id/7000000000043750,http://data.ordnancesurvey.co.uk/ontology/admingeo/UnitaryAuthority,South West,http://data.ordnancesurvey.co.uk/id/7000000000041427,England,http://data.ordnancesurvey.co.uk/id/country/england,,,
TR71PU,http://data.ordnancesurvey.co.uk/id/postcodeunit/TR71PU,TR7 1PU,,,,other,Postcode,179652.519,61277.800,3500,18000,,,,,,,Newquay,http://data.ordnancesurvey.co.uk/id/4000000074577732,http://www.ordnancesurvey.co.uk/xml/codelists/localtype.xml#town,,,,Cornwall,http://data.ordnancesurvey.co.uk/id/7000000000043750,http://data.ordnancesurvey.co.uk/ontology/admingeo/UnitaryAuthority,South West,http://data.ordnancesurvey.co.uk/id/7000000000041427,England,http://data.ordnancesurvey.co.uk/id/country/england,,,
TR85RX,http://data.ordnancesurvey.co.uk/id/postcodeunit/TR85RX,TR8 5RX,,,,other,Postcode,179119.500,60108.600,3500,18000,,,,,,,Crantock,http://data.ordnancesurvey.co.uk/id/4000000074575101,http://www.ordnancesurvey.co.uk/xml/codelists/localtype.xml#village,,,,Cornwall,http://data.ordnancesurvey.co.uk/id/7000000000043750,http://data.ordnancesurvey.co.uk/ontology/admingeo/UnitaryAuthority,South West,http://data.ordnancesurvey.co.uk/id/7000000000041427,England,http://data.ordnancesurvey.co.uk/id/country/england,,,
TR71PH,http://data.ordnancesurvey.co.uk/id/postcodeunit/TR71PH,TR7 1PH,,,,other,Postcode,179331.300,61500.100,3500,18000,,,,,,,Newquay,http://data.ordnancesurvey.co.uk/id/4000000074577732,http://www.ordnancesurvey.co.uk/xml/codelists/localtype.xml#town,,,,Cornwall,http://data.ordnancesurvey.co.uk/id/7000000000043750,http://data.ordnancesurvey.co.uk/ontology/admingeo/UnitaryAuthority,South West,http://data.ordnancesurvey.co.uk/id/7000000000041427,England,http://data.ordnancesurvey.co.uk/id/country/england,,,
TR85RJ,http://data.ordnancesurvey.co.uk/id/postcodeunit/TR85RJ,TR8 5RJ,,,,other,Postcode,179400.100,60744.700,3500,18000,,,,,,,,,,,,,Cornwall,http://data.ordnancesurvey.co.uk/id/7000000000043750,http://data.ordnancesurvey.co.uk/ontology/admingeo/UnitaryAuthority,South West,http://data.ordnancesurvey.co.uk/id/7000000000041427,England,http://data.ordnancesurvey.co.uk/id/country/england,,,
TR71PQ,http://data.ordnancesurvey.co.uk/id/postcodeunit/TR71PQ,TR7 1PQ,,,,other,Postcode,179267.543,61362.000,3500,18000,,,,,,,Newquay,http://data.ordnancesurvey.co.uk/id/4000000074577732,http://www.ordnancesurvey.co.uk/xml/codelists/localtype.xml#town,,,,Cornwall,http://data.ordnancesurvey.co.uk/id/7000000000043750,http://data.ordnancesurvey.co.uk/ontology/admingeo/UnitaryAuthority,South West,http://data.ordnancesurvey.co.uk/id/7000000000041427,England,http://data.ordnancesurvey.co.uk/id/country/england,,,
TR85RD,http://data.ordnancesurvey.co.uk/id/postcodeunit/TR85RD,TR8 5RD,,,,other,Postcode,178962.500,60471.900,3500,18000,,,,,,,Crantock,http://data.ordnancesurvey.co.uk/id/4000000074575101,http://www.ordnancesurvey.co.uk/xml/codelists/localtype.xml#village,,,,Cornwall,http://data.ordnancesurvey.co.uk/id/7000000000043750,http://data.ordnancesurvey.co.uk/ontology/admingeo/UnitaryAuthority,South West,http://data.ordnancesurvey.co.uk/id/7000000000041427,England,http://data.ordnancesurvey.co.uk/id/country/england,,,
TR71FT,http://data.ordnancesurvey.co.uk/id/postcodeunit/TR71FT,TR7 1FT,,,,other,Postcode,179793.875,61266.653,3500,18000,,,,,,,Newquay,http://data.ordnancesurvey.co.uk/id/4000000074577732,http://www.ordnancesurvey.co.uk/xml/codelists/localtype.xml#town,,,,Cornwall,http://data.ordnancesurvey.co.uk/id/7000000000043750,http://data.ordnancesurvey.co.uk/ontology/admingeo/UnitaryAuthority,South West,http://data.ordnancesurvey.co.uk/id/7000000000041427,England,http://data.ordnancesurvey.co.uk/id/country/england,,,
TR85RS,http://data.ordnancesurvey.co.uk/id/postcodeunit/TR85RS,TR8 5RS,,,,other,Postcode,179109.300,60231.000,3500,18000,,,,,,,Crantock,http://data.ordnancesurvey.co.uk/id/4000000074575101,http://www.ordnancesurvey.co.uk/xml/codelists/localtype.xml#village,,,,Cornwall,http://data.ordnancesurvey.co.uk/id/7000000000043750,http://data.ordnancesurvey.co.uk/ontology/admingeo/UnitaryAuthority,South West,http://data.ordnancesurvey.co.uk/id/7000000000041427,England,http://data.ordnancesurvey.co.uk/id/country/england,,,
TR71PD,http://data.ordnancesurvey.co.uk/id/postcodeunit/TR71PD,TR7 1PD,,,,other,Postcode,179364.800,61421.700,3500,18000,,,,,,,Newquay,http://data.ordnancesurvey.co.uk/id/4000000074577732,http://www.ordnancesurvey.co.uk/xml/codelists/localtype.xml#town,,,,Cornwall,http://data.ordnancesurvey.co.uk/id/7000000000043750,http://data.ordnancesurvey.co.uk/ontology/admingeo/UnitaryAuthority,South West,http://data.ordnancesurvey.co.uk/id/7000000000041427,England,http://data.ordnancesurvey.co.uk/id/country/england,,,
TR85SN,http://data.ordnancesurvey.co.uk/id/postcodeunit/TR85SN,TR8 5SN,,,,other,Postcode,179024.700,60039.300,3500,18000,,,,,,,Crantock,http://data.ordnancesurvey.co.uk/id/4000000074575101,http://www.ordnancesurvey.co.uk/xml/codelists/localtype.xml#village,,,,Cornwall,http://data.ordnancesurvey.co.uk/id/7000000000043750,http://data.ordnancesurvey.co.uk/ontology/admingeo/UnitaryAuthority,South West,http://data.ordnancesurvey.co.uk/id/7000000000041427,England,http://data.ordnancesurvey.co.uk/id/country/england,,,
TR71NZ,http://data.ordnancesurvey.co.uk/id/postcodeunit/TR71NZ,TR7 1NZ,,,,other,Postcode,179827.522,61450.933,3500,18000,,,,,,,Newquay,http://data.ordnancesurvey.co.uk/id/4000000074577732,http://www.ordnancesurvey.co.uk/xml/codelists/localtype.xml#town,,,,Cornwall,http://data.ordnancesurvey.co.uk/id/7000000000043750,http://data.ordnancesurvey.co.uk/ontology/admingeo/UnitaryAuthority,South West,http://data.ordnancesurvey.co.uk/id/7000000000041427,England,http://data.ordnancesurvey.co.uk/id/country/england,,,
TR71QG,http://data.ordnancesurvey.co.uk/id/postcodeunit/TR71QG,TR7 1QG,,,,other,Postcode,179887.600,61327.200,3500,18000,,,,,,,Newquay,http://data.ordnancesurvey.co.uk/id/4000000074577732,http://www.ordnancesurvey.co.uk/xml/codelists/localtype.xml#town,,,,Cornwall,http://data.ordnancesurvey.co.uk/id/7000000000043750,http://data.ordnancesurvey.co.uk/ontology/admingeo/UnitaryAuthority,South West,http://data.ordnancesurvey.co.uk/id/7000000000041427,England,http://data.ordnancesurvey.co.uk/id/country/england,,,
TR71SJ,http://data.ordnancesurvey.co.uk/id/postcodeunit/TR71SJ,TR7 1SJ,,,,other,Postcode,179871.600,61392.500,3500,18000,,,,,,,Newquay,http://data.ordnancesurvey.co.uk/id/4000000074577732,http://www.ordnancesurvey.co.uk/xml/codelists/localtype.xml#town,,,,Cornwall,http://data.ordnancesurvey.co.uk/id/7000000000043750,http://data.ordnancesurvey.co.uk/ontology/admingeo/UnitaryAuthority,South West,http://data.ordnancesurvey.co.uk/id/7000000000041427,England,http://data.ordnancesurvey.co.uk/id/country/england,,,
TR85RH,http://data.ordnancesurvey.co.uk/id/postcodeunit/TR85RH,TR8 5RH,,,,other,Postcode,179349.600,60796.900,3500,18000,,,,,,,,,,,,,Cornwall,http://data.ordnancesurvey.co.uk/id/7000000000043750,http://data.ordnancesurvey.co.uk/ontology/admingeo/UnitaryAuthority,South West,http://data.ordnancesurvey.co.uk/id/7000000000041427,England,http://data.ordnancesurvey.co.uk/id/country/england,,,
TR71QB,http://data.ordnancesurvey.co.uk/id/postcodeunit/TR71QB,TR7 1QB,,,,other,Postcode,179186.583,61591.967,3500,18000,,,,,,,Newquay,http://data.ordnancesurvey.co.uk/id/4000000074577732,http://www.ordnancesurvey.co.uk/xml/codelists/localtype.xml#town,,,,Cornwall,http://data.ordnancesurvey.co.uk/id/7000000000043750,http://data.ordnancesurvey.co.uk/ontology/admingeo/UnitaryAuthority,South West,http://data.ordnancesurvey.co.uk/id/7000000000041427,England,http://data.ordnancesurvey.co.uk/id/country/england,,,
TR85SA,http://data.ordnancesurvey.co.uk/id/postcodeunit/TR85SA,TR8 5SA,,,,other,Postcode,178583.500,60425.900,3500,18000,,,,,,,Crantock,http://data.ordnancesurvey.co.uk/id/4000000074575101,http://www.ordnancesurvey.co.uk/xml/codelists/localtype.xml#village,,,,Cornwall,http://data.ordnancesurvey.co.uk/id/7000000000043750,http://data.ordnancesurvey.co.uk/ontology/admingeo/UnitaryAuthority,South West,http://data.ordnancesurvey.co.uk/id/7000000000041427,England,http://data.ordnancesurvey.co.uk/id/country/england,,,
TR71QF,http://data.ordnancesurvey.co.uk/id/postcodeunit/TR71QF,TR7 1QF,,,,other,Postcode,179698.100,61345.200,3500,18000,,,,,,,Newquay,http://data.ordnancesurvey.co.uk/id/4000000074577732,http://www.ordnancesurvey.co.uk/xml/codelists/localtype.xml#town,,,,Cornwall,http://data.ordnancesurvey.co.uk/id/7000000000043750,http://data.ordnancesurvey.co.uk/ontology/admingeo/UnitaryAuthority,South West,http://data.ordnancesurvey.co.uk/id/7000000000041427,England,http://data.ordnancesurvey.co.uk/id/country/england,,,
TR71PA,http://data.ordnancesurvey.co.uk/id/postcodeunit/TR71PA,TR7 1PA,,,,other,Postcode,179733.000,61466.200,3500,18000,,,,,,,Newquay,http://data.ordnancesurvey.co.uk/id/4000000074577732,http://www.ordnancesurvey.co.uk/xml/codelists/localtype.xml#town,,,,Cornwall,http://data.ordnancesurvey.co.uk/id/7000000000043750,http://data.ordnancesurvey.co.uk/ontology/admingeo/UnitaryAuthority,South West,http://data.ordnancesurvey.co.uk/id/7000000000041427,England,http://data.ordnancesurvey.co.uk/id/country/england,,,
TR85RT,http://data.ordnancesurvey.co.uk/id/postcodeunit/TR85RT,TR8 5RT,,,,other,Postcode,179102.700,60197.600,3500,18000,,,,,,,Crantock,http://data.ordnancesurvey.co.uk/id/4000000074575101,http://www.ordnancesurvey.co.uk/xml/codelists/localtype.xml#village,,,,Cornwall,http://data.ordnancesurvey.co.uk/id/7000000000043750,http://data.ordnancesurvey.co.uk/ontology/admingeo/UnitaryAuthority,South West,http://data.ordnancesurvey.co.uk/id/7000000000041427,England,http://data.ordnancesurvey.co.uk/id/country/england,,,
TR71TH,http://data.ordnancesurvey.co.uk/id/postcodeunit/TR71TH,TR7 1TH,,,,other,Postcode,179255.800,61444.400,3500,18000,,,,,,,Newquay,http://data.ordnancesurvey.co.uk/id/4000000074577732,http://www.ordnancesurvey.co.uk/xml/codelists/localtype.xml#town,,,,Cornwall,http://data.ordnancesurvey.co.uk/id/7000000000043750,http://data.ordnancesurvey.co.uk/ontology/admingeo/UnitaryAuthority,South West,http://data.ordnancesurvey.co.uk/id/7000000000041427,England,http://data.ordnancesurvey.co.uk/id/country/england,,,
TR71QA,http://data.ordnancesurvey.co.uk/id/postcodeunit/TR71QA,TR7 1QA,,,,other,Postcode,179512.721,61526.308,3500,18000,,,,,,,Newquay,http://data.ordnancesurvey.co.uk/id/4000000074577732,http://www.ordnancesurvey.co.uk/xml/codelists/localtype.xml#town,,,,Cornwall,http://data.ordnancesurvey.co.uk/id/7000000000043750,http://data.ordnancesurvey.co.uk/ontology/admingeo/UnitaryAuthority,South West,http://data.ordnancesurvey.co.uk/id/7000000000041427,England,http://data.ordnancesurvey.co.uk/id/country/england,,,
TR71GX,http://data.ordnancesurvey.co.uk/id/postcodeunit/TR71GX,TR7 1GX,,,,other,Postcode,179575.375,61432.620,3500,18000,,,,,,,Newquay,http://data.ordnancesurvey.co.uk/id/4000000074577732,http://www.ordnancesurvey.co.uk/xml/codelists/localtype.xml#town,,,,Cornwall,http://data.ordnancesurvey.co.uk/id/7000000000043750,http://data.ordnancesurvey.co.uk/ontology/admingeo/UnitaryAuthority,South West,http://data.ordnancesurvey.co.uk/id/7000000000041427,England,http://data.ordnancesurvey.co.uk/id/country/england,,,
TR85RN,http://data.ordnancesurvey.co.uk/id/postcodeunit/TR85RN,TR8 5RN,,,,other,Postcode,178989.900,60827.000,3500,18000,,,,,,,,,,,,,Cornwall,http://data.ordnancesurvey.co.uk/id/7000000000043750,http://data.ordnancesurvey.co.uk/ontology/admingeo/UnitaryAuthority,South West,http://data.ordnancesurvey.co.uk/id/7000000000041427,England,http://data.ordnancesurvey.co.uk/id/country/england,,,
osgb4000000024979504,http://data.ordnancesurvey.co.uk/id/osgb4000000024979504,Halwyn Road,,,,transportNetwork,Named Road,179367.000,60090.000,4000,20000,179067.510,59990.758,179627.864,60228.689,TR8,http://data.ordnancesurvey.co.uk/id/postcodedistrict/TR8,,,,,,,Cornwall,http://data.ordnancesurvey.co.uk/id/7000000000043750,http://data.ordnancesurvey.co.uk/ontology/admingeo/UnitaryAuthority,South West,http://data.ordnancesurvey.co.uk/id/7000000000041427,England,http://data.ordnancesurvey.co.uk/id/country/england,,,
osgb4000000024982436,http://data.ordnancesurvey.co.uk/id/osgb4000000024982436,Pentire Green,,,,transportNetwork,Named Road,178794.374,60156.005,1000,20000,178785.459,60114.646,178830.772,60172.864,TR8,http://data.ordnancesurvey.co.uk/id/postcodedistrict/TR8,Crantock,http://data.ordnancesurvey.co.uk/id/4000000074575101,http://www.ordnancesurvey.co.uk/xml/codelists/localtype.xml#village,,,,Cornwall,http://data.ordnancesurvey.co.uk/id/7000000000043750,http://data.ordnancesurvey.co.uk/ontology/admingeo/UnitaryAuthority,South West,http://data.ordnancesurvey.co.uk/id/7000000000041427,England,http://data.ordnancesurvey.co.uk/id/country/england,,,
osgb4000000024987265,http://data.ordnancesurvey.co.uk/id/osgb4000000024987265,Green Lane,,,,transportNetwork,Named Road,178912.114,60482.155,3000,20000,178709.140,60391.204,179108.004,60574.101,TR8,http://data.ordnancesurvey.co.uk/id/postcodedistrict/TR8,Crantock,http://data.ordnancesurvey.co.uk/id/4000000074575101,http://www.ordnancesurvey.co.uk/xml/codelists/localtype.xml#village,,,,Cornwall,http://data.ordnancesurvey.co.uk/id/7000000000043750,http://data.ordnancesurvey.co.uk/ontology/admingeo/UnitaryAuthority,South West,http://data.ordnancesurvey.co.uk/id/7000000000041427,England,http://data.ordnancesurvey.co.uk/id/country/england,,,
osgb4000000024978862,http://data.ordnancesurvey.co.uk/id/osgb4000000024978862,West Pentire Road,,,,transportNetwork,Named Road,178335.748,60363.765,9000,20000,177633.555,60226.799,179067.510,60636.493,TR8,http://data.ordnancesurvey.co.uk/id/postcodedistrict/TR8,Crantock,http://data.ordnancesurvey.co.uk/id/4000000074575101,http://www.ordnancesurvey.co.uk/xml/codelists/localtype.xml#village,,,,Cornwall,http://data.ordnancesurvey.co.uk/id/7000000000043750,http://data.ordnancesurvey.co.uk/ontology/admingeo/UnitaryAuthority,South West,http://data.ordnancesurvey.co.uk/id/7000000000041427,England,http://data.ordnancesurvey.co.uk/id/country/england,,,
osgb4000000024978902,http://data.ordnancesurvey.co.uk/id/osgb4000000024978902,Esplanade Road,,,,transportNetwork,Named Road,179549.552,61542.525,5000,20000,179121.068,61511.362,179880.382,61654.181,TR7,http://data.ordnancesurvey.co.uk/id/postcodedistrict/TR7,Newquay,http://data.ordnancesurvey.co.uk/id/4000000074577732,http://www.ordnancesurvey.co.uk/xml/codelists/localtype.xml#town,,,,Cornwall,http://data.ordnancesurvey.co.uk/id/7000000000043750,http://data.ordnancesurvey.co.uk/ontology/admingeo/UnitaryAuthority,South West,http://data.ordnancesurvey.co.uk/id/7000000000041427,England,http://data.ordnancesurvey.co.uk/id/country/england,,,
osgb4000000024979588,http://data.ordnancesurvey.co.uk/id/osgb4000000024979588,Pentire Crescent,,,,transportNetwork,Named Road,179807.081,61335.363,2000,20000,179509.742,61230.860,179885.235,61541.743,TR7,http://data.ordnancesurvey.co.uk/id/postcodedistrict/TR7,Newquay,http://data.ordnancesurvey.co.uk/id/4000000074577732,http://www.ordnancesurvey.co.uk/xml/codelists/localtype.xml#town,,,,Cornwall,http://data.ordnancesurvey.co.uk/id/7000000000043750,http://data.ordnancesurvey.co.uk/ontology/admingeo/UnitaryAuthority,South West,http://data.ordnancesurvey.co.uk/id/7000000000041427,England,http://data.ordnancesurvey.co.uk/id/country/england,,,
osgb4000000024979510,http://data.ordnancesurvey.co.uk/id/osgb4000000024979510,Trevelveth Road,,,,transportNetwork,Named Road,179553.000,60309.000,4000,20000,179398.626,59990.758,179679.102,60557.750,TR8,http://data.ordnancesurvey.co.uk/id/postcodedistrict/TR8,,,,,,,Cornwall,http://data.ordnancesurvey.co.uk/id/7000000000043750,http://data.ordnancesurvey.co.uk/ontology/admingeo/UnitaryAuthority,South West,http://data.ordnancesurvey.co.uk/id/7000000000041427,England,http://data.ordnancesurvey.co.uk/id/country/england,,,
bd3588ec-d751-4397-8a15-ae664686d37c,http://data.ordnancesurvey.co.uk/id/bd3588ec-d751-4397-8a15-ae664686d37c,Trevowah Road,,,,transportNetwork,Section Of Named Road,178964.896,60031.180,3000,25000,178950.436,59786.545,179032.236,60227.143,TR8,http://data.ordnancesurvey.co.uk/id/postcodedistrict/TR8,Crantock,http://data.ordnancesurvey.co.uk/id/4000000074575101,http://www.ordnancesurvey.co.uk/xml/codelists/localtype.xml#village,,,,Cornwall,http://data.ordnancesurvey.co.uk/id/7000000000043750,http://data.ordnancesurvey.co.uk/ontology/admingeo/UnitaryAuthority,South West,http://data.ordnancesurvey.co.uk/id/7000000000041427,England,http://data.ordnancesurvey.co.uk/id/country/england,osgb4000000024979505,,
osgb4000000024981866,http://data.ordnancesurvey.co.uk/id/osgb4000000024981866,Camullas Way,,,,transportNetwork,Named Road,179067.588,61482.572,1000,20000,179064.014,61434.960,179078.728,61538.428,TR7,http://data.ordnancesurvey.co.uk/id/postcodedistrict/TR7,Newquay,http://data.ordnancesurvey.co.uk/id/4000000074577732,http://www.ordnancesurvey.co.uk/xml/codelists/localtype.xml#town,,,,Cornwall,http://data.ordnancesurvey.co.uk/id/7000000000043750,http://data.ordnancesurvey.co.uk/ontology/admingeo/UnitaryAuthority,South West,http://data.ordnancesurvey.co.uk/id/7000000000041427,England,http://data.ordnancesurvey.co.uk/id/country/england,,,
osgb4000000025026048,http://data.ordnancesurvey.co.uk/id/osgb4000000025026048,Esplanade Road,,,,transportNetwork,Named Road,178825.728,61413.085,1000,20000,178823.225,61348.604,178832.804,61469.077,TR7,http://data.ordnancesurvey.co.uk/id/postcodedistrict/TR7,Newquay,http://data.ordnancesurvey.co.uk/id/4000000074577732,http://www.ordnancesurvey.co.uk/xml/codelists/localtype.xml#town,,,,Cornwall,http://data.ordnancesurvey.co.uk/id/7000000000043750,http://data.ordnancesurvey.co.uk/ontology/admingeo/UnitaryAuthority,South West,http://data.ordnancesurvey.co.uk/id/7000000000041427,England,http://data.ordnancesurvey.co.uk/id/country/england,,,
osgb4000000024980594,http://data.ordnancesurvey.co.uk/id/osgb4000000024980594,Halwyn Hill,,,,transportNetwork,Named Road,179104.194,60338.785,1000,20000,179067.510,60228.689,179133.404,60391.804,TR8,http://data.ordnancesurvey.co.uk/id/postcodedistrict/TR8,Crantock,http://data.ordnancesurvey.co.uk/id/4000000074575101,http://www.ordnancesurvey.co.uk/xml/codelists/localtype.xml#village,,,,Cornwall,http://data.ordnancesurvey.co.uk/id/7000000000043750,http://data.ordnancesurvey.co.uk/ontology/admingeo/UnitaryAuthority,South West,http://data.ordnancesurvey.co.uk/id/7000000000041427,England,http://data.ordnancesurvey.co.uk/id/country/england,,,
osgb4000000025013623,http://data.ordnancesurvey.co.uk/id/osgb4000000025013623,Water Lane,,,,transportNetwork,Named Road,179092.654,60435.642,1000,20000,179092.654,60409.047,179102.602,60458.805,TR8,http://data.ordnancesurvey.co.uk/id/postcodedistrict/TR8,Crantock,http://data.ordnancesurvey.co.uk/id/4000000074575101,http://www.ordnancesurvey.co.uk/xml/codelists/localtype.xml#village,,,,Cornwall,http://data.ordnancesurvey.co.uk/id/7000000000043750,http://data.ordnancesurvey.co.uk/ontology/admingeo/UnitaryAuthority,South West,http://data.ordnancesurvey.co.uk/id/7000000000041427,England,http://data.ordnancesurvey.co.uk/id/country/england,,,
osgb4000000024979503,http://data.ordnancesurvey.co.uk/id/osgb4000000024979503,Beach Road,,,,transportNetwork,Named Road,178959.249,60608.289,2000,20000,178913.890,60439.550,178996.714,60781.628,TR8,http://data.ordnancesurvey.co.uk/id/postcodedistrict/TR8,Crantock,http://data.ordnancesurvey.co.uk/id/4000000074575101,http://www.ordnancesurvey.co.uk/xml/codelists/localtype.xml#village,,,,Cornwall,http://data.ordnancesurvey.co.uk/id/7000000000043750,http://data.ordnancesurvey.co.uk/ontology/admingeo/UnitaryAuthority,South West,http://data.ordnancesurvey.co.uk/id/7000000000041427,England,http://data.ordnancesurvey.co.uk/id/country/england,,,
osgb4000000024980592,http://data.ordnancesurvey.co.uk/id/osgb4000000024980592,Langurroc Road,,,,transportNetwork,Named Road,179046.263,60474.121,1000,20000,178991.540,60424.153,179127.072,60488.538,TR8,http://data.ordnancesurvey.co.uk/id/postcodedistrict/TR8,Crantock,http://data.ordnancesurvey.co.uk/id/4000000074575101,http://www.ordnancesurvey.co.uk/xml/codelists/localtype.xml#village,,,,Cornwall,http://data.ordnancesurvey.co.uk/id/7000000000043750,http://data.ordnancesurvey.co.uk/ontology/admingeo/UnitaryAuthority,South West,http://data.ordnancesurvey.co.uk/id/7000000000041427,England,http://data.ordnancesurvey.co.uk/id/country/england,,,
osgb4000000024981868,http://data.ordnancesurvey.co.uk/id/osgb4000000024981868,Polvella Close,,,,transportNetwork,Named Road,179879.626,61329.256,1000,20000,179816.690,61309.584,179931.587,61349.250,TR7,http://data.ordnancesurvey.co.uk/id/postcodedistrict/TR7,Newquay,http://data.ordnancesurvey.co.uk/id/4000000074577732,http://www.ordnancesurvey.co.uk/xml/codelists/localtype.xml#town,,,,Cornwall,http://data.ordnancesurvey.co.uk/id/7000000000043750,http://data.ordnancesurvey.co.uk/ontology/admingeo/UnitaryAuthority,South West,http://data.ordnancesurvey.co.uk/id/7000000000041427,England,http://data.ordnancesurvey.co.uk/id/country/england,,,
37a06db2-4496-4b32-8516-7f857121c2e4,http://data.ordnancesurvey.co.uk/id/37a06db2-4496-4b32-8516-7f857121c2e4,West Pentire Road,,,,transportNetwork,Section Of Named Road,178730.546,60333.053,5000,25000,178329.907,60226.799,179067.510,60366.081,TR8,http://data.ordnancesurvey.co.uk/id/postcodedistrict/TR8,Crantock,http://data.ordnancesurvey.co.uk/id/4000000074575101,http://www.ordnancesurvey.co.uk/xml/codelists/localtype.xml#village,,,,Cornwall,http://data.ordnancesurvey.co.uk/id/7000000000043750,http://data.ordnancesurvey.co.uk/ontology/admingeo/UnitaryAuthority,South West,http://data.ordnancesurvey.co.uk/id/7000000000041427,England,http://data.ordnancesurvey.co.uk/id/country/england,osgb4000000024978862,,
osgb4000000024982437,http://data.ordnancesurvey.co.uk/id/osgb4000000024982437,St Ambrusca Road,,,,transportNetwork,Named Road,179087.195,60129.540,1000,20000,179081.761,60086.630,179088.386,60139.052,TR8,http://data.ordnancesurvey.co.uk/id/postcodedistrict/TR8,Crantock,http://data.ordnancesurvey.co.uk/id/4000000074575101,http://www.ordnancesurvey.co.uk/xml/codelists/localtype.xml#village,,,,Cornwall,http://data.ordnancesurvey.co.uk/id/7000000000043750,http://data.ordnancesurvey.co.uk/ontology/admingeo/UnitaryAuthority,South West,http://data.ordnancesurvey.co.uk/id/7000000000041427,England,http://data.ordnancesurvey.co.uk/id/country/england,,,
osgb4000000024995659,http://data.ordnancesurvey.co.uk/id/osgb4000000024995659,Fairfield Place,,,,transportNetwork,Named Road,179751.817,61428.775,1000,20000,179703.830,61411.232,179807.475,61464.894,TR7,http://data.ordnancesurvey.co.uk/id/postcodedistrict/TR7,Newquay,http://data.ordnancesurvey.co.uk/id/4000000074577732,http://www.ordnancesurvey.co.uk/xml/codelists/localtype.xml#town,,,,Cornwall,http://data.ordnancesurvey.co.uk/id/7000000000043750,http://data.ordnancesurvey.co.uk/ontology/admingeo/UnitaryAuthority,South West,http://data.ordnancesurvey.co.uk/id/7000000000041427,England,http://data.ordnancesurvey.co.uk/id/country/england,,,
osgb4000000024987266,http://data.ordnancesurvey.co.uk/id/osgb4000000024987266,Riverside Avenue,,,,transportNetwork,Named Road,179285.717,61326.637,3000,20000,179065.576,61308.710,179523.266,61362.919,TR7,http://data.ordnancesurvey.co.uk/id/postcodedistrict/TR7,Newquay,http://data.ordnancesurvey.co.uk/id/4000000074577732,http://www.ordnancesurvey.co.uk/xml/codelists/localtype.xml#town,,,,Cornwall,http://data.ordnancesurvey.co.uk/id/7000000000043750,http://data.ordnancesurvey.co.uk/ontology/admingeo/UnitaryAuthority,South West,http://data.ordnancesurvey.co.uk/id/7000000000041427,England,http://data.ordnancesurvey.co.uk/id/country/england,,,
75ab3288-eb86-42a7-9179-7bd84f4d78e0,http://data.ordnancesurvey.co.uk/id/75ab3288-eb86-42a7-9179-7bd84f4d78e0,Halwyn Road,,,,transportNetwork,Section Of Named Road,179159.045,60182.554,1000,25000,179067.510,60153.991,179230.250,60228.689,TR8,http://data.ordnancesurvey.co.uk/id/postcodedistrict/TR8,Crantock,http://data.ordnancesurvey.co.uk/id/4000000074575101,http://www.ordnancesurvey.co.uk/xml/codelists/localtype.xml#village,,,,Cornwall,http://data.ordnancesurvey.co.uk/id/7000000000043750,http://data.ordnancesurvey.co.uk/ontology/admingeo/UnitaryAuthority,South West,http://data.ordnancesurvey.co.uk/id/7000000000041427,England,http://data.ordnancesurvey.co.uk/id/country/england,osgb4000000024979504,,
osgb4000000024978592,http://data.ordnancesurvey.co.uk/id/osgb4000000024978592,Pentire Avenue,,,,transportNetwork,Named Road,179318.947,61413.475,7000,20000,178825.558,61399.861,179880.382,61511.362,TR7,http://data.ordnancesurvey.co.uk/id/postcodedistrict/TR7,Newquay,http://data.ordnancesurvey.co.uk/id/4000000074577732,http://www.ordnancesurvey.co.uk/xml/codelists/localtype.xml#town,,,,Cornwall,http://data.ordnancesurvey.co.uk/id/7000000000043750,http://data.ordnancesurvey.co.uk/ontology/admingeo/UnitaryAuthority,South West,http://data.ordnancesurvey.co.uk/id/7000000000041427,England,http://data.ordnancesurvey.co.uk/id/country/england,,,
012ead5f-b4e8-4b76-b61b-383f0cb8c6bd,http://data.ordnancesurvey.co.uk/id/012ead5f-b4e8-4b76-b61b-383f0cb8c6bd,Beach Road,,,,transportNetwork,Section Of Named Road,178969.059,60549.676,1000,25000,178935.990,60439.550,178996.714,60652.449,TR8,http://data.ordnancesurvey.co.uk/id/postcodedistrict/TR8,Crantock,http://data.ordnancesurvey.co.uk/id/4000000074575101,http://www.ordnancesurvey.co.uk/xml/codelists/localtype.xml#village,,,,Cornwall,http://data.ordnancesurvey.co.uk/id/7000000000043750,http://data.ordnancesurvey.co.uk/ontology/admingeo/UnitaryAuthority,South West,http://data.ordnancesurvey.co.uk/id/7000000000041427,England,http://data.ordnancesurvey.co.uk/id/country/england,osgb4000000024979503,,
osgb4000000025022819,http://data.ordnancesurvey.co.uk/id/osgb4000000025022819,Ocean View,,,,transportNetwork,Named Road,179597.836,61438.819,1000,20000,179597.836,61405.593,179608.488,61467.799,TR7,http://data.ordnancesurvey.co.uk/id/postcodedistrict/TR7,Newquay,http://data.ordnancesurvey.co.uk/id/4000000074577732,http://www.ordnancesurvey.co.uk/xml/codelists/localtype.xml#town,,,,Cornwall,http://data.ordnancesurvey.co.uk/id/7000000000043750,http://data.ordnancesurvey.co.uk/ontology/admingeo/UnitaryAuthority,South West,http://data.ordnancesurvey.co.uk/id/7000000000041427,England,http://data.ordnancesurvey.co.uk/id/country/england,,,
bc97fe62-ea0a-4c58-b02d-9393f5e8cf9f,http://data.ordnancesurvey.co.uk/id/bc97fe62-ea0a-4c58-b02d-9393f5e8cf9f,Esplanade Road,,,,transportNetwork,Section Of Named Road,178825.728,61413.085,1000,25000,178823.860,61348.604,178832.804,61454.400,TR7,http://data.ordnancesurvey.co.uk/id/postcodedistrict/TR7,Newquay,http://data.ordnancesurvey.co.uk/id/4000000074577732,http://www.ordnancesurvey.co.uk/xml/codelists/localtype.xml#town,,,,Cornwall,http://data.ordnancesurvey.co.uk/id/7000000000043750,http://data.ordnancesurvey.co.uk/ontology/admingeo/UnitaryAuthority,South West,http://data.ordnancesurvey.co.uk/id/7000000000041427,England,http://data.ordnancesurvey.co.uk/id/country/england,osgb4000000025026048,,
osgb4000000024981869,http://data.ordnancesurvey.co.uk/id/osgb4000000024981869,Curlew Close,,,,transportNetwork,Named Road,179998.245,61265.455,1000,20000,179961.235,61207.636,180041.087,61324.803,TR7,http://data.ordnancesurvey.co.uk/id/postcodedistrict/TR7,Newquay,http://data.ordnancesurvey.co.uk/id/4000000074577732,http://www.ordnancesurvey.co.uk/xml/codelists/localtype.xml#town,,,,Cornwall,http://data.ordnancesurvey.co.uk/id/7000000000043750,http://data.ordnancesurvey.co.uk/ontology/admingeo/UnitaryAuthority,South West,http://data.ordnancesurvey.co.uk/id/7000000000041427,England,http://data.ordnancesurvey.co.uk/id/country/england,,,
osgb4000000024987267,http://data.ordnancesurvey.co.uk/id/osgb4000000024987267,Lawton Close,,,,transportNetwork,Named Road,179696.999,61338.031,1000,20000,179685.552,61259.281,179702.594,61424.596,TR7,http://data.ordnancesurvey.co.uk/id/postcodedistrict/TR7,Newquay,http://data.ordnancesurvey.co.uk/id/4000000074577732,http://www.ordnancesurvey.co.uk/xml/codelists/localtype.xml#town,,,,Cornwall,http://data.ordnancesurvey.co.uk/id/7000000000043750,http://data.ordnancesurvey.co.uk/ontology/admingeo/UnitaryAuthority,South West,http://data.ordnancesurvey.co.uk/id/7000000000041427,England,http://data.ordnancesurvey.co.uk/id/country/england,,,
osgb4000000024979508,http://data.ordnancesurvey.co.uk/id/osgb4000000024979508,Vosporth Hill,,,,transportNetwork,Named Road,179267.317,60462.016,2000,20000,179133.404,60391.804,179398.626,60557.750,TR8,http://data.ordnancesurvey.co.uk/id/postcodedistrict/TR8,Crantock,http://data.ordnancesurvey.co.uk/id/4000000074575101,http://www.ordnancesurvey.co.uk/xml/codelists/localtype.xml#village,,,,Cornwall,http://data.ordnancesurvey.co.uk/id/7000000000043750,http://data.ordnancesurvey.co.uk/ontology/admingeo/UnitaryAuthority,South West,http://data.ordnancesurvey.co.uk/id/7000000000041427,England,http://data.ordnancesurvey.co.uk/id/country/england,,,
osgb4000000024995661,http://data.ordnancesurvey.co.uk/id/osgb4000000024995661,Surf View,,,,transportNetwork,Named Road,179151.775,61517.966,1000,20000,179078.728,61494.657,179211.958,61598.058,TR7,http://data.ordnancesurvey.co.uk/id/postcodedistrict/TR7,Newquay,http://data.ordnancesurvey.co.uk/id/4000000074577732,http://www.ordnancesurvey.co.uk/xml/codelists/localtype.xml#town,,,,Cornwall,http://data.ordnancesurvey.co.uk/id/7000000000043750,http://data.ordnancesurvey.co.uk/ontology/admingeo/UnitaryAuthority,South West,http://data.ordnancesurvey.co.uk/id/7000000000041427,England,http://data.ordnancesurvey.co.uk/id/country/england,,,
osgb4000000024980591,http://data.ordnancesurvey.co.uk/id/osgb4000000024980591,Chapel Close,,,,transportNetwork,Named Road,179088.386,60139.052,1000,20000,179016.510,60113.453,179158.494,60187.450,TR8,http://data.ordnancesurvey.co.uk/id/postcodedistrict/TR8,Crantock,http://data.ordnancesurvey.co.uk/id/4000000074575101,http://www.ordnancesurvey.co.uk/xml/codelists/localtype.xml#village,,,,Cornwall,http://data.ordnancesurvey.co.uk/id/7000000000043750,http://data.ordnancesurvey.co.uk/ontology/admingeo/UnitaryAuthority,South West,http://data.ordnancesurvey.co.uk/id/7000000000041427,England,http://data.ordnancesurvey.co.uk/id/country/england,,,
osgb4000000024979586,http://data.ordnancesurvey.co.uk/id/osgb4000000024979586,Riverside Crescent,,,,transportNetwork,Named Road,178933.784,61325.844,2000,20000,178832.804,61325.813,179065.576,61434.960,TR7,http://data.ordnancesurvey.co.uk/id/postcodedistrict/TR7,Newquay,http://data.ordnancesurvey.co.uk/id/4000000074577732,http://www.ordnancesurvey.co.uk/xml/codelists/localtype.xml#town,,,,Cornwall,http://data.ordnancesurvey.co.uk/id/7000000000043750,http://data.ordnancesurvey.co.uk/ontology/admingeo/UnitaryAuthority,South West,http://data.ordnancesurvey.co.uk/id/7000000000041427,England,http://data.ordnancesurvey.co.uk/id/country/england,,,
e516f70c-9166-43d1-aacd-ea7fc8d71f4f,http://data.ordnancesurvey.co.uk/id/e516f70c-9166-43d1-aacd-ea7fc8d71f4f,Vosporth Hill,,,,transportNetwork,Section Of Named Road,179217.242,60433.102,1000,25000,179133.404,60391.804,179323.024,60501.633,TR8,http://data.ordnancesurvey.co.uk/id/postcodedistrict/TR8,Crantock,http://data.ordnancesurvey.co.uk/id/4000000074575101,http://www.ordnancesurvey.co.uk/xml/codelists/localtype.xml#village,,,,Cornwall,http://data.ordnancesurvey.co.uk/id/7000000000043750,http://data.ordnancesurvey.co.uk/ontology/admingeo/UnitaryAuthority,South West,http://data.ordnancesurvey.co.uk/id/7000000000041427,England,http://data.ordnancesurvey.co.uk/id/country/england,osgb4000000024979508,,
osgb4000000024980593,http://data.ordnancesurvey.co.uk/id/osgb4000000024980593,St Carantoc Way,,,,transportNetwork,Named Road,178986.951,60323.203,1000,20000,178887.578,60265.136,179044.952,60343.596,TR8,http://data.ordnancesurvey.co.uk/id/postcodedistrict/TR8,Crantock,http://data.ordnancesurvey.co.uk/id/4000000074575101,http://www.ordnancesurvey.co.uk/xml/codelists/localtype.xml#village,,,,Cornwall,http://data.ordnancesurvey.co.uk/id/7000000000043750,http://data.ordnancesurvey.co.uk/ontology/admingeo/UnitaryAuthority,South West,http://data.ordnancesurvey.co.uk/id/7000000000041427,England,http://data.ordnancesurvey.co.uk/id/country/england,,,
osgb4000000024995660,http://data.ordnancesurvey.co.uk/id/osgb4000000024995660,Bezant Place,,,,transportNetwork,Named Road,179948.699,61403.146,1000,20000,179853.640,61377.030,180044.708,61428.329,TR7,http://data.ordnancesurvey.co.uk/id/postcodedistrict/TR7,Newquay,http://data.ordnancesurvey.co.uk/id/4000000074577732,http://www.ordnancesurvey.co.uk/xml/codelists/localtype.xml#town,,,,Cornwall,http://data.ordnancesurvey.co.uk/id/7000000000043750,http://data.ordnancesurvey.co.uk/ontology/admingeo/UnitaryAuthority,South West,http://data.ordnancesurvey.co.uk/id/7000000000041427,England,http://data.ordnancesurvey.co.uk/id/country/england,,,
TR85SD,http://data.ordnancesurvey.co.uk/id/postcodeunit/TR85SD,TR8 5SD,,,,other,Postcode,177822.500,60477.100,3500,18000,,,,,,,West Pentire,http://data.ordnancesurvey.co.uk/id/4000000074575103,http://www.ordnancesurvey.co.uk/xml/codelists/localtype.xml#hamlet,,,,Cornwall,http://data.ordnancesurvey.co.uk/id/7000000000043750,http://data.ordnancesurvey.co.uk/ontology/admingeo/UnitaryAuthority,South West,http://data.ordnancesurvey.co.uk/id/7000000000041427,England,http://data.ordnancesurvey.co.uk/id/country/england,,,
TR71SX,http://data.ordnancesurvey.co.uk/id/postcodeunit/TR71SX,TR7 1SX,,,,other,Postcode,179334.500,61388.300,3500,18000,,,,,,,Newquay,http://data.ordnancesurvey.co.uk/id/4000000074577732,http://www.ordnancesurvey.co.uk/xml/codelists/localtype.xml#town,,,,Cornwall,http://data.ordnancesurvey.co.uk/id/7000000000043750,http://data.ordnancesurvey.co.uk/ontology/admingeo/UnitaryAuthority,South West,http://data.ordnancesurvey.co.uk/id/7000000000041427,England,http://data.ordnancesurvey.co.uk/id/country/england,,,
TR71PG,http://data.ordnancesurvey.co.uk/id/postcodeunit/TR71PG,TR7 1PG,,,,other,Postcode,179490.240,61466.127,3500,18000,,,,,,,Newquay,http://data.ordnancesurvey.co.uk/id/4000000074577732,http://www.ordnancesurvey.co.uk/xml/codelists/localtype.xml#town,,,,Cornwall,http://data.ordnancesurvey.co.uk/id/7000000000043750,http://data.ordnancesurvey.co.uk/ontology/admingeo/UnitaryAuthority,South West,http://data.ordnancesurvey.co.uk/id/7000000000041427,England,http://data.ordnancesurvey.co.uk/id/country/england,,,
TR71PZ,http://data.ordnancesurvey.co.uk/id/postcodeunit/TR71PZ,TR7 1PZ,,,,other,Postcode,179646.100,61519.600,3500,18000,,,,,,,Newquay,http://data.ordnancesurvey.co.uk/id/4000000074577732,http://www.ordnancesurvey.co.uk/xml/codelists/localtype.xml#town,,,,Cornwall,http://data.ordnancesurvey.co.uk/id/7000000000043750,http://data.ordnancesurvey.co.uk/ontology/admingeo/UnitaryAuthority,South West,http://data.ordnancesurvey.co.uk/id/7000000000041427,England,http://data.ordnancesurvey.co.uk/id/country/england,,,
TR71PJ,http://data.ordnancesurvey.co.uk/id/postcodeunit/TR71PJ,TR7 1PJ,,,,other,Postcode,178967.800,61330.200,3500,18000,,,,,,,Newquay,http://data.ordnancesurvey.co.uk/id/4000000074577732,http://www.ordnancesurvey.co.uk/xml/codelists/localtype.xml#town,,,,Cornwall,http://data.ordnancesurvey.co.uk/id/7000000000043750,http://data.ordnancesurvey.co.uk/ontology/admingeo/UnitaryAuthority,South West,http://data.ordnancesurvey.co.uk/id/7000000000041427,England,http://data.ordnancesurvey.co.uk/id/country/england,,,
TR71PL,http://data.ordnancesurvey.co.uk/id/postcodeunit/TR71PL,TR7 1PL,,,,other,Postcode,179436.591,61297.112,3500,18000,,,,,,,Newquay,http://data.ordnancesurvey.co.uk/id/4000000074577732,http://www.ordnancesurvey.co.uk/xml/codelists/localtype.xml#town,,,,Cornwall,http://data.ordnancesurvey.co.uk/id/7000000000043750,http://data.ordnancesurvey.co.uk/ontology/admingeo/UnitaryAuthority,South West,http://data.ordnancesurvey.co.uk/id/7000000000041427,England,http://data.ordnancesurvey.co.uk/id/country/england,,,
TR71PN,http://data.ordnancesurvey.co.uk/id/postcodeunit/TR71PN,TR7 1PN,,,,other,Postcode,179172.600,61340.400,3500,18000,,,,,,,Newquay,http://data.ordnancesurvey.co.uk/id/4000000074577732,http://www.ordnancesurvey.co.uk/xml/codelists/localtype.xml#town,,,,Cornwall,http://data.ordnancesurvey.co.uk/id/7000000000043750,http://data.ordnancesurvey.co.uk/ontology/admingeo/UnitaryAuthority,South West,http://data.ordnancesurvey.co.uk/id/7000000000041427,England,http://data.ordnancesurvey.co.uk/id/country/england,,,
TR71PP,http://data.ordnancesurvey.co.uk/id/postcodeunit/TR71PP,TR7 1PP,,,,other,Postcode,179167.987,61536.961,3500,18000,,,,,,,Newquay,http://data.ordnancesurvey.co.uk/id/4000000074577732,http://www.ordnancesurvey.co.uk/xml/codelists/localtype.xml#town,,,,Cornwall,http://data.ordnancesurvey.co.uk/id/7000000000043750,http://data.ordnancesurvey.co.uk/ontology/admingeo/UnitaryAuthority,South West,http://data.ordnancesurvey.co.uk/id/7000000000041427,England,http://data.ordnancesurvey.co.uk/id/country/england,,,
feeaf6f1-af08-4a9c-82fe-1cc1e1d6b608,http://data.ordnancesurvey.co.uk/id/feeaf6f1-af08-4a9c-82fe-1cc1e1d6b608,West Pentire Road,,,,transportNetwork,Section Of Named Road,177768.062,60537.389,2000,25000,177633.555,60476.824,177924.658,60636.493,TR8,http://data.ordnancesurvey.co.uk/id/postcodedistrict/TR8,West Pentire,http://data.ordnancesurvey.co.uk/id/4000000074575103,http://www.ordnancesurvey.co.uk/xml/codelists/localtype.xml#hamlet,,,,Cornwall,http://data.ordnancesurvey.co.uk/id/7000000000043750,http://data.ordnancesurvey.co.uk/ontology/admingeo/UnitaryAuthority,South West,http://data.ordnancesurvey.co.uk/id/7000000000041427,England,http://data.ordnancesurvey.co.uk/id/country/england,osgb4000000024978862,,
osgb4000000024979507,http://data.ordnancesurvey.co.uk/id/osgb4000000024979507,Gustory Road,,,,transportNetwork,Named Road,178871.031,60388.883,2000,20000,178716.016,60330.161,179019.850,60420.432,TR8,http://data.ordnancesurvey.co.uk/id/postcodedistrict/TR8,Crantock,http://data.ordnancesurvey.co.uk/id/4000000074575101,http://www.ordnancesurvey.co.uk/xml/codelists/localtype.xml#village,,,,Cornwall,http://data.ordnancesurvey.co.uk/id/7000000000043750,http://data.ordnancesurvey.co.uk/ontology/admingeo/UnitaryAuthority,South West,http://data.ordnancesurvey.co.uk/id/7000000000041427,England,http://data.ordnancesurvey.co.uk/id/country/england,,,
osgb4000000024981867,http://data.ordnancesurvey.co.uk/id/osgb4000000024981867,Fistral Crescent,,,,transportNetwork,Named Road,179307.304,61391.788,1000,20000,179285.125,61325.305,179336.858,61474.878,TR7,http://data.ordnancesurvey.co.uk/id/postcodedistrict/TR7,Newquay,http://data.ordnancesurvey.co.uk/id/4000000074577732,http://www.ordnancesurvey.co.uk/xml/codelists/localtype.xml#town,,,,Cornwall,http://data.ordnancesurvey.co.uk/id/7000000000043750,http://data.ordnancesurvey.co.uk/ontology/admingeo/UnitaryAuthority,South West,http://data.ordnancesurvey.co.uk/id/7000000000041427,England,http://data.ordnancesurvey.co.uk/id/country/england,,,
osgb5000005103185101,http://data.ordnancesurvey.co.uk/id/osgb5000005103185101,An Lowarth,,,,transportNetwork,Named Road,179083.897,60036.691,1000,20000,179059.246,60036.691,179107.726,60047.530,TR8,http://data.ordnancesurvey.co.uk/id/postcodedistrict/TR8,Crantock,http://data.ordnancesurvey.co.uk/id/4000000074575101,http://www.ordnancesurvey.co.uk/xml/codelists/localtype.xml#village,,,,Cornwall,http://data.ordnancesurvey.co.uk/id/7000000000043750,http://data.ordnancesurvey.co.uk/ontology/admingeo/UnitaryAuthority,South West,http://data.ordnancesurvey.co.uk/id/7000000000041427,England,http://data.ordnancesurvey.co.uk/id/country/england,,,
osgb4000000025012385,http://data.ordnancesurvey.co.uk/id/osgb4000000025012385,Trevowah Meadows,,,,transportNetwork,Named Road,179006.568,60040.121,1000,20000,178964.896,60024.692,179059.246,60055.531,TR8,http://data.ordnancesurvey.co.uk/id/postcodedistrict/TR8,Crantock,http://data.ordnancesurvey.co.uk/id/4000000074575101,http://www.ordnancesurvey.co.uk/xml/codelists/localtype.xml#village,,,,Cornwall,http://data.ordnancesurvey.co.uk/id/7000000000043750,http://data.ordnancesurvey.co.uk/ontology/admingeo/UnitaryAuthority,South West,http://data.ordnancesurvey.co.uk/id/7000000000041427,England,http://data.ordnancesurvey.co.uk/id/country/england,,,
osgb4000000024979506,http://data.ordnancesurvey.co.uk/id/osgb4000000024979506,Carneton Close,,,,transportNetwork,Named Road,178920.293,60151.526,1000,20000,178830.772,60124.141,179013.182,60227.220,TR8,http://data.ordnancesurvey.co.uk/id/postcodedistrict/TR8,Crantock,http://data.ordnancesurvey.co.uk/id/4000000074575101,http://www.ordnancesurvey.co.uk/xml/codelists/localtype.xml#village,,,,Cornwall,http://data.ordnancesurvey.co.uk/id/7000000000043750,http://data.ordnancesurvey.co.uk/ontology/admingeo/UnitaryAuthority,South West,http://data.ordnancesurvey.co.uk/id/7000000000041427,England,http://data.ordnancesurvey.co.uk/id/country/england,,,
