osgb4000000074553048,http://data.ordnancesurvey.co.uk/id/osgb4000000074553048,Kimmeridge,,,,populatedPlace,Village,391546.510,79607.250,4000,250000,391377.222,79381.636,391877.222,80058.283,BH20,http://data.ordnancesurvey.co.uk/id/postcodedistrict/BH20,,,,Purbeck,http://data.ordnancesurvey.co.uk/id/7000000000014363,http://data.ordnancesurvey.co.uk/ontology/admingeo/District,Dorset,http://data.ordnancesurvey.co.uk/id/7000000000014362,http://data.ordnancesurvey.co.uk/ontology/admingeo/County,South West,http://data.ordnancesurvey.co.uk/id/7000000000041427,England,http://data.ordnancesurvey.co.uk/id/country/england,,http://dbpedia.org/resource/Kimmeridge,http://sws.geonames.org/2645534
osgb4000000074553043,http://data.ordnancesurvey.co.uk/id/osgb4000000074553043,Acton,,,,populatedPlace,Village,398894.480,78460.220,5000,250000,398712.516,77864.081,399212.516,78558.772,BH19,http://data.ordnancesurvey.co.uk/id/postcodedistrict/BH19,,,,Purbeck,http://data.ordnancesurvey.co.uk/id/7000000000014363,http://data.ordnancesurvey.co.uk/ontology/admingeo/District,Dorset,http://data.ordnancesurvey.co.uk/id/7000000000014362,http://data.ordnancesurvey.co.uk/ontology/admingeo/County,South West,http://data.ordnancesurvey.co.uk/id/7000000000041427,England,http://data.ordnancesurvey.co.uk/id/country/england,,"http://dbpedia.org/resource/Acton,_Dorset",
osgb4000000074553044,http://data.ordnancesurvey.co.uk/id/osgb4000000074553044,Langton Matravers,,,,populatedPlace,Village,399762.000,78842.000,11000,250000,399268.844,78274.213,400959.725,79147.554,BH19,http://data.ordnancesurvey.co.uk/id/postcodedistrict/BH19,,,,Purbeck,http://data.ordnancesurvey.co.uk/id/7000000000014363,http://data.ordnancesurvey.co.uk/ontology/admingeo/District,Dorset,http://data.ordnancesurvey.co.uk/id/7000000000014362,http://data.ordnancesurvey.co.uk/ontology/admingeo/County,South West,http://data.ordnancesurvey.co.uk/id/7000000000041427,England,http://data.ordnancesurvey.co.uk/id/country/england,,http://dbpedia.org/resource/Langton_Matravers,http://sws.geonames.org/2644899
osgb4000000074553045,http://data.ordnancesurvey.co.uk/id/osgb4000000074553045,Mount Pleasant,,,,populatedPlace,Suburban Area,399704.720,79077.040,1000,25000,399409.768,78803.106,399909.768,79303.106,BH19,http://data.ordnancesurvey.co.uk/id/postcodedistrict/BH19,,,,Purbeck,http://data.ordnancesurvey.co.uk/id/7000000000014363,http://data.ordnancesurvey.co.uk/ontology/admingeo/District,Dorset,http://data.ordnancesurvey.co.uk/id/7000000000014362,http://data.ordnancesurvey.co.uk/ontology/admingeo/County,South West,http://data.ordnancesurvey.co.uk/id/7000000000041427,England,http://data.ordnancesurvey.co.uk/id/country/england,,,
osgb4000000074553042,http://data.ordnancesurvey.co.uk/id/osgb4000000074553042,Worth Matravers,,,,populatedPlace,Village,397294.100,77391.240,9000,250000,396649.009,76946.364,397961.491,77835.879,BH19,http://data.ordnancesurvey.co.uk/id/postcodedistrict/BH19,,,,Purbeck,http://data.ordnancesurvey.co.uk/id/7000000000014363,http://data.ordnancesurvey.co.uk/ontology/admingeo/District,Dorset,http://data.ordnancesurvey.co.uk/id/7000000000014362,http://data.ordnancesurvey.co.uk/ontology/admingeo/County,South West,http://data.ordnancesurvey.co.uk/id/7000000000041427,England,http://data.ordnancesurvey.co.uk/id/country/england,,http://dbpedia.org/resource/Worth_Matravers,http://sws.geonames.org/2633518
osgb4000000074553047,http://data.ordnancesurvey.co.uk/id/osgb4000000074553047,Kingston,,,,populatedPlace,Village,395595.000,79593.000,5000,250000,395432.590,79061.208,395932.590,79778.973,BH20,http://data.ordnancesurvey.co.uk/id/postcodedistrict/BH20,,,,Purbeck,http://data.ordnancesurvey.co.uk/id/7000000000014363,http://data.ordnancesurvey.co.uk/ontology/admingeo/District,Dorset,http://data.ordnancesurvey.co.uk/id/7000000000014362,http://data.ordnancesurvey.co.uk/ontology/admingeo/County,South West,http://data.ordnancesurvey.co.uk/id/7000000000041427,England,http://data.ordnancesurvey.co.uk/id/country/england,,"http://dbpedia.org/resource/Kingston,_Purbeck",http://sws.geonames.org/2645438
BH193LE,http://data.ordnancesurvey.co.uk/id/postcodeunit/BH193LE,BH19 3LE,,,,other,Postcode,397419.526,77902.420,3500,18000,,,,,,,,,,Purbeck,http://data.ordnancesurvey.co.uk/id/7000000000014363,http://data.ordnancesurvey.co.uk/ontology/admingeo/District,Dorset,http://data.ordnancesurvey.co.uk/id/7000000000014362,http://data.ordnancesurvey.co.uk/ontology/admingeo/County,South West,http://data.ordnancesurvey.co.uk/id/7000000000041427,England,http://data.ordnancesurvey.co.uk/id/country/england,,,
BH193HY,http://data.ordnancesurvey.co.uk/id/postcodeunit/BH193HY,BH19 3HY,,,,other,Postcode,399742.700,78870.100,3500,18000,,,,,,,Langton Matravers,http://data.ordnancesurvey.co.uk/id/4000000074553044,http://www.ordnancesurvey.co.uk/xml/codelists/localtype.xml#village,Purbeck,http://data.ordnancesurvey.co.uk/id/7000000000014363,http://data.ordnancesurvey.co.uk/ontology/admingeo/District,Dorset,http://data.ordnancesurvey.co.uk/id/7000000000014362,http://data.ordnancesurvey.co.uk/ontology/admingeo/County,South West,http://data.ordnancesurvey.co.uk/id/7000000000041427,England,http://data.ordnancesurvey.co.uk/id/country/england,,,
BH193BE,http://data.ordnancesurvey.co.uk/id/postcodeunit/BH193BE,BH19 3BE,,,,other,Postcode,398755.100,78746.500,3500,18000,,,,,,,,,,Purbeck,http://data.ordnancesurvey.co.uk/id/7000000000014363,http://data.ordnancesurvey.co.uk/ontology/admingeo/District,Dorset,http://data.ordnancesurvey.co.uk/id/7000000000014362,http://data.ordnancesurvey.co.uk/ontology/admingeo/County,South West,http://data.ordnancesurvey.co.uk/id/7000000000041427,England,http://data.ordnancesurvey.co.uk/id/country/england,,,
BH205PD,http://data.ordnancesurvey.co.uk/id/postcodeunit/BH205PD,BH20 5PD,,,,other,Postcode,392440.900,78652.800,3500,18000,,,,,,,,,,Purbeck,http://data.ordnancesurvey.co.uk/id/7000000000014363,http://data.ordnancesurvey.co.uk/ontology/admingeo/District,Dorset,http://data.ordnancesurvey.co.uk/id/7000000000014362,http://data.ordnancesurvey.co.uk/ontology/admingeo/County,South West,http://data.ordnancesurvey.co.uk/id/7000000000041427,England,http://data.ordnancesurvey.co.uk/id/country/england,,,
BH193LB,http://data.ordnancesurvey.co.uk/id/postcodeunit/BH193LB,BH19 3LB,,,,other,Postcode,398886.900,78396.600,3500,18000,,,,,,,Acton,http://data.ordnancesurvey.co.uk/id/4000000074553043,http://www.ordnancesurvey.co.uk/xml/codelists/localtype.xml#village,Purbeck,http://data.ordnancesurvey.co.uk/id/7000000000014363,http://data.ordnancesurvey.co.uk/ontology/admingeo/District,Dorset,http://data.ordnancesurvey.co.uk/id/7000000000014362,http://data.ordnancesurvey.co.uk/ontology/admingeo/County,South West,http://data.ordnancesurvey.co.uk/id/7000000000041427,England,http://data.ordnancesurvey.co.uk/id/country/england,,,
BH193JT,http://data.ordnancesurvey.co.uk/id/postcodeunit/BH193JT,BH19 3JT,,,,other,Postcode,398909.600,78490.900,3500,18000,,,,,,,Acton,http://data.ordnancesurvey.co.uk/id/4000000074553043,http://www.ordnancesurvey.co.uk/xml/codelists/localtype.xml#village,Purbeck,http://data.ordnancesurvey.co.uk/id/7000000000014363,http://data.ordnancesurvey.co.uk/ontology/admingeo/District,Dorset,http://data.ordnancesurvey.co.uk/id/7000000000014362,http://data.ordnancesurvey.co.uk/ontology/admingeo/County,South West,http://data.ordnancesurvey.co.uk/id/7000000000041427,England,http://data.ordnancesurvey.co.uk/id/country/england,,,
BH193LF,http://data.ordnancesurvey.co.uk/id/postcodeunit/BH193LF,BH19 3LF,,,,other,Postcode,397629.033,77675.743,3500,18000,,,,,,,Worth Matravers,http://data.ordnancesurvey.co.uk/id/4000000074553042,http://www.ordnancesurvey.co.uk/xml/codelists/localtype.xml#village,Purbeck,http://data.ordnancesurvey.co.uk/id/7000000000014363,http://data.ordnancesurvey.co.uk/ontology/admingeo/District,Dorset,http://data.ordnancesurvey.co.uk/id/7000000000014362,http://data.ordnancesurvey.co.uk/ontology/admingeo/County,South West,http://data.ordnancesurvey.co.uk/id/7000000000041427,England,http://data.ordnancesurvey.co.uk/id/country/england,,,
BH205LW,http://data.ordnancesurvey.co.uk/id/postcodeunit/BH205LW,BH20 5LW,,,,other,Postcode,394513.000,78480.900,3500,18000,,,,,,,,,,Purbeck,http://data.ordnancesurvey.co.uk/id/7000000000014363,http://data.ordnancesurvey.co.uk/ontology/admingeo/District,Dorset,http://data.ordnancesurvey.co.uk/id/7000000000014362,http://data.ordnancesurvey.co.uk/ontology/admingeo/County,South West,http://data.ordnancesurvey.co.uk/id/7000000000041427,England,http://data.ordnancesurvey.co.uk/id/country/england,,,
BH193LG,http://data.ordnancesurvey.co.uk/id/postcodeunit/BH193LG,BH19 3LG,,,,other,Postcode,397637.800,77659.500,3500,18000,,,,,,,Worth Matravers,http://data.ordnancesurvey.co.uk/id/4000000074553042,http://www.ordnancesurvey.co.uk/xml/codelists/localtype.xml#village,Purbeck,http://data.ordnancesurvey.co.uk/id/7000000000014363,http://data.ordnancesurvey.co.uk/ontology/admingeo/District,Dorset,http://data.ordnancesurvey.co.uk/id/7000000000014362,http://data.ordnancesurvey.co.uk/ontology/admingeo/County,South West,http://data.ordnancesurvey.co.uk/id/7000000000041427,England,http://data.ordnancesurvey.co.uk/id/country/england,,,
BH193HL,http://data.ordnancesurvey.co.uk/id/postcodeunit/BH193HL,BH19 3HL,,,,other,Postcode,399503.700,78808.200,3500,18000,,,,,,,Langton Matravers,http://data.ordnancesurvey.co.uk/id/4000000074553044,http://www.ordnancesurvey.co.uk/xml/codelists/localtype.xml#village,Purbeck,http://data.ordnancesurvey.co.uk/id/7000000000014363,http://data.ordnancesurvey.co.uk/ontology/admingeo/District,Dorset,http://data.ordnancesurvey.co.uk/id/7000000000014362,http://data.ordnancesurvey.co.uk/ontology/admingeo/County,South West,http://data.ordnancesurvey.co.uk/id/7000000000041427,England,http://data.ordnancesurvey.co.uk/id/country/england,,,
BH193LT,http://data.ordnancesurvey.co.uk/id/postcodeunit/BH193LT,BH19 3LT,,,,other,Postcode,396144.900,77830.700,3500,18000,,,,,,,,,,Purbeck,http://data.ordnancesurvey.co.uk/id/7000000000014363,http://data.ordnancesurvey.co.uk/ontology/admingeo/District,Dorset,http://data.ordnancesurvey.co.uk/id/7000000000014362,http://data.ordnancesurvey.co.uk/ontology/admingeo/County,South West,http://data.ordnancesurvey.co.uk/id/7000000000041427,England,http://data.ordnancesurvey.co.uk/id/country/england,,,
BH205LP,http://data.ordnancesurvey.co.uk/id/postcodeunit/BH205LP,BH20 5LP,,,,other,Postcode,394024.500,79551.700,3500,18000,,,,,,,,,,Purbeck,http://data.ordnancesurvey.co.uk/id/7000000000014363,http://data.ordnancesurvey.co.uk/ontology/admingeo/District,Dorset,http://data.ordnancesurvey.co.uk/id/7000000000014362,http://data.ordnancesurvey.co.uk/ontology/admingeo/County,South West,http://data.ordnancesurvey.co.uk/id/7000000000041427,England,http://data.ordnancesurvey.co.uk/id/country/england,,,
BH193JU,http://data.ordnancesurvey.co.uk/id/postcodeunit/BH193JU,BH19 3JU,,,,other,Postcode,398945.800,78433.700,3500,18000,,,,,,,Acton,http://data.ordnancesurvey.co.uk/id/4000000074553043,http://www.ordnancesurvey.co.uk/xml/codelists/localtype.xml#village,Purbeck,http://data.ordnancesurvey.co.uk/id/7000000000014363,http://data.ordnancesurvey.co.uk/ontology/admingeo/District,Dorset,http://data.ordnancesurvey.co.uk/id/7000000000014362,http://data.ordnancesurvey.co.uk/ontology/admingeo/County,South West,http://data.ordnancesurvey.co.uk/id/7000000000041427,England,http://data.ordnancesurvey.co.uk/id/country/england,,,
BH193HP,http://data.ordnancesurvey.co.uk/id/postcodeunit/BH193HP,BH19 3HP,,,,other,Postcode,399369.900,78723.600,3500,18000,,,,,,,Langton Matravers,http://data.ordnancesurvey.co.uk/id/4000000074553044,http://www.ordnancesurvey.co.uk/xml/codelists/localtype.xml#village,Purbeck,http://data.ordnancesurvey.co.uk/id/7000000000014363,http://data.ordnancesurvey.co.uk/ontology/admingeo/District,Dorset,http://data.ordnancesurvey.co.uk/id/7000000000014362,http://data.ordnancesurvey.co.uk/ontology/admingeo/County,South West,http://data.ordnancesurvey.co.uk/id/7000000000041427,England,http://data.ordnancesurvey.co.uk/id/country/england,,,
BH193LD,http://data.ordnancesurvey.co.uk/id/postcodeunit/BH193LD,BH19 3LD,,,,other,Postcode,399057.100,78081.700,3500,18000,,,,,,,Acton,http://data.ordnancesurvey.co.uk/id/4000000074553043,http://www.ordnancesurvey.co.uk/xml/codelists/localtype.xml#village,Purbeck,http://data.ordnancesurvey.co.uk/id/7000000000014363,http://data.ordnancesurvey.co.uk/ontology/admingeo/District,Dorset,http://data.ordnancesurvey.co.uk/id/7000000000014362,http://data.ordnancesurvey.co.uk/ontology/admingeo/County,South West,http://data.ordnancesurvey.co.uk/id/7000000000041427,England,http://data.ordnancesurvey.co.uk/id/country/england,,,
BH193LH,http://data.ordnancesurvey.co.uk/id/postcodeunit/BH193LH,BH19 3LH,,,,other,Postcode,397342.800,77383.400,3500,18000,,,,,,,Worth Matravers,http://data.ordnancesurvey.co.uk/id/4000000074553042,http://www.ordnancesurvey.co.uk/xml/codelists/localtype.xml#village,Purbeck,http://data.ordnancesurvey.co.uk/id/7000000000014363,http://data.ordnancesurvey.co.uk/ontology/admingeo/District,Dorset,http://data.ordnancesurvey.co.uk/id/7000000000014362,http://data.ordnancesurvey.co.uk/ontology/admingeo/County,South West,http://data.ordnancesurvey.co.uk/id/7000000000041427,England,http://data.ordnancesurvey.co.uk/id/country/england,,,
BH193LX,http://data.ordnancesurvey.co.uk/id/postcodeunit/BH193LX,BH19 3LX,,,,other,Postcode,397570.300,77733.800,3500,18000,,,,,,,Worth Matravers,http://data.ordnancesurvey.co.uk/id/4000000074553042,http://www.ordnancesurvey.co.uk/xml/codelists/localtype.xml#village,Purbeck,http://data.ordnancesurvey.co.uk/id/7000000000014363,http://data.ordnancesurvey.co.uk/ontology/admingeo/District,Dorset,http://data.ordnancesurvey.co.uk/id/7000000000014362,http://data.ordnancesurvey.co.uk/ontology/admingeo/County,South West,http://data.ordnancesurvey.co.uk/id/7000000000041427,England,http://data.ordnancesurvey.co.uk/id/country/england,,,
BH193LS,http://data.ordnancesurvey.co.uk/id/postcodeunit/BH193LS,BH19 3LS,,,,other,Postcode,396782.600,77193.800,3500,18000,,,,,,,Worth Matravers,http://data.ordnancesurvey.co.uk/id/4000000074553042,http://www.ordnancesurvey.co.uk/xml/codelists/localtype.xml#village,Purbeck,http://data.ordnancesurvey.co.uk/id/7000000000014363,http://data.ordnancesurvey.co.uk/ontology/admingeo/District,Dorset,http://data.ordnancesurvey.co.uk/id/7000000000014362,http://data.ordnancesurvey.co.uk/ontology/admingeo/County,South West,http://data.ordnancesurvey.co.uk/id/7000000000041427,England,http://data.ordnancesurvey.co.uk/id/country/england,,,
BH205RS,http://data.ordnancesurvey.co.uk/id/postcodeunit/BH205RS,BH20 5RS,,,,other,Postcode,382056.600,79994.500,3500,18000,,,,,,,Lulworth Cove,http://data.ordnancesurvey.co.uk/id/4000000074314092,http://www.ordnancesurvey.co.uk/xml/codelists/localtype.xml#village,Purbeck,http://data.ordnancesurvey.co.uk/id/7000000000014363,http://data.ordnancesurvey.co.uk/ontology/admingeo/District,Dorset,http://data.ordnancesurvey.co.uk/id/7000000000014362,http://data.ordnancesurvey.co.uk/ontology/admingeo/County,South West,http://data.ordnancesurvey.co.uk/id/7000000000041427,England,http://data.ordnancesurvey.co.uk/id/country/england,,,
BH193HZ,http://data.ordnancesurvey.co.uk/id/postcodeunit/BH193HZ,BH19 3HZ,,,,other,Postcode,399856.100,78938.600,3500,18000,,,,,,,Langton Matravers,http://data.ordnancesurvey.co.uk/id/4000000074553044,http://www.ordnancesurvey.co.uk/xml/codelists/localtype.xml#village,Purbeck,http://data.ordnancesurvey.co.uk/id/7000000000014363,http://data.ordnancesurvey.co.uk/ontology/admingeo/District,Dorset,http://data.ordnancesurvey.co.uk/id/7000000000014362,http://data.ordnancesurvey.co.uk/ontology/admingeo/County,South West,http://data.ordnancesurvey.co.uk/id/7000000000041427,England,http://data.ordnancesurvey.co.uk/id/country/england,,,
BH205LN,http://data.ordnancesurvey.co.uk/id/postcodeunit/BH205LN,BH20 5LN,,,,other,Postcode,395341.600,78129.200,3500,18000,,,,,,,,,,Purbeck,http://data.ordnancesurvey.co.uk/id/7000000000014363,http://data.ordnancesurvey.co.uk/ontology/admingeo/District,Dorset,http://data.ordnancesurvey.co.uk/id/7000000000014362,http://data.ordnancesurvey.co.uk/ontology/admingeo/County,South West,http://data.ordnancesurvey.co.uk/id/7000000000041427,England,http://data.ordnancesurvey.co.uk/id/country/england,,,
BH193LZ,http://data.ordnancesurvey.co.uk/id/postcodeunit/BH193LZ,BH19 3LZ,,,,other,Postcode,397502.335,77822.043,3500,18000,,,,,,,,,,Purbeck,http://data.ordnancesurvey.co.uk/id/7000000000014363,http://data.ordnancesurvey.co.uk/ontology/admingeo/District,Dorset,http://data.ordnancesurvey.co.uk/id/7000000000014362,http://data.ordnancesurvey.co.uk/ontology/admingeo/County,South West,http://data.ordnancesurvey.co.uk/id/7000000000041427,England,http://data.ordnancesurvey.co.uk/id/country/england,,,
BH193EE,http://data.ordnancesurvey.co.uk/id/postcodeunit/BH193EE,BH19 3EE,,,,other,Postcode,398430.800,79238.300,3500,18000,,,,,,,,,,Purbeck,http://data.ordnancesurvey.co.uk/id/7000000000014363,http://data.ordnancesurvey.co.uk/ontology/admingeo/District,Dorset,http://data.ordnancesurvey.co.uk/id/7000000000014362,http://data.ordnancesurvey.co.uk/ontology/admingeo/County,South West,http://data.ordnancesurvey.co.uk/id/7000000000041427,England,http://data.ordnancesurvey.co.uk/id/country/england,,,
BH193HJ,http://data.ordnancesurvey.co.uk/id/postcodeunit/BH193HJ,BH19 3HJ,,,,other,Postcode,399565.900,78753.200,3500,18000,,,,,,,Langton Matravers,http://data.ordnancesurvey.co.uk/id/4000000074553044,http://www.ordnancesurvey.co.uk/xml/codelists/localtype.xml#village,Purbeck,http://data.ordnancesurvey.co.uk/id/7000000000014363,http://data.ordnancesurvey.co.uk/ontology/admingeo/District,Dorset,http://data.ordnancesurvey.co.uk/id/7000000000014362,http://data.ordnancesurvey.co.uk/ontology/admingeo/County,South West,http://data.ordnancesurvey.co.uk/id/7000000000041427,England,http://data.ordnancesurvey.co.uk/id/country/england,,,
BH193HH,http://data.ordnancesurvey.co.uk/id/postcodeunit/BH193HH,BH19 3HH,,,,other,Postcode,399717.500,79070.750,3500,18000,,,,,,,Langton Matravers,http://data.ordnancesurvey.co.uk/id/4000000074553044,http://www.ordnancesurvey.co.uk/xml/codelists/localtype.xml#village,Purbeck,http://data.ordnancesurvey.co.uk/id/7000000000014363,http://data.ordnancesurvey.co.uk/ontology/admingeo/District,Dorset,http://data.ordnancesurvey.co.uk/id/7000000000014362,http://data.ordnancesurvey.co.uk/ontology/admingeo/County,South West,http://data.ordnancesurvey.co.uk/id/7000000000041427,England,http://data.ordnancesurvey.co.uk/id/country/england,,,
BH193JQ,http://data.ordnancesurvey.co.uk/id/postcodeunit/BH193JQ,BH19 3JQ,,,,other,Postcode,398959.600,78444.600,3500,18000,,,,,,,Acton,http://data.ordnancesurvey.co.uk/id/4000000074553043,http://www.ordnancesurvey.co.uk/xml/codelists/localtype.xml#village,Purbeck,http://data.ordnancesurvey.co.uk/id/7000000000014363,http://data.ordnancesurvey.co.uk/ontology/admingeo/District,Dorset,http://data.ordnancesurvey.co.uk/id/7000000000014362,http://data.ordnancesurvey.co.uk/ontology/admingeo/County,South West,http://data.ordnancesurvey.co.uk/id/7000000000041427,England,http://data.ordnancesurvey.co.uk/id/country/england,,,
BH193JZ,http://data.ordnancesurvey.co.uk/id/postcodeunit/BH193JZ,BH19 3JZ,,,,other,Postcode,399027.400,78408.700,3500,18000,,,,,,,Acton,http://data.ordnancesurvey.co.uk/id/4000000074553043,http://www.ordnancesurvey.co.uk/xml/codelists/localtype.xml#village,Purbeck,http://data.ordnancesurvey.co.uk/id/7000000000014363,http://data.ordnancesurvey.co.uk/ontology/admingeo/District,Dorset,http://data.ordnancesurvey.co.uk/id/7000000000014362,http://data.ordnancesurvey.co.uk/ontology/admingeo/County,South West,http://data.ordnancesurvey.co.uk/id/7000000000041427,England,http://data.ordnancesurvey.co.uk/id/country/england,,,
BH193JP,http://data.ordnancesurvey.co.uk/id/postcodeunit/BH193JP,BH19 3JP,,,,other,Postcode,398247.600,78829.200,3500,18000,,,,,,,,,,Purbeck,http://data.ordnancesurvey.co.uk/id/7000000000014363,http://data.ordnancesurvey.co.uk/ontology/admingeo/District,Dorset,http://data.ordnancesurvey.co.uk/id/7000000000014362,http://data.ordnancesurvey.co.uk/ontology/admingeo/County,South West,http://data.ordnancesurvey.co.uk/id/7000000000041427,England,http://data.ordnancesurvey.co.uk/id/country/england,,,
BH193LQ,http://data.ordnancesurvey.co.uk/id/postcodeunit/BH193LQ,BH19 3LQ,,,,other,Postcode,397366.883,77433.206,3500,18000,,,,,,,Worth Matravers,http://data.ordnancesurvey.co.uk/id/4000000074553042,http://www.ordnancesurvey.co.uk/xml/codelists/localtype.xml#village,Purbeck,http://data.ordnancesurvey.co.uk/id/7000000000014363,http://data.ordnancesurvey.co.uk/ontology/admingeo/District,Dorset,http://data.ordnancesurvey.co.uk/id/7000000000014362,http://data.ordnancesurvey.co.uk/ontology/admingeo/County,South West,http://data.ordnancesurvey.co.uk/id/7000000000041427,England,http://data.ordnancesurvey.co.uk/id/country/england,,,
BH193LW,http://data.ordnancesurvey.co.uk/id/postcodeunit/BH193LW,BH19 3LW,,,,other,Postcode,397285.594,77170.603,3500,18000,,,,,,,Worth Matravers,http://data.ordnancesurvey.co.uk/id/4000000074553042,http://www.ordnancesurvey.co.uk/xml/codelists/localtype.xml#village,Purbeck,http://data.ordnancesurvey.co.uk/id/7000000000014363,http://data.ordnancesurvey.co.uk/ontology/admingeo/District,Dorset,http://data.ordnancesurvey.co.uk/id/7000000000014362,http://data.ordnancesurvey.co.uk/ontology/admingeo/County,South West,http://data.ordnancesurvey.co.uk/id/7000000000041427,England,http://data.ordnancesurvey.co.uk/id/country/england,,,
BH205LR,http://data.ordnancesurvey.co.uk/id/postcodeunit/BH205LR,BH20 5LR,,,,other,Postcode,396456.800,79339.200,3500,18000,,,,,,,,,,Purbeck,http://data.ordnancesurvey.co.uk/id/7000000000014363,http://data.ordnancesurvey.co.uk/ontology/admingeo/District,Dorset,http://data.ordnancesurvey.co.uk/id/7000000000014362,http://data.ordnancesurvey.co.uk/ontology/admingeo/County,South West,http://data.ordnancesurvey.co.uk/id/7000000000041427,England,http://data.ordnancesurvey.co.uk/id/country/england,,,
BH193HA,http://data.ordnancesurvey.co.uk/id/postcodeunit/BH193HA,BH19 3HA,,,,other,Postcode,399846.200,78843.100,3500,18000,,,,,,,Langton Matravers,http://data.ordnancesurvey.co.uk/id/4000000074553044,http://www.ordnancesurvey.co.uk/xml/codelists/localtype.xml#village,Purbeck,http://data.ordnancesurvey.co.uk/id/7000000000014363,http://data.ordnancesurvey.co.uk/ontology/admingeo/District,Dorset,http://data.ordnancesurvey.co.uk/id/7000000000014362,http://data.ordnancesurvey.co.uk/ontology/admingeo/County,South West,http://data.ordnancesurvey.co.uk/id/7000000000041427,England,http://data.ordnancesurvey.co.uk/id/country/england,,,
BH193JW,http://data.ordnancesurvey.co.uk/id/postcodeunit/BH193JW,BH19 3JW,,,,other,Postcode,398454.200,78890.000,3500,18000,,,,,,,,,,Purbeck,http://data.ordnancesurvey.co.uk/id/7000000000014363,http://data.ordnancesurvey.co.uk/ontology/admingeo/District,Dorset,http://data.ordnancesurvey.co.uk/id/7000000000014362,http://data.ordnancesurvey.co.uk/ontology/admingeo/County,South West,http://data.ordnancesurvey.co.uk/id/7000000000041427,England,http://data.ordnancesurvey.co.uk/id/country/england,,,
BH193HE,http://data.ordnancesurvey.co.uk/id/postcodeunit/BH193HE,BH19 3HE,,,,other,Postcode,399994.700,78740.700,3500,18000,,,,,,,Langton Matravers,http://data.ordnancesurvey.co.uk/id/4000000074553044,http://www.ordnancesurvey.co.uk/xml/codelists/localtype.xml#village,Purbeck,http://data.ordnancesurvey.co.uk/id/7000000000014363,http://data.ordnancesurvey.co.uk/ontology/admingeo/District,Dorset,http://data.ordnancesurvey.co.uk/id/7000000000014362,http://data.ordnancesurvey.co.uk/ontology/admingeo/County,South West,http://data.ordnancesurvey.co.uk/id/7000000000041427,England,http://data.ordnancesurvey.co.uk/id/country/england,,,
BH205LL,http://data.ordnancesurvey.co.uk/id/postcodeunit/BH205LL,BH20 5LL,,,,other,Postcode,395611.500,79514.900,3500,18000,,,,,,,Kingston,http://data.ordnancesurvey.co.uk/id/4000000074553047,http://www.ordnancesurvey.co.uk/xml/codelists/localtype.xml#village,Purbeck,http://data.ordnancesurvey.co.uk/id/7000000000014363,http://data.ordnancesurvey.co.uk/ontology/admingeo/District,Dorset,http://data.ordnancesurvey.co.uk/id/7000000000014362,http://data.ordnancesurvey.co.uk/ontology/admingeo/County,South West,http://data.ordnancesurvey.co.uk/id/7000000000041427,England,http://data.ordnancesurvey.co.uk/id/country/england,,,
BH193JS,http://data.ordnancesurvey.co.uk/id/postcodeunit/BH193JS,BH19 3JS,,,,other,Postcode,398927.100,78411.000,3500,18000,,,,,,,Acton,http://data.ordnancesurvey.co.uk/id/4000000074553043,http://www.ordnancesurvey.co.uk/xml/codelists/localtype.xml#village,Purbeck,http://data.ordnancesurvey.co.uk/id/7000000000014363,http://data.ordnancesurvey.co.uk/ontology/admingeo/District,Dorset,http://data.ordnancesurvey.co.uk/id/7000000000014362,http://data.ordnancesurvey.co.uk/ontology/admingeo/County,South West,http://data.ordnancesurvey.co.uk/id/7000000000041427,England,http://data.ordnancesurvey.co.uk/id/country/england,,,
BH193ED,http://data.ordnancesurvey.co.uk/id/postcodeunit/BH193ED,BH19 3ED,,,,other,Postcode,398367.600,79662.000,3500,18000,,,,,,,,,,Purbeck,http://data.ordnancesurvey.co.uk/id/7000000000014363,http://data.ordnancesurvey.co.uk/ontology/admingeo/District,Dorset,http://data.ordnancesurvey.co.uk/id/7000000000014362,http://data.ordnancesurvey.co.uk/ontology/admingeo/County,South West,http://data.ordnancesurvey.co.uk/id/7000000000041427,England,http://data.ordnancesurvey.co.uk/id/country/england,,,
BH193HS,http://data.ordnancesurvey.co.uk/id/postcodeunit/BH193HS,BH19 3HS,,,,other,Postcode,399199.900,78553.000,3500,18000,,,,,,,,,,Purbeck,http://data.ordnancesurvey.co.uk/id/7000000000014363,http://data.ordnancesurvey.co.uk/ontology/admingeo/District,Dorset,http://data.ordnancesurvey.co.uk/id/7000000000014362,http://data.ordnancesurvey.co.uk/ontology/admingeo/County,South West,http://data.ordnancesurvey.co.uk/id/7000000000041427,England,http://data.ordnancesurvey.co.uk/id/country/england,,,
BH193LU,http://data.ordnancesurvey.co.uk/id/postcodeunit/BH193LU,BH19 3LU,,,,other,Postcode,398986.500,78408.000,3500,18000,,,,,,,Acton,http://data.ordnancesurvey.co.uk/id/4000000074553043,http://www.ordnancesurvey.co.uk/xml/codelists/localtype.xml#village,Purbeck,http://data.ordnancesurvey.co.uk/id/7000000000014363,http://data.ordnancesurvey.co.uk/ontology/admingeo/District,Dorset,http://data.ordnancesurvey.co.uk/id/7000000000014362,http://data.ordnancesurvey.co.uk/ontology/admingeo/County,South West,http://data.ordnancesurvey.co.uk/id/7000000000041427,England,http://data.ordnancesurvey.co.uk/id/country/england,,,
BH193HF,http://data.ordnancesurvey.co.uk/id/postcodeunit/BH193HF,BH19 3HF,,,,other,Postcode,399879.700,78816.900,3500,18000,,,,,,,Langton Matravers,http://data.ordnancesurvey.co.uk/id/4000000074553044,http://www.ordnancesurvey.co.uk/xml/codelists/localtype.xml#village,Purbeck,http://data.ordnancesurvey.co.uk/id/7000000000014363,http://data.ordnancesurvey.co.uk/ontology/admingeo/District,Dorset,http://data.ordnancesurvey.co.uk/id/7000000000014362,http://data.ordnancesurvey.co.uk/ontology/admingeo/County,South West,http://data.ordnancesurvey.co.uk/id/7000000000041427,England,http://data.ordnancesurvey.co.uk/id/country/england,,,
BH193JR,http://data.ordnancesurvey.co.uk/id/postcodeunit/BH193JR,BH19 3JR,,,,other,Postcode,398265.500,78831.000,3500,18000,,,,,,,,,,Purbeck,http://data.ordnancesurvey.co.uk/id/7000000000014363,http://data.ordnancesurvey.co.uk/ontology/admingeo/District,Dorset,http://data.ordnancesurvey.co.uk/id/7000000000014362,http://data.ordnancesurvey.co.uk/ontology/admingeo/County,South West,http://data.ordnancesurvey.co.uk/id/7000000000041427,England,http://data.ordnancesurvey.co.uk/id/country/england,,,
BH193HR,http://data.ordnancesurvey.co.uk/id/postcodeunit/BH193HR,BH19 3HR,,,,other,Postcode,399224.800,78552.800,3500,18000,,,,,,,,,,Purbeck,http://data.ordnancesurvey.co.uk/id/7000000000014363,http://data.ordnancesurvey.co.uk/ontology/admingeo/District,Dorset,http://data.ordnancesurvey.co.uk/id/7000000000014362,http://data.ordnancesurvey.co.uk/ontology/admingeo/County,South West,http://data.ordnancesurvey.co.uk/id/7000000000041427,England,http://data.ordnancesurvey.co.uk/id/country/england,,,
BH193HN,http://data.ordnancesurvey.co.uk/id/postcodeunit/BH193HN,BH19 3HN,,,,other,Postcode,399506.400,78660.400,3500,18000,,,,,,,Langton Matravers,http://data.ordnancesurvey.co.uk/id/4000000074553044,http://www.ordnancesurvey.co.uk/xml/codelists/localtype.xml#village,Purbeck,http://data.ordnancesurvey.co.uk/id/7000000000014363,http://data.ordnancesurvey.co.uk/ontology/admingeo/District,Dorset,http://data.ordnancesurvey.co.uk/id/7000000000014362,http://data.ordnancesurvey.co.uk/ontology/admingeo/County,South West,http://data.ordnancesurvey.co.uk/id/7000000000041427,England,http://data.ordnancesurvey.co.uk/id/country/england,,,
BH193LA,http://data.ordnancesurvey.co.uk/id/postcodeunit/BH193LA,BH19 3LA,,,,other,Postcode,398986.200,78356.200,3500,18000,,,,,,,Acton,http://data.ordnancesurvey.co.uk/id/4000000074553043,http://www.ordnancesurvey.co.uk/xml/codelists/localtype.xml#village,Purbeck,http://data.ordnancesurvey.co.uk/id/7000000000014363,http://data.ordnancesurvey.co.uk/ontology/admingeo/District,Dorset,http://data.ordnancesurvey.co.uk/id/7000000000014362,http://data.ordnancesurvey.co.uk/ontology/admingeo/County,South West,http://data.ordnancesurvey.co.uk/id/7000000000041427,England,http://data.ordnancesurvey.co.uk/id/country/england,,,
BH193JN,http://data.ordnancesurvey.co.uk/id/postcodeunit/BH193JN,BH19 3JN,,,,other,Postcode,398986.800,78671.800,3500,18000,,,,,,,,,,Purbeck,http://data.ordnancesurvey.co.uk/id/7000000000014363,http://data.ordnancesurvey.co.uk/ontology/admingeo/District,Dorset,http://data.ordnancesurvey.co.uk/id/7000000000014362,http://data.ordnancesurvey.co.uk/ontology/admingeo/County,South West,http://data.ordnancesurvey.co.uk/id/7000000000041427,England,http://data.ordnancesurvey.co.uk/id/country/england,,,
BH193LL,http://data.ordnancesurvey.co.uk/id/postcodeunit/BH193LL,BH19 3LL,,,,other,Postcode,396642.900,77449.900,3500,18000,,,,,,,,,,Purbeck,http://data.ordnancesurvey.co.uk/id/7000000000014363,http://data.ordnancesurvey.co.uk/ontology/admingeo/District,Dorset,http://data.ordnancesurvey.co.uk/id/7000000000014362,http://data.ordnancesurvey.co.uk/ontology/admingeo/County,South West,http://data.ordnancesurvey.co.uk/id/7000000000041427,England,http://data.ordnancesurvey.co.uk/id/country/england,,,
BH205LH,http://data.ordnancesurvey.co.uk/id/postcodeunit/BH205LH,BH20 5LH,,,,other,Postcode,395699.000,79595.300,3500,18000,,,,,,,Kingston,http://data.ordnancesurvey.co.uk/id/4000000074553047,http://www.ordnancesurvey.co.uk/xml/codelists/localtype.xml#village,Purbeck,http://data.ordnancesurvey.co.uk/id/7000000000014363,http://data.ordnancesurvey.co.uk/ontology/admingeo/District,Dorset,http://data.ordnancesurvey.co.uk/id/7000000000014362,http://data.ordnancesurvey.co.uk/ontology/admingeo/County,South West,http://data.ordnancesurvey.co.uk/id/7000000000041427,England,http://data.ordnancesurvey.co.uk/id/country/england,,,
BH193JX,http://data.ordnancesurvey.co.uk/id/postcodeunit/BH193JX,BH19 3JX,,,,other,Postcode,398937.400,78397.100,3500,18000,,,,,,,Acton,http://data.ordnancesurvey.co.uk/id/4000000074553043,http://www.ordnancesurvey.co.uk/xml/codelists/localtype.xml#village,Purbeck,http://data.ordnancesurvey.co.uk/id/7000000000014363,http://data.ordnancesurvey.co.uk/ontology/admingeo/District,Dorset,http://data.ordnancesurvey.co.uk/id/7000000000014362,http://data.ordnancesurvey.co.uk/ontology/admingeo/County,South West,http://data.ordnancesurvey.co.uk/id/7000000000041427,England,http://data.ordnancesurvey.co.uk/id/country/england,,,
BH205PG,http://data.ordnancesurvey.co.uk/id/postcodeunit/BH205PG,BH20 5PG,,,,other,Postcode,392414.600,78855.200,3500,18000,,,,,,,,,,Purbeck,http://data.ordnancesurvey.co.uk/id/7000000000014363,http://data.ordnancesurvey.co.uk/ontology/admingeo/District,Dorset,http://data.ordnancesurvey.co.uk/id/7000000000014362,http://data.ordnancesurvey.co.uk/ontology/admingeo/County,South West,http://data.ordnancesurvey.co.uk/id/7000000000041427,England,http://data.ordnancesurvey.co.uk/id/country/england,,,
BH193HG,http://data.ordnancesurvey.co.uk/id/postcodeunit/BH193HG,BH19 3HG,,,,other,Postcode,399787.971,78581.006,3500,18000,,,,,,,Langton Matravers,http://data.ordnancesurvey.co.uk/id/4000000074553044,http://www.ordnancesurvey.co.uk/xml/codelists/localtype.xml#village,Purbeck,http://data.ordnancesurvey.co.uk/id/7000000000014363,http://data.ordnancesurvey.co.uk/ontology/admingeo/District,Dorset,http://data.ordnancesurvey.co.uk/id/7000000000014362,http://data.ordnancesurvey.co.uk/ontology/admingeo/County,South West,http://data.ordnancesurvey.co.uk/id/7000000000041427,England,http://data.ordnancesurvey.co.uk/id/country/england,,,
BH193HT,http://data.ordnancesurvey.co.uk/id/postcodeunit/BH193HT,BH19 3HT,,,,other,Postcode,399101.500,78923.100,3500,18000,,,,,,,,,,Purbeck,http://data.ordnancesurvey.co.uk/id/7000000000014363,http://data.ordnancesurvey.co.uk/ontology/admingeo/District,Dorset,http://data.ordnancesurvey.co.uk/id/7000000000014362,http://data.ordnancesurvey.co.uk/ontology/admingeo/County,South West,http://data.ordnancesurvey.co.uk/id/7000000000041427,England,http://data.ordnancesurvey.co.uk/id/country/england,,,
BH193LR,http://data.ordnancesurvey.co.uk/id/postcodeunit/BH193LR,BH19 3LR,,,,other,Postcode,396791.000,77044.100,3500,18000,,,,,,,,,,Purbeck,http://data.ordnancesurvey.co.uk/id/7000000000014363,http://data.ordnancesurvey.co.uk/ontology/admingeo/District,Dorset,http://data.ordnancesurvey.co.uk/id/7000000000014362,http://data.ordnancesurvey.co.uk/ontology/admingeo/County,South West,http://data.ordnancesurvey.co.uk/id/7000000000041427,England,http://data.ordnancesurvey.co.uk/id/country/england,,,
BH205PE,http://data.ordnancesurvey.co.uk/id/postcodeunit/BH205PE,BH20 5PE,,,,other,Postcode,391552.900,79631.100,3500,18000,,,,,,,Kimmeridge,http://data.ordnancesurvey.co.uk/id/4000000074553048,http://www.ordnancesurvey.co.uk/xml/codelists/localtype.xml#village,Purbeck,http://data.ordnancesurvey.co.uk/id/7000000000014363,http://data.ordnancesurvey.co.uk/ontology/admingeo/District,Dorset,http://data.ordnancesurvey.co.uk/id/7000000000014362,http://data.ordnancesurvey.co.uk/ontology/admingeo/County,South West,http://data.ordnancesurvey.co.uk/id/7000000000041427,England,http://data.ordnancesurvey.co.uk/id/country/england,,,
BH193LJ,http://data.ordnancesurvey.co.uk/id/postcodeunit/BH193LJ,BH19 3LJ,,,,other,Postcode,396968.500,77342.400,3500,18000,,,,,,,Worth Matravers,http://data.ordnancesurvey.co.uk/id/4000000074553042,http://www.ordnancesurvey.co.uk/xml/codelists/localtype.xml#village,Purbeck,http://data.ordnancesurvey.co.uk/id/7000000000014363,http://data.ordnancesurvey.co.uk/ontology/admingeo/District,Dorset,http://data.ordnancesurvey.co.uk/id/7000000000014362,http://data.ordnancesurvey.co.uk/ontology/admingeo/County,South West,http://data.ordnancesurvey.co.uk/id/7000000000041427,England,http://data.ordnancesurvey.co.uk/id/country/england,,,
BH193LN,http://data.ordnancesurvey.co.uk/id/postcodeunit/BH193LN,BH19 3LN,,,,other,Postcode,396721.000,76976.500,3500,18000,,,,,,,,,,Purbeck,http://data.ordnancesurvey.co.uk/id/7000000000014363,http://data.ordnancesurvey.co.uk/ontology/admingeo/District,Dorset,http://data.ordnancesurvey.co.uk/id/7000000000014362,http://data.ordnancesurvey.co.uk/ontology/admingeo/County,South West,http://data.ordnancesurvey.co.uk/id/7000000000041427,England,http://data.ordnancesurvey.co.uk/id/country/england,,,
BH205PF,http://data.ordnancesurvey.co.uk/id/postcodeunit/BH205PF,BH20 5PF,,,,other,Postcode,390826.200,79169.000,3500,18000,,,,,,,,,,Purbeck,http://data.ordnancesurvey.co.uk/id/7000000000014363,http://data.ordnancesurvey.co.uk/ontology/admingeo/District,Dorset,http://data.ordnancesurvey.co.uk/id/7000000000014362,http://data.ordnancesurvey.co.uk/ontology/admingeo/County,South West,http://data.ordnancesurvey.co.uk/id/7000000000041427,England,http://data.ordnancesurvey.co.uk/id/country/england,,,
BH193LY,http://data.ordnancesurvey.co.uk/id/postcodeunit/BH193LY,BH19 3LY,,,,other,Postcode,397469.200,77451.800,3500,18000,,,,,,,Worth Matravers,http://data.ordnancesurvey.co.uk/id/4000000074553042,http://www.ordnancesurvey.co.uk/xml/codelists/localtype.xml#village,Purbeck,http://data.ordnancesurvey.co.uk/id/7000000000014363,http://data.ordnancesurvey.co.uk/ontology/admingeo/District,Dorset,http://data.ordnancesurvey.co.uk/id/7000000000014362,http://data.ordnancesurvey.co.uk/ontology/admingeo/County,South West,http://data.ordnancesurvey.co.uk/id/7000000000041427,England,http://data.ordnancesurvey.co.uk/id/country/england,,,
BH193DY,http://data.ordnancesurvey.co.uk/id/postcodeunit/BH193DY,BH19 3DY,,,,other,Postcode,398968.117,79794.157,3500,18000,,,,,,,,,,Purbeck,http://data.ordnancesurvey.co.uk/id/7000000000014363,http://data.ordnancesurvey.co.uk/ontology/admingeo/District,Dorset,http://data.ordnancesurvey.co.uk/id/7000000000014362,http://data.ordnancesurvey.co.uk/ontology/admingeo/County,South West,http://data.ordnancesurvey.co.uk/id/7000000000041427,England,http://data.ordnancesurvey.co.uk/id/country/england,,,
BH205PH,http://data.ordnancesurvey.co.uk/id/postcodeunit/BH205PH,BH20 5PH,,,,other,Postcode,391630.800,79762.100,3500,18000,,,,,,,Kimmeridge,http://data.ordnancesurvey.co.uk/id/4000000074553048,http://www.ordnancesurvey.co.uk/xml/codelists/localtype.xml#village,Purbeck,http://data.ordnancesurvey.co.uk/id/7000000000014363,http://data.ordnancesurvey.co.uk/ontology/admingeo/District,Dorset,http://data.ordnancesurvey.co.uk/id/7000000000014362,http://data.ordnancesurvey.co.uk/ontology/admingeo/County,South West,http://data.ordnancesurvey.co.uk/id/7000000000041427,England,http://data.ordnancesurvey.co.uk/id/country/england,,,
BH193HB,http://data.ordnancesurvey.co.uk/id/postcodeunit/BH193HB,BH19 3HB,,,,other,Postcode,399840.200,78875.800,3500,18000,,,,,,,Langton Matravers,http://data.ordnancesurvey.co.uk/id/4000000074553044,http://www.ordnancesurvey.co.uk/xml/codelists/localtype.xml#village,Purbeck,http://data.ordnancesurvey.co.uk/id/7000000000014363,http://data.ordnancesurvey.co.uk/ontology/admingeo/District,Dorset,http://data.ordnancesurvey.co.uk/id/7000000000014362,http://data.ordnancesurvey.co.uk/ontology/admingeo/County,South West,http://data.ordnancesurvey.co.uk/id/7000000000041427,England,http://data.ordnancesurvey.co.uk/id/country/england,,,
BH205LJ,http://data.ordnancesurvey.co.uk/id/postcodeunit/BH205LJ,BH20 5LJ,,,,other,Postcode,395599.700,79677.200,3500,18000,,,,,,,Kingston,http://data.ordnancesurvey.co.uk/id/4000000074553047,http://www.ordnancesurvey.co.uk/xml/codelists/localtype.xml#village,Purbeck,http://data.ordnancesurvey.co.uk/id/7000000000014363,http://data.ordnancesurvey.co.uk/ontology/admingeo/District,Dorset,http://data.ordnancesurvey.co.uk/id/7000000000014362,http://data.ordnancesurvey.co.uk/ontology/admingeo/County,South West,http://data.ordnancesurvey.co.uk/id/7000000000041427,England,http://data.ordnancesurvey.co.uk/id/country/england,,,
BH193JA,http://data.ordnancesurvey.co.uk/id/postcodeunit/BH193JA,BH19 3JA,,,,other,Postcode,399598.682,78933.064,3500,18000,,,,,,,Langton Matravers,http://data.ordnancesurvey.co.uk/id/4000000074553044,http://www.ordnancesurvey.co.uk/xml/codelists/localtype.xml#village,Purbeck,http://data.ordnancesurvey.co.uk/id/7000000000014363,http://data.ordnancesurvey.co.uk/ontology/admingeo/District,Dorset,http://data.ordnancesurvey.co.uk/id/7000000000014362,http://data.ordnancesurvey.co.uk/ontology/admingeo/County,South West,http://data.ordnancesurvey.co.uk/id/7000000000041427,England,http://data.ordnancesurvey.co.uk/id/country/england,,,
BH193HW,http://data.ordnancesurvey.co.uk/id/postcodeunit/BH193HW,BH19 3HW,,,,other,Postcode,399437.600,78736.300,3500,18000,,,,,,,Langton Matravers,http://data.ordnancesurvey.co.uk/id/4000000074553044,http://www.ordnancesurvey.co.uk/xml/codelists/localtype.xml#village,Purbeck,http://data.ordnancesurvey.co.uk/id/7000000000014363,http://data.ordnancesurvey.co.uk/ontology/admingeo/District,Dorset,http://data.ordnancesurvey.co.uk/id/7000000000014362,http://data.ordnancesurvey.co.uk/ontology/admingeo/County,South West,http://data.ordnancesurvey.co.uk/id/7000000000041427,England,http://data.ordnancesurvey.co.uk/id/country/england,,,
BH205LQ,http://data.ordnancesurvey.co.uk/id/postcodeunit/BH205LQ,BH20 5LQ,,,,other,Postcode,395586.600,79316.200,3500,18000,,,,,,,Kingston,http://data.ordnancesurvey.co.uk/id/4000000074553047,http://www.ordnancesurvey.co.uk/xml/codelists/localtype.xml#village,Purbeck,http://data.ordnancesurvey.co.uk/id/7000000000014363,http://data.ordnancesurvey.co.uk/ontology/admingeo/District,Dorset,http://data.ordnancesurvey.co.uk/id/7000000000014362,http://data.ordnancesurvey.co.uk/ontology/admingeo/County,South West,http://data.ordnancesurvey.co.uk/id/7000000000041427,England,http://data.ordnancesurvey.co.uk/id/country/england,,,
BH193DU,http://data.ordnancesurvey.co.uk/id/postcodeunit/BH193DU,BH19 3DU,,,,other,Postcode,399577.600,79542.600,3500,18000,,,,,,,,,,Purbeck,http://data.ordnancesurvey.co.uk/id/7000000000014363,http://data.ordnancesurvey.co.uk/ontology/admingeo/District,Dorset,http://data.ordnancesurvey.co.uk/id/7000000000014362,http://data.ordnancesurvey.co.uk/ontology/admingeo/County,South West,http://data.ordnancesurvey.co.uk/id/7000000000041427,England,http://data.ordnancesurvey.co.uk/id/country/england,,,
BH193HQ,http://data.ordnancesurvey.co.uk/id/postcodeunit/BH193HQ,BH19 3HQ,,,,other,Postcode,399871.700,78721.300,3500,18000,,,,,,,Langton Matravers,http://data.ordnancesurvey.co.uk/id/4000000074553044,http://www.ordnancesurvey.co.uk/xml/codelists/localtype.xml#village,Purbeck,http://data.ordnancesurvey.co.uk/id/7000000000014363,http://data.ordnancesurvey.co.uk/ontology/admingeo/District,Dorset,http://data.ordnancesurvey.co.uk/id/7000000000014362,http://data.ordnancesurvey.co.uk/ontology/admingeo/County,South West,http://data.ordnancesurvey.co.uk/id/7000000000041427,England,http://data.ordnancesurvey.co.uk/id/country/england,,,
osgb4000000025950297,http://data.ordnancesurvey.co.uk/id/osgb4000000025950297,Weston Road,,,,transportNetwork,Named Road,397014.148,77316.311,2000,20000,396828.000,77314.643,397196.126,77356.363,BH19,http://data.ordnancesurvey.co.uk/id/postcodedistrict/BH19,Worth Matravers,http://data.ordnancesurvey.co.uk/id/4000000074553042,http://www.ordnancesurvey.co.uk/xml/codelists/localtype.xml#village,Purbeck,http://data.ordnancesurvey.co.uk/id/7000000000014363,http://data.ordnancesurvey.co.uk/ontology/admingeo/District,Dorset,http://data.ordnancesurvey.co.uk/id/7000000000014362,http://data.ordnancesurvey.co.uk/ontology/admingeo/County,South West,http://data.ordnancesurvey.co.uk/id/7000000000041427,England,http://data.ordnancesurvey.co.uk/id/country/england,,,
osgb4000000025952582,http://data.ordnancesurvey.co.uk/id/osgb4000000025952582,North Street,,,,transportNetwork,Named Road,399503.337,78813.457,1000,20000,399503.337,78773.000,399511.000,78830.707,BH19,http://data.ordnancesurvey.co.uk/id/postcodedistrict/BH19,Langton Matravers,http://data.ordnancesurvey.co.uk/id/4000000074553044,http://www.ordnancesurvey.co.uk/xml/codelists/localtype.xml#village,Purbeck,http://data.ordnancesurvey.co.uk/id/7000000000014363,http://data.ordnancesurvey.co.uk/ontology/admingeo/District,Dorset,http://data.ordnancesurvey.co.uk/id/7000000000014362,http://data.ordnancesurvey.co.uk/ontology/admingeo/County,South West,http://data.ordnancesurvey.co.uk/id/7000000000041427,England,http://data.ordnancesurvey.co.uk/id/country/england,,,
osgb4000000025950301,http://data.ordnancesurvey.co.uk/id/osgb4000000025950301,The Hyde,,,,transportNetwork,Named Road,399995.399,78770.000,2000,20000,399993.587,78629.707,399997.000,78894.000,BH19,http://data.ordnancesurvey.co.uk/id/postcodedistrict/BH19,Langton Matravers,http://data.ordnancesurvey.co.uk/id/4000000074553044,http://www.ordnancesurvey.co.uk/xml/codelists/localtype.xml#village,Purbeck,http://data.ordnancesurvey.co.uk/id/7000000000014363,http://data.ordnancesurvey.co.uk/ontology/admingeo/District,Dorset,http://data.ordnancesurvey.co.uk/id/7000000000014362,http://data.ordnancesurvey.co.uk/ontology/admingeo/County,South West,http://data.ordnancesurvey.co.uk/id/7000000000041427,England,http://data.ordnancesurvey.co.uk/id/country/england,,,
8481dedb-542a-4232-9f46-74e7b4a6336c,http://data.ordnancesurvey.co.uk/id/8481dedb-542a-4232-9f46-74e7b4a6336c,Bonvils Road,,,,transportNetwork,Section Of Named Road,396764.180,77155.713,2000,25000,396753.140,77003.083,396828.000,77333.000,BH19,http://data.ordnancesurvey.co.uk/id/postcodedistrict/BH19,Worth Matravers,http://data.ordnancesurvey.co.uk/id/4000000074553042,http://www.ordnancesurvey.co.uk/xml/codelists/localtype.xml#village,Purbeck,http://data.ordnancesurvey.co.uk/id/7000000000014363,http://data.ordnancesurvey.co.uk/ontology/admingeo/District,Dorset,http://data.ordnancesurvey.co.uk/id/7000000000014362,http://data.ordnancesurvey.co.uk/ontology/admingeo/County,South West,http://data.ordnancesurvey.co.uk/id/7000000000041427,England,http://data.ordnancesurvey.co.uk/id/country/england,osgb4000000025950298,,
osgb4000000025952578,http://data.ordnancesurvey.co.uk/id/osgb4000000025952578,Pikes Lane,,,,transportNetwork,Named Road,397345.500,77409.400,1000,20000,397294.100,77391.233,397395.530,77451.953,BH19,http://data.ordnancesurvey.co.uk/id/postcodedistrict/BH19,Worth Matravers,http://data.ordnancesurvey.co.uk/id/4000000074553042,http://www.ordnancesurvey.co.uk/xml/codelists/localtype.xml#village,Purbeck,http://data.ordnancesurvey.co.uk/id/7000000000014363,http://data.ordnancesurvey.co.uk/ontology/admingeo/District,Dorset,http://data.ordnancesurvey.co.uk/id/7000000000014362,http://data.ordnancesurvey.co.uk/ontology/admingeo/County,South West,http://data.ordnancesurvey.co.uk/id/7000000000041427,England,http://data.ordnancesurvey.co.uk/id/country/england,,,
osgb4000000025949346,http://data.ordnancesurvey.co.uk/id/osgb4000000025949346,South Street,,,,transportNetwork,Named Road,395602.000,78889.000,9000,20000,395488.587,78230.707,395624.099,79600.969,BH20,http://data.ordnancesurvey.co.uk/id/postcodedistrict/BH20,,,,Purbeck,http://data.ordnancesurvey.co.uk/id/7000000000014363,http://data.ordnancesurvey.co.uk/ontology/admingeo/District,Dorset,http://data.ordnancesurvey.co.uk/id/7000000000014362,http://data.ordnancesurvey.co.uk/ontology/admingeo/County,South West,http://data.ordnancesurvey.co.uk/id/7000000000041427,England,http://data.ordnancesurvey.co.uk/id/country/england,,,
osgb4000000025949347,http://data.ordnancesurvey.co.uk/id/osgb4000000025949347,West Street,,,,transportNetwork,Named Road,396259.000,79294.000,12000,20000,395398.494,79121.000,397169.000,79624.184,BH20,http://data.ordnancesurvey.co.uk/id/postcodedistrict/BH20,,,,Purbeck,http://data.ordnancesurvey.co.uk/id/7000000000014363,http://data.ordnancesurvey.co.uk/ontology/admingeo/District,Dorset,http://data.ordnancesurvey.co.uk/id/7000000000014362,http://data.ordnancesurvey.co.uk/ontology/admingeo/County,South West,http://data.ordnancesurvey.co.uk/id/7000000000041427,England,http://data.ordnancesurvey.co.uk/id/country/england,,,
osgb4000000025950298,http://data.ordnancesurvey.co.uk/id/osgb4000000025950298,Bonvils Road,,,,transportNetwork,Named Road,396764.180,77129.953,3000,20000,396753.140,76946.992,396828.000,77333.000,BH19,http://data.ordnancesurvey.co.uk/id/postcodedistrict/BH19,Worth Matravers,http://data.ordnancesurvey.co.uk/id/4000000074553042,http://www.ordnancesurvey.co.uk/xml/codelists/localtype.xml#village,Purbeck,http://data.ordnancesurvey.co.uk/id/7000000000014363,http://data.ordnancesurvey.co.uk/ontology/admingeo/District,Dorset,http://data.ordnancesurvey.co.uk/id/7000000000014362,http://data.ordnancesurvey.co.uk/ontology/admingeo/County,South West,http://data.ordnancesurvey.co.uk/id/7000000000041427,England,http://data.ordnancesurvey.co.uk/id/country/england,,,
osgb4000000025965654,http://data.ordnancesurvey.co.uk/id/osgb4000000025965654,Old Malthouse Lane,,,,transportNetwork,Named Road,399576.087,78877.707,1000,20000,399558.106,78781.457,399694.587,78991.957,BH19,http://data.ordnancesurvey.co.uk/id/postcodedistrict/BH19,Langton Matravers,http://data.ordnancesurvey.co.uk/id/4000000074553044,http://www.ordnancesurvey.co.uk/xml/codelists/localtype.xml#village,Purbeck,http://data.ordnancesurvey.co.uk/id/7000000000014363,http://data.ordnancesurvey.co.uk/ontology/admingeo/District,Dorset,http://data.ordnancesurvey.co.uk/id/7000000000014362,http://data.ordnancesurvey.co.uk/ontology/admingeo/County,South West,http://data.ordnancesurvey.co.uk/id/7000000000041427,England,http://data.ordnancesurvey.co.uk/id/country/england,,,
osgb4000000025951314,http://data.ordnancesurvey.co.uk/id/osgb4000000025951314,Toms Field Road,,,,transportNetwork,Named Road,399509.000,78711.000,1000,20000,399493.000,78583.207,399509.837,78770.000,BH19,http://data.ordnancesurvey.co.uk/id/postcodedistrict/BH19,Langton Matravers,http://data.ordnancesurvey.co.uk/id/4000000074553044,http://www.ordnancesurvey.co.uk/xml/codelists/localtype.xml#village,Purbeck,http://data.ordnancesurvey.co.uk/id/7000000000014363,http://data.ordnancesurvey.co.uk/ontology/admingeo/District,Dorset,http://data.ordnancesurvey.co.uk/id/7000000000014362,http://data.ordnancesurvey.co.uk/ontology/admingeo/County,South West,http://data.ordnancesurvey.co.uk/id/7000000000041427,England,http://data.ordnancesurvey.co.uk/id/country/england,,,
ff7db4f0-7594-402b-9acb-ee2744526075,http://data.ordnancesurvey.co.uk/id/ff7db4f0-7594-402b-9acb-ee2744526075,Roman Barn,,,,transportNetwork,Section Of Named Road,397466.765,77800.727,1000,25000,397419.486,77798.159,397528.556,77818.120,BH19,http://data.ordnancesurvey.co.uk/id/postcodedistrict/BH19,,,,Purbeck,http://data.ordnancesurvey.co.uk/id/7000000000014363,http://data.ordnancesurvey.co.uk/ontology/admingeo/District,Dorset,http://data.ordnancesurvey.co.uk/id/7000000000014362,http://data.ordnancesurvey.co.uk/ontology/admingeo/County,South West,http://data.ordnancesurvey.co.uk/id/7000000000041427,England,http://data.ordnancesurvey.co.uk/id/country/england,osgb5000005104248055,,
osgb4000000025951315,http://data.ordnancesurvey.co.uk/id/osgb4000000025951315,Gypshayes,,,,transportNetwork,Named Road,399759.837,78719.457,1000,20000,399759.837,78719.207,399936.837,78719.457,BH19,http://data.ordnancesurvey.co.uk/id/postcodedistrict/BH19,Langton Matravers,http://data.ordnancesurvey.co.uk/id/4000000074553044,http://www.ordnancesurvey.co.uk/xml/codelists/localtype.xml#village,Purbeck,http://data.ordnancesurvey.co.uk/id/7000000000014363,http://data.ordnancesurvey.co.uk/ontology/admingeo/District,Dorset,http://data.ordnancesurvey.co.uk/id/7000000000014362,http://data.ordnancesurvey.co.uk/ontology/admingeo/County,South West,http://data.ordnancesurvey.co.uk/id/7000000000041427,England,http://data.ordnancesurvey.co.uk/id/country/england,,,
osgb4000000025949679,http://data.ordnancesurvey.co.uk/id/osgb4000000025949679,Durnford Drove,,,,transportNetwork,Named Road,399755.481,78590.000,3000,20000,399742.087,78340.957,399767.000,78842.000,BH19,http://data.ordnancesurvey.co.uk/id/postcodedistrict/BH19,Langton Matravers,http://data.ordnancesurvey.co.uk/id/4000000074553044,http://www.ordnancesurvey.co.uk/xml/codelists/localtype.xml#village,Purbeck,http://data.ordnancesurvey.co.uk/id/7000000000014363,http://data.ordnancesurvey.co.uk/ontology/admingeo/District,Dorset,http://data.ordnancesurvey.co.uk/id/7000000000014362,http://data.ordnancesurvey.co.uk/ontology/admingeo/County,South West,http://data.ordnancesurvey.co.uk/id/7000000000041427,England,http://data.ordnancesurvey.co.uk/id/country/england,,,
6db76412-4a56-4aae-84bc-69ae1784f11d,http://data.ordnancesurvey.co.uk/id/6db76412-4a56-4aae-84bc-69ae1784f11d,Renscombe Road,,,,transportNetwork,Section Of Named Road,396760.040,77408.483,1000,25000,396683.628,77333.000,396828.000,77455.539,BH19,http://data.ordnancesurvey.co.uk/id/postcodedistrict/BH19,Worth Matravers,http://data.ordnancesurvey.co.uk/id/4000000074553042,http://www.ordnancesurvey.co.uk/xml/codelists/localtype.xml#village,Purbeck,http://data.ordnancesurvey.co.uk/id/7000000000014363,http://data.ordnancesurvey.co.uk/ontology/admingeo/District,Dorset,http://data.ordnancesurvey.co.uk/id/7000000000014362,http://data.ordnancesurvey.co.uk/ontology/admingeo/County,South West,http://data.ordnancesurvey.co.uk/id/7000000000041427,England,http://data.ordnancesurvey.co.uk/id/country/england,osgb4000000025950300,,
osgb4000000026192323,http://data.ordnancesurvey.co.uk/id/osgb4000000026192323,High Street,,,,transportNetwork,Named Road,399662.087,78800.707,5000,20000,399239.087,78756.957,400040.375,78904.258,BH19,http://data.ordnancesurvey.co.uk/id/postcodedistrict/BH19,Langton Matravers,http://data.ordnancesurvey.co.uk/id/4000000074553044,http://www.ordnancesurvey.co.uk/xml/codelists/localtype.xml#village,Purbeck,http://data.ordnancesurvey.co.uk/id/7000000000014363,http://data.ordnancesurvey.co.uk/ontology/admingeo/District,Dorset,http://data.ordnancesurvey.co.uk/id/7000000000014362,http://data.ordnancesurvey.co.uk/ontology/admingeo/County,South West,http://data.ordnancesurvey.co.uk/id/7000000000041427,England,http://data.ordnancesurvey.co.uk/id/country/england,,,
osgb4000000025965655,http://data.ordnancesurvey.co.uk/id/osgb4000000025965655,Garfield Lane,,,,transportNetwork,Named Road,399562.718,78737.042,1000,20000,399559.968,78704.542,399571.837,78781.457,BH19,http://data.ordnancesurvey.co.uk/id/postcodedistrict/BH19,Langton Matravers,http://data.ordnancesurvey.co.uk/id/4000000074553044,http://www.ordnancesurvey.co.uk/xml/codelists/localtype.xml#village,Purbeck,http://data.ordnancesurvey.co.uk/id/7000000000014363,http://data.ordnancesurvey.co.uk/ontology/admingeo/District,Dorset,http://data.ordnancesurvey.co.uk/id/7000000000014362,http://data.ordnancesurvey.co.uk/ontology/admingeo/County,South West,http://data.ordnancesurvey.co.uk/id/7000000000041427,England,http://data.ordnancesurvey.co.uk/id/country/england,,,
osgb4000000025969624,http://data.ordnancesurvey.co.uk/id/osgb4000000025969624,Capston Field,,,,transportNetwork,Named Road,399369.337,78763.957,1000,20000,399369.337,78719.457,399371.587,78763.957,BH19,http://data.ordnancesurvey.co.uk/id/postcodedistrict/BH19,Langton Matravers,http://data.ordnancesurvey.co.uk/id/4000000074553044,http://www.ordnancesurvey.co.uk/xml/codelists/localtype.xml#village,Purbeck,http://data.ordnancesurvey.co.uk/id/7000000000014363,http://data.ordnancesurvey.co.uk/ontology/admingeo/District,Dorset,http://data.ordnancesurvey.co.uk/id/7000000000014362,http://data.ordnancesurvey.co.uk/ontology/admingeo/County,South West,http://data.ordnancesurvey.co.uk/id/7000000000041427,England,http://data.ordnancesurvey.co.uk/id/country/england,,,
osgb4000000025952579,http://data.ordnancesurvey.co.uk/id/osgb4000000025952579,Newfoundland Close,,,,transportNetwork,Named Road,397593.560,77721.743,1000,20000,397558.123,77685.000,397630.000,77737.261,BH19,http://data.ordnancesurvey.co.uk/id/postcodedistrict/BH19,Worth Matravers,http://data.ordnancesurvey.co.uk/id/4000000074553042,http://www.ordnancesurvey.co.uk/xml/codelists/localtype.xml#village,Purbeck,http://data.ordnancesurvey.co.uk/id/7000000000014363,http://data.ordnancesurvey.co.uk/ontology/admingeo/District,Dorset,http://data.ordnancesurvey.co.uk/id/7000000000014362,http://data.ordnancesurvey.co.uk/ontology/admingeo/County,South West,http://data.ordnancesurvey.co.uk/id/7000000000041427,England,http://data.ordnancesurvey.co.uk/id/country/england,,,
osgb4000000025950299,http://data.ordnancesurvey.co.uk/id/osgb4000000025950299,Winspit Road,,,,transportNetwork,Named Road,397285.820,77122.823,3000,20000,397196.126,76937.749,397368.850,77356.363,BH19,http://data.ordnancesurvey.co.uk/id/postcodedistrict/BH19,Worth Matravers,http://data.ordnancesurvey.co.uk/id/4000000074553042,http://www.ordnancesurvey.co.uk/xml/codelists/localtype.xml#village,Purbeck,http://data.ordnancesurvey.co.uk/id/7000000000014363,http://data.ordnancesurvey.co.uk/ontology/admingeo/District,Dorset,http://data.ordnancesurvey.co.uk/id/7000000000014362,http://data.ordnancesurvey.co.uk/ontology/admingeo/County,South West,http://data.ordnancesurvey.co.uk/id/7000000000041427,England,http://data.ordnancesurvey.co.uk/id/country/england,,,
osgb4000000025963315,http://data.ordnancesurvey.co.uk/id/osgb4000000025963315,Britwell Drive,,,,transportNetwork,Named Road,382032.512,79998.400,3000,20000,381808.612,79972.898,382255.739,80051.878,BH20,http://data.ordnancesurvey.co.uk/id/postcodedistrict/BH20,Lulworth Cove,http://data.ordnancesurvey.co.uk/id/4000000074314092,http://www.ordnancesurvey.co.uk/xml/codelists/localtype.xml#village,Purbeck,http://data.ordnancesurvey.co.uk/id/7000000000014363,http://data.ordnancesurvey.co.uk/ontology/admingeo/District,Dorset,http://data.ordnancesurvey.co.uk/id/7000000000014362,http://data.ordnancesurvey.co.uk/ontology/admingeo/County,South West,http://data.ordnancesurvey.co.uk/id/7000000000041427,England,http://data.ordnancesurvey.co.uk/id/country/england,,,
osgb4000000025949348,http://data.ordnancesurvey.co.uk/id/osgb4000000025949348,Haycrafts Lane,,,,transportNetwork,Named Road,398389.000,79602.000,9000,20000,398264.653,78848.526,398475.000,80262.352,BH19,http://data.ordnancesurvey.co.uk/id/postcodedistrict/BH19,,,,Purbeck,http://data.ordnancesurvey.co.uk/id/7000000000014363,http://data.ordnancesurvey.co.uk/ontology/admingeo/District,Dorset,http://data.ordnancesurvey.co.uk/id/7000000000014362,http://data.ordnancesurvey.co.uk/ontology/admingeo/County,South West,http://data.ordnancesurvey.co.uk/id/7000000000041427,England,http://data.ordnancesurvey.co.uk/id/country/england,,,
osgb4000000025952581,http://data.ordnancesurvey.co.uk/id/osgb4000000025952581,St George's Close,,,,transportNetwork,Named Road,399843.000,78906.000,1000,20000,399843.000,78864.000,399855.400,78931.200,BH19,http://data.ordnancesurvey.co.uk/id/postcodedistrict/BH19,Langton Matravers,http://data.ordnancesurvey.co.uk/id/4000000074553044,http://www.ordnancesurvey.co.uk/xml/codelists/localtype.xml#village,Purbeck,http://data.ordnancesurvey.co.uk/id/7000000000014363,http://data.ordnancesurvey.co.uk/ontology/admingeo/District,Dorset,http://data.ordnancesurvey.co.uk/id/7000000000014362,http://data.ordnancesurvey.co.uk/ontology/admingeo/County,South West,http://data.ordnancesurvey.co.uk/id/7000000000041427,England,http://data.ordnancesurvey.co.uk/id/country/england,,,
2fe79afc-96d0-4fb2-b246-af07152802fb,http://data.ordnancesurvey.co.uk/id/2fe79afc-96d0-4fb2-b246-af07152802fb,South Street,,,,transportNetwork,Section Of Named Road,395595.000,79342.000,3000,25000,395582.440,79062.581,395624.099,79600.969,BH20,http://data.ordnancesurvey.co.uk/id/postcodedistrict/BH20,Kingston,http://data.ordnancesurvey.co.uk/id/4000000074553047,http://www.ordnancesurvey.co.uk/xml/codelists/localtype.xml#village,Purbeck,http://data.ordnancesurvey.co.uk/id/7000000000014363,http://data.ordnancesurvey.co.uk/ontology/admingeo/District,Dorset,http://data.ordnancesurvey.co.uk/id/7000000000014362,http://data.ordnancesurvey.co.uk/ontology/admingeo/County,South West,http://data.ordnancesurvey.co.uk/id/7000000000041427,England,http://data.ordnancesurvey.co.uk/id/country/england,osgb4000000025949346,,
osgb4000000025951316,http://data.ordnancesurvey.co.uk/id/osgb4000000025951316,East Drove,,,,transportNetwork,Named Road,399862.087,78822.957,1000,20000,399766.000,78821.000,399953.337,78839.207,BH19,http://data.ordnancesurvey.co.uk/id/postcodedistrict/BH19,Langton Matravers,http://data.ordnancesurvey.co.uk/id/4000000074553044,http://www.ordnancesurvey.co.uk/xml/codelists/localtype.xml#village,Purbeck,http://data.ordnancesurvey.co.uk/id/7000000000014363,http://data.ordnancesurvey.co.uk/ontology/admingeo/District,Dorset,http://data.ordnancesurvey.co.uk/id/7000000000014362,http://data.ordnancesurvey.co.uk/ontology/admingeo/County,South West,http://data.ordnancesurvey.co.uk/id/7000000000041427,England,http://data.ordnancesurvey.co.uk/id/country/england,,,
osgb5000005104248055,http://data.ordnancesurvey.co.uk/id/osgb5000005104248055,Roman Barn,,,,transportNetwork,Named Road,397476.478,77804.739,1000,20000,397419.486,77798.159,397528.556,77820.000,BH19,http://data.ordnancesurvey.co.uk/id/postcodedistrict/BH19,,,,Purbeck,http://data.ordnancesurvey.co.uk/id/7000000000014363,http://data.ordnancesurvey.co.uk/ontology/admingeo/District,Dorset,http://data.ordnancesurvey.co.uk/id/7000000000014362,http://data.ordnancesurvey.co.uk/ontology/admingeo/County,South West,http://data.ordnancesurvey.co.uk/id/7000000000041427,England,http://data.ordnancesurvey.co.uk/id/country/england,,,
a03fcd34-fd7d-4a9f-a4ff-72280e084f84,http://data.ordnancesurvey.co.uk/id/a03fcd34-fd7d-4a9f-a4ff-72280e084f84,High Street,,,,transportNetwork,Section Of Named Road,399662.087,78800.707,5000,25000,399268.877,78757.436,400040.375,78904.258,BH19,http://data.ordnancesurvey.co.uk/id/postcodedistrict/BH19,Langton Matravers,http://data.ordnancesurvey.co.uk/id/4000000074553044,http://www.ordnancesurvey.co.uk/xml/codelists/localtype.xml#village,Purbeck,http://data.ordnancesurvey.co.uk/id/7000000000014363,http://data.ordnancesurvey.co.uk/ontology/admingeo/District,Dorset,http://data.ordnancesurvey.co.uk/id/7000000000014362,http://data.ordnancesurvey.co.uk/ontology/admingeo/County,South West,http://data.ordnancesurvey.co.uk/id/7000000000041427,England,http://data.ordnancesurvey.co.uk/id/country/england,osgb4000000026192323,,
osgb4000000026200648,http://data.ordnancesurvey.co.uk/id/osgb4000000026200648,B3069,,,,transportNetwork,Numbered Road,398083.402,78920.030,33000,250000,395719.000,78671.000,400753.375,81097.023,BH19,http://data.ordnancesurvey.co.uk/id/postcodedistrict/BH19,,,,Purbeck,http://data.ordnancesurvey.co.uk/id/7000000000014363,http://data.ordnancesurvey.co.uk/ontology/admingeo/District,Dorset,http://data.ordnancesurvey.co.uk/id/7000000000014362,http://data.ordnancesurvey.co.uk/ontology/admingeo/County,South West,http://data.ordnancesurvey.co.uk/id/7000000000041427,England,http://data.ordnancesurvey.co.uk/id/country/england,,,
4e5466db-48ea-47f0-9ee7-a3879d11caec,http://data.ordnancesurvey.co.uk/id/4e5466db-48ea-47f0-9ee7-a3879d11caec,Kingston Hill,,,,transportNetwork,Section Of Named Road,395741.000,79710.000,1000,25000,395719.000,79624.184,395778.478,79758.394,BH20,http://data.ordnancesurvey.co.uk/id/postcodedistrict/BH20,Kingston,http://data.ordnancesurvey.co.uk/id/4000000074553047,http://www.ordnancesurvey.co.uk/xml/codelists/localtype.xml#village,Purbeck,http://data.ordnancesurvey.co.uk/id/7000000000014363,http://data.ordnancesurvey.co.uk/ontology/admingeo/District,Dorset,http://data.ordnancesurvey.co.uk/id/7000000000014362,http://data.ordnancesurvey.co.uk/ontology/admingeo/County,South West,http://data.ordnancesurvey.co.uk/id/7000000000041427,England,http://data.ordnancesurvey.co.uk/id/country/england,osgb4000000025949678,,
osgb4000000025950300,http://data.ordnancesurvey.co.uk/id/osgb4000000025950300,Renscombe Road,,,,transportNetwork,Named Road,396684.370,77454.943,2000,20000,396480.337,77333.000,396828.000,77561.957,BH19,http://data.ordnancesurvey.co.uk/id/postcodedistrict/BH19,Worth Matravers,http://data.ordnancesurvey.co.uk/id/4000000074553042,http://www.ordnancesurvey.co.uk/xml/codelists/localtype.xml#village,Purbeck,http://data.ordnancesurvey.co.uk/id/7000000000014363,http://data.ordnancesurvey.co.uk/ontology/admingeo/District,Dorset,http://data.ordnancesurvey.co.uk/id/7000000000014362,http://data.ordnancesurvey.co.uk/ontology/admingeo/County,South West,http://data.ordnancesurvey.co.uk/id/7000000000041427,England,http://data.ordnancesurvey.co.uk/id/country/england,,,
c8fb086f-402e-4d10-aaba-a7d3fdd60ac7,http://data.ordnancesurvey.co.uk/id/c8fb086f-402e-4d10-aaba-a7d3fdd60ac7,Winspit Road,,,,transportNetwork,Section Of Named Road,397277.509,77184.952,3000,25000,397196.126,76960.639,397368.850,77356.363,BH19,http://data.ordnancesurvey.co.uk/id/postcodedistrict/BH19,Worth Matravers,http://data.ordnancesurvey.co.uk/id/4000000074553042,http://www.ordnancesurvey.co.uk/xml/codelists/localtype.xml#village,Purbeck,http://data.ordnancesurvey.co.uk/id/7000000000014363,http://data.ordnancesurvey.co.uk/ontology/admingeo/District,Dorset,http://data.ordnancesurvey.co.uk/id/7000000000014362,http://data.ordnancesurvey.co.uk/ontology/admingeo/County,South West,http://data.ordnancesurvey.co.uk/id/7000000000041427,England,http://data.ordnancesurvey.co.uk/id/country/england,osgb4000000025950299,,
959d304c-d1ed-4c20-a443-2b7bb05a1a2a,http://data.ordnancesurvey.co.uk/id/959d304c-d1ed-4c20-a443-2b7bb05a1a2a,West Street,,,,transportNetwork,Section Of Named Road,395657.190,79614.643,3000,25000,395443.131,79521.322,395913.661,79624.184,BH20,http://data.ordnancesurvey.co.uk/id/postcodedistrict/BH20,Kingston,http://data.ordnancesurvey.co.uk/id/4000000074553047,http://www.ordnancesurvey.co.uk/xml/codelists/localtype.xml#village,Purbeck,http://data.ordnancesurvey.co.uk/id/7000000000014363,http://data.ordnancesurvey.co.uk/ontology/admingeo/District,Dorset,http://data.ordnancesurvey.co.uk/id/7000000000014362,http://data.ordnancesurvey.co.uk/ontology/admingeo/County,South West,http://data.ordnancesurvey.co.uk/id/7000000000041427,England,http://data.ordnancesurvey.co.uk/id/country/england,osgb4000000025949347,,
BH193HD,http://data.ordnancesurvey.co.uk/id/postcodeunit/BH193HD,BH19 3HD,,,,other,Postcode,399426.000,78783.200,3500,18000,,,,,,,Langton Matravers,http://data.ordnancesurvey.co.uk/id/4000000074553044,http://www.ordnancesurvey.co.uk/xml/codelists/localtype.xml#village,Purbeck,http://data.ordnancesurvey.co.uk/id/7000000000014363,http://data.ordnancesurvey.co.uk/ontology/admingeo/District,Dorset,http://data.ordnancesurvey.co.uk/id/7000000000014362,http://data.ordnancesurvey.co.uk/ontology/admingeo/County,South West,http://data.ordnancesurvey.co.uk/id/7000000000041427,England,http://data.ordnancesurvey.co.uk/id/country/england,,,
BH205RH,http://data.ordnancesurvey.co.uk/id/postcodeunit/BH205RH,BH20 5RH,,,,other,Postcode,382290.300,79986.100,3500,18000,,,,,,,Lulworth Cove,http://data.ordnancesurvey.co.uk/id/4000000074314092,http://www.ordnancesurvey.co.uk/xml/codelists/localtype.xml#village,Purbeck,http://data.ordnancesurvey.co.uk/id/7000000000014363,http://data.ordnancesurvey.co.uk/ontology/admingeo/District,Dorset,http://data.ordnancesurvey.co.uk/id/7000000000014362,http://data.ordnancesurvey.co.uk/ontology/admingeo/County,South West,http://data.ordnancesurvey.co.uk/id/7000000000041427,England,http://data.ordnancesurvey.co.uk/id/country/england,,,
BH193JY,http://data.ordnancesurvey.co.uk/id/postcodeunit/BH193JY,BH19 3JY,,,,other,Postcode,399007.600,78391.400,3500,18000,,,,,,,Acton,http://data.ordnancesurvey.co.uk/id/4000000074553043,http://www.ordnancesurvey.co.uk/xml/codelists/localtype.xml#village,Purbeck,http://data.ordnancesurvey.co.uk/id/7000000000014363,http://data.ordnancesurvey.co.uk/ontology/admingeo/District,Dorset,http://data.ordnancesurvey.co.uk/id/7000000000014362,http://data.ordnancesurvey.co.uk/ontology/admingeo/County,South West,http://data.ordnancesurvey.co.uk/id/7000000000041427,England,http://data.ordnancesurvey.co.uk/id/country/england,,,
osgb4000000025951310,http://data.ordnancesurvey.co.uk/id/osgb4000000025951310,The Lane,,,,transportNetwork,Named Road,395599.920,79664.553,1000,20000,395549.599,79620.393,395673.520,79677.835,BH20,http://data.ordnancesurvey.co.uk/id/postcodedistrict/BH20,Kingston,http://data.ordnancesurvey.co.uk/id/4000000074553047,http://www.ordnancesurvey.co.uk/xml/codelists/localtype.xml#village,Purbeck,http://data.ordnancesurvey.co.uk/id/7000000000014363,http://data.ordnancesurvey.co.uk/ontology/admingeo/District,Dorset,http://data.ordnancesurvey.co.uk/id/7000000000014362,http://data.ordnancesurvey.co.uk/ontology/admingeo/County,South West,http://data.ordnancesurvey.co.uk/id/7000000000041427,England,http://data.ordnancesurvey.co.uk/id/country/england,,,
osgb4000000025965653,http://data.ordnancesurvey.co.uk/id/osgb4000000025965653,Mount Pleasant Lane,,,,transportNetwork,Named Road,399720.337,78972.707,2000,20000,399701.218,78836.383,399741.063,79104.292,BH19,http://data.ordnancesurvey.co.uk/id/postcodedistrict/BH19,Langton Matravers,http://data.ordnancesurvey.co.uk/id/4000000074553044,http://www.ordnancesurvey.co.uk/xml/codelists/localtype.xml#village,Purbeck,http://data.ordnancesurvey.co.uk/id/7000000000014363,http://data.ordnancesurvey.co.uk/ontology/admingeo/District,Dorset,http://data.ordnancesurvey.co.uk/id/7000000000014362,http://data.ordnancesurvey.co.uk/ontology/admingeo/County,South West,http://data.ordnancesurvey.co.uk/id/7000000000041427,England,http://data.ordnancesurvey.co.uk/id/country/england,,,
